sid,gpd_lp,gpd_cr,plain_lp,plain_cr,npn_lp,npn_cr,npn_gpd_lp,npn_gpd_cr,ctrl_lp,ctrl_cr,skew,kurt,rfrac
BAMLC7A0C1015Y,3.9172186598158505,0.007967619266667508,3.9249191329592894,0.007976438805972817,2.7091350221394683,0.008195866920560407,2.702212822970906,0.008188250458353304,2.8159784084625663,0.00806157645020352,0.3029021582133683,2.3683067159661446,0.12374581939799331
BAMLEMCBPIEY,4.314077838200144,0.0029361757397149807,4.303685485530151,0.0029373067712202576,3.883027281741868,0.0029163194351681226,3.879578581611134,0.0029145826765181637,3.8015071195506693,0.002933085083076063,0.2022090201858754,6.534827881783093,0.06354515050167224
BAMLEM2RBBBLCRPIUSEY,4.340734155218373,0.0029244004973505737,4.330409387950232,0.002925015553499385,3.942770450436315,0.0029089492126237685,3.939194056523054,0.002907063925805593,3.809378346112907,0.002930436082140067,0.17823008378620134,5.548056351142657,0.046822742474916385
BAMLC0A0CMEY,3.565517456812355,0.004537083491324462,3.568400157094539,0.004536360248315746,3.61741405168072,0.0045628590391463995,3.5996964798608353,0.0045619190499569815,3.385178109752144,0.004540230406942515,-0.028515002362256313,1.3266822056406822,0.010033444816053512
A068RC1,3.8193565299672496,0.0035617308931440673,3.7732018635203395,0.0035646444843361142,3.8498967367535593,0.0031882449519075548,3.8792816814702493,0.0031902512321428747,3.810427708789289,0.0032908481197672186,-4.188112357548326,85.7083406183312,0.0
ADPWCDWSCNERNSA,5.281896410445272,0.0006967850974939996,5.266214424664603,0.0006951518067816636,5.285057009379321,0.0006360198509032294,5.2837683606389705,0.0006355193578229186,5.27855005998611,0.0006771806657146427,-3.5222279034355624,30.633994116389417,0.0
ADPWINDPROBUSNERNSA,5.113646307027142,0.0008194543372114918,5.060654907670733,0.0008178189324383121,5.05960180567643,0.0008157686326236298,5.06101308431904,0.0008135988966497851,5.044619083988143,0.0008306624240267886,-2.2961371050037,10.653172284546427,0.0
BAMLEMPBPUBSICRPITRIV,5.0542231201411285,0.0008639390800851942,5.037385769002395,0.0008636263544050857,4.980134172079507,0.0008469859118648029,4.987847437208615,0.0008470032367677311,5.044816282577243,0.00085222617856516,0.15810942509071046,4.260926067784164,0.0
BAMLEMHGHGLCRPIUSEY,4.241528971937413,0.003196700369448749,4.237160632929606,0.0031948085992299126,3.877249276911754,0.0031781925630678535,3.87180445468595,0.0031772712980411137,3.727443884395359,0.0031855106168389084,-0.025589850484309715,3.8948374999203184,0.020066889632107024
BAMLH0A0HYM2SYTW,3.394705822837609,0.005096802808849046,3.398609395803389,0.005097751523660765,3.106698101503835,0.005357677538453898,3.1013707622772158,0.005350294213331094,3.273847891830992,0.005128035779341468,0.10986204426680042,3.527027945524847,0.013377926421404682
BUSAPPWNSASD,0.27675141351984556,0.125585647952789,0.21513600594816842,0.12549255017313948,0.14538219847896697,0.11531426834543194,0.159179122371505,0.11530255226696398,0.01306800705333823,0.12806998832793248,1.215370970829132,16.80717450988738,0.020066889632107024
BUSAPPWNSAFL,0.07349697642694059,0.1358542168380199,0.06530802718206496,0.13508200545921972,0.15813416271337383,0.11903042909212755,0.16937444236762486,0.11947515012590368,0.07216803752377067,0.1328433711629094,1.475363469925707,25.884597299534217,0.0
CAPUTLG21S,2.730860016018257,0.009191495677867631,2.6974066589968944,0.009171005631287619,2.7310012822573544,0.008730452518849177,2.728971836963264,0.008724968675627737,2.6935801208813204,0.00926832108047787,-1.4403221941997628,16.569872750785333,0.0
COMPU5MUSA,0.3927521626861654,0.09022026575072659,0.3870872066318208,0.0901072253614588,0.24341938418960804,0.0909260202373035,0.24840360197883227,0.09085832603232112,0.3948229077438257,0.08964658249593031,-0.19976001522653944,1.5835366485824807,0.0
CBUSAPPWNSAMW,0.31024037894645423,0.10793370415531114,0.28557519771724305,0.10759862610195081,0.3632751400100675,0.11359342379931792,0.362580992083516,0.11380006417814623,0.2914242226969875,0.10469454951153775,1.1289740120007228,28.314419387934045,0.0
CPILFESL,5.444008991189082,0.0006033191433805663,5.408190737718005,0.000602864389555671,4.499550595864058,0.0008938583463887555,4.522458793544686,0.00091880831569305,4.773088042792508,0.000886952996860334,1.3129287876434528,3.0987280418589753,0.0033444816053511705
BC0SCBW027NBOG,4.592730628901734,0.0014433253795590585,4.538342968960943,0.0014399178586515509,4.535585315777969,0.0014097615006955885,4.548260045552256,0.0014077760139705635,4.532734874748599,0.001426038468616914,-0.7172272346292915,39.72649482434734,0.0
CUSR0000SAF11,4.148958396477511,0.0021537266974048755,4.144710083672552,0.0021491220790053915,3.85830616056158,0.0021506561493967024,3.8658853632272967,0.0021508648872820605,4.135799755593237,0.0021698931620256143,2.3575861969920284,19.90436057597843,0.0
AOLACBW027NBOG,3.0573663375843902,0.006668167007901129,3.0449727516196603,0.006661484260051489,3.0112493624870544,0.006559795309779306,3.0157831517954006,0.006569038704490545,3.0468257549852775,0.006598045264547972,1.6935443668502865,50.91684205048342,0.0
D10WACL,4.023487392800168,0.006848259695178159,4.015951589995068,0.006852593842010515,2.9987049118568496,0.006849246622266063,3.0011055661597186,0.006840869261699186,2.9770497953619754,0.006884236744786702,0.8257875897031988,4.65280079003955,0.11036789297658862
CASLCBW027NBOG,1.4602620706347091,0.03261124113122314,1.4475830584570915,0.032506859941137806,1.3990495910279186,0.032489246731812284,1.407168106867932,0.032581292252408654,1.447295146246964,0.032554569066668704,0.05997955598922185,1.2709959734264267,0.0
D4WSHOMCB,-6.645035824885469,274.8805703800992,-6.767537507182874,273.4137446246022,-7.100328044032563,841.672113184277,-7.147699995613666,886.4728290952212,-7.842838130249123,347.7308006767436,3.0737833931322274,91.46761384377854,0.0903010033444816
D1WAISAL,-10.480497006796007,5081.607578210426,-10.500687740937636,5075.00009641806,-10.75892471924356,6534.9730445297055,-10.756844490642218,6514.30930438029,-10.543767699745977,5232.195704337167,-0.9172151854636106,12.453711128406598,0.0
D7WAOAL,0.6931849070638298,0.0748755089125055,0.6549459388976229,0.072952851455425,1.0776118610156475,0.06473528491800623,1.0510466446883782,0.06486370022352138,0.6679407525623533,0.07279106705629375,-2.78328145884366,7.060075114758094,0.0
D2WLDEP,1.806851554100309,0.02851011928963146,1.775344419189585,0.028486414477130555,1.7877198442961726,0.02576199111669844,1.790915723584399,0.025706532967949242,1.804738495501365,0.02771626801263673,0.13906586947195895,8.880029208100071,0.0
D9WAISAL,-8.525046346518875,733.8458335218862,-8.531361929833803,731.4204371049035,-8.597734396458502,738.546218717779,-8.594727211381372,735.4391400768276,-8.595362054041528,800.9172686387358,1.6938635599827374,48.22744735259995,0.0
CILFRIW027NBOG,3.21716346473492,0.005900495223631666,3.2038906839941523,0.005888416438474586,3.0588053243889277,0.006145697429515646,3.0547288893831945,0.006172022548249456,3.096572133407405,0.0059884953256341055,1.5855595055691916,19.66842216283714,0.0
DTBSPCKFONWW,11.727140322492136,8.204084933687776,3.1133911215989496,8.489329756289198,5.792584183897389,12.025197188510539,6.767491863677884,11.467483660079424,-2.4036852544016316,13.248140879204627,-27.79172510463674,971.120167755569,1.0
DTP5A25,1.0078791437518513,0.05280968533998733,0.9698526125283278,0.05279737492968857,0.976883550600797,0.051278594095719436,0.9764933934641613,0.05117301716264777,0.9784733890235469,0.05470948411520808,1.5484413847191678,67.08358041757906,0.0
DTP10J24,1.507171795698642,0.04680166453691037,1.4830853505765726,0.04693184223099471,1.4734195103260501,0.0445481678827876,1.4740894254044323,0.04461066910857871,1.5218038616963196,0.0379070359277179,5.311452788149311,799.5585941833923,0.0
DPSSCBW027NBOG,3.42236738630149,0.004685238611866962,3.403768494606438,0.004700581644300434,3.359535189960908,0.004778222785026986,3.3638978979692853,0.004780932494901154,3.411152670555952,0.00466584362705822,0.3818571523387481,9.826138511725178,0.0
EXCSRESNW,2.5325725861501085,0.07054288070503,2.5092035680772016,0.07031097839152654,2.2098306863890897,0.07140006528957343,2.2083106559370678,0.07212602514786744,0.9452273354913416,0.07962307089175637,1.6391811939882228,45.36382206199591,0.0
FFINCP,2.062543355964067,0.01732674384380845,2.0226613319154167,0.01731662963321626,1.9459291478104814,0.017341929878883094,1.957889572113968,0.017333252060508005,2.0269411418392895,0.01730111810682684,-0.3009613483853329,4.541166885610727,0.0
H41RESPPAAC2MBD16T90NWW,-0.2148741357128883,38.99686819967689,-1.3904237112073934,39.69910714223509,-4.704899885463356,36.506685635765066,-4.792396700347673,28.029569900685207,-5.134952285002446,45.48519625169145,15.152902054104787,567.9803601900397,0.9665551839464883
DFEDTARL,16.089514686675543,0.002918868464980042,10.023944685544663,0.0029488874289750164,5.0597757885311685,0.004832907981312947,9.961358314829065,0.0031695511126292666,5.0981950718471705,0.004144234540869082,4.639289466402278,524.8810951184407,0.9866220735785953
H41RESPPALGASMRNWW,-10.84166670094604,11942.729056161994,-9.500403568541321,10433.305919893044,-16.787140788510676,218131.0112390561,-14.989409136401026,101553.10453172597,-11.717724778855303,14623.385097400173,30.60867530792484,1017.5784551147286,0.11371237458193979
HMRESPPMLLDXNWW,4.150321027946096,0.5044829117336606,4.167823498807557,0.5035234709520086,1.8592124921251474,0.5197101989539871,1.8663193728857201,0.538359972284176,-0.9156685770380825,0.8437009560872089,-0.07905980420477254,122.89776372602002,0.9899665551839465
GASDESWCW,2.9919329605222367,0.007423874583916126,2.9576983621203956,0.007415609315767753,2.9288448278284687,0.007200793781060414,2.9426190924530857,0.007198848140828909,2.9634592773476145,0.007300918482673337,1.6800519604853152,15.019631397597916,0.0
HTRUCKSNSA,1.0676410694157528,0.04624284468649429,1.0687151209053156,0.04622243708793205,0.945703628174353,0.0466460508476352,0.9382982094560308,0.04666055219047926,1.0666924793684218,0.04640595455481394,-0.18890877400135855,0.23738051228389612,0.0
DCPN2M,2.0740593750195337,0.059198749685426426,2.0298164559648906,0.05904365990762663,1.5182266527649282,0.06058370556734978,1.5270712676681502,0.06041281616743785,1.34926844481018,0.059664328790254025,-0.5248957908887123,16.157868451968582,0.023411371237458192
BRARECD,23.970623678378598,0.0014405555179577388,12.815970936545778,0.0014780360180024674,7.973631957643813,0.0032486273342870724,16.60290391135977,0.0024467280821496747,7.973631957643813,0.0032486273342870724,0.0,688.2142857142858,1.0
IHLCHG34980,1.387921810417222,0.11894015313524947,1.3607695448007004,0.11909886680636064,0.27048001820267586,0.11968629650792775,0.27974170575732904,0.11958650532534738,0.23420301861295298,0.11022265393337714,-1.6082255163263164,8.701908490661946,0.11371237458193979
IHLCHG19100,1.5777676702043946,0.10125360458976877,1.539374448313961,0.10139070810649965,0.37194236061003805,0.09896038627511913,0.38330552738523693,0.09902590062147872,0.37752436739858597,0.09294349240341984,-1.6713152992231006,5.84671110511645,0.12374581939799331
DTP20J28,1.6701607363021629,0.026653592238364054,1.664173598100176,0.026633448781734067,1.681539701845961,0.02664962749603207,1.6811365087617804,0.026628973458858767,1.6692879132451408,0.026752984716470155,0.07573190507921573,5.138544043333077,0.0033444816053511705
IHLCHG45300,1.6905399169523145,0.10989916180406266,1.6643104366780197,0.10976984572894306,0.26014234799154257,0.1081883013396997,0.2711699803722344,0.10834410179527788,0.24458491548969563,0.10487425906947713,-1.112179635631251,3.163888254541182,0.1505016722408027
H1RIFSPABM03NWF,1.1150962795935697,38.72493915915448,1.0248171645195394,37.51980516285097,-0.9000236198850581,27.29495165772814,-0.8746815428693628,27.227255727253816,-2.9690445791478437,508.4295560911845,-0.009274950271315462,431.66467203765853,0.07692307692307693
IHLCHGAUTPITOPHE,-0.5524007268422588,0.2633821873939383,-0.550709929789585,0.2633478527775382,-0.6538124982421195,0.26493173361905903,-0.6593547379782424,0.26505774072976135,-0.6309245848157393,0.2617453015111592,-0.09007878298083456,0.6665686344383164,0.05016722408026756
H8B3095NLGA,-10.716145838708162,6377.450574953699,-10.715233868817167,6369.009213189016,-10.754662818814369,6267.89187743722,-10.757541107065858,6263.7868215125,-10.709365562190532,6340.559274358325,0.15753879120489453,3.72006754307354,0.0
IHLCHGCATPCONS,0.07513960186628582,0.1737012239726177,0.0672666552995595,0.17386481515816532,-20.0,12.38998875186304,-20.0,12.38998875186304,-20.0,3.6138848486896324,-2.825343707463898,17.18410624232999,0.11036789297658862
IHLCHGDETPARCH,1.545471845478067,0.10962524678123353,1.540131030368585,0.10952637589109503,0.3201388472537338,0.105868075393184,0.31733076918568115,0.10586777332237257,0.26074226659524435,0.10394508502963204,-0.483527335895798,1.5150871683302078,0.10702341137123746
IHLCHGDETPPRMA,-0.47460323818192224,0.3017782062696746,-0.5080548697507222,0.3016929292345257,-0.6882284540573397,0.2987972269710106,-0.6906089888695915,0.29924131448633456,-0.7643510764308529,0.3012088716894209,0.8257608456741858,7.610414729514423,0.043478260869565216
IHLCHGFRTPPECAHOHE,-1.045805626636889,0.38942257899568256,-1.0597173802181161,0.38908658084089415,-1.1655877149649774,0.41398086837718345,-1.1588825715786248,0.4145799389495601,-1.080093044479839,0.3884174973440604,0.04734115209843312,2.00590627487189,0.020066889632107024
IHLCHGGBTPNURS,-0.2919779364051982,0.22740368116491683,-0.29208402267731265,0.2272165189238905,-0.4833305219590222,0.22322192212356615,-0.49039965769317084,0.22362847330919594,-0.4997081440257824,0.22195327925076316,-0.6036533370531794,7.4008327432909145,0.03678929765886288
IHLCHGUSDC,2.1456261467650792,0.10104964209704165,2.1121089200249727,0.10091920548229408,0.4369165945163366,0.09293231784995679,0.44555221023219,0.0931769507159001,0.393245447094776,0.09128676731718377,-0.8775926245878433,3.843104085597636,0.13712374581939799
IHLCHGUSSC,1.5636083769903266,0.1110421311149178,1.5337814527079303,0.11106427035033532,-20.0,1.5642790646129061,-18.309883808484905,0.6312113858176128,-20.0,1.4987409850428752,-0.9360105392648602,2.0649029933478014,0.20066889632107024
IHLCHGUSTPPHSU,1.598876744507953,0.10786780007845899,1.5821869207743966,0.10786369706551803,0.34893496840726584,0.09927834584498034,0.349317984943243,0.09931932430197762,0.3272942752828008,0.09788435964048388,-0.556884639032736,1.107846895925384,0.13043478260869565
ICSA,1.6803246536085354,0.028405322273712952,1.649291644678839,0.028316628631144466,1.6728364408217844,0.024881088462602115,1.6747705716370245,0.02487232015385414,1.6354079522795513,0.02646832862750297,14.557041271224925,496.90616240712427,0.010033444816053512
IHLIDX16860,5.192823523072996,0.0007752237555388182,5.177802544041591,0.000774495056147891,5.121087766276176,0.0007595010537154779,5.127790770963775,0.0007603464034931737,5.197778938489018,0.0007573035045911904,-1.6238815171926124,14.292923613447645,0.0
IHLIDX31140,5.288779036946631,0.000697015319902412,5.258995191479004,0.000696392136819441,5.172026801403323,0.0007054097101691731,5.1807580065350445,0.0007065663165416564,5.264106976949459,0.0006910189490211257,-1.48143679786027,8.891522952874045,0.0033444816053511705
IHLIDX41740,5.540751928307164,0.0005475450315990661,5.5351279202247605,0.0005469755012870815,5.410564526877287,0.000569970816073276,5.405156185124573,0.0005734849245736278,5.538409005255116,0.0005497456900308633,-2.893993223191649,19.31488971078601,0.0
IHLIDXAUTPELECENGI,4.121970111486063,0.0021955326289886984,4.124380115084846,0.002194726860328321,4.059664562593521,0.0021762843905284964,4.055571043599435,0.00217652675342545,4.145684042090575,0.0021531337427327605,-0.4950455078579951,4.872088705011585,0.0
IHLIDXCATPADMIASSI,5.050727543649549,0.0008661654056353556,5.047452360932283,0.0008656140587310608,4.953666838243345,0.0009119462585000949,4.953034980767166,0.0009133465923460159,5.065419516056361,0.0008625914345264441,-3.1803644335832226,23.502858363776742,0.0033444816053511705
IHLIDXCATPPHSU,4.898603071069417,0.0010354707208386719,4.869677815988209,0.0010345241323040182,4.8512660007682555,0.001019635948904657,4.86373557102823,0.0010206697771082197,4.890404659919294,0.0010179973128142472,-0.273393724536001,4.435256625452688,0.0
IHLIDXDETPHUMARESO,5.254123482174763,0.0007222811494503232,5.23956880271998,0.0007218692470119236,5.163006183887129,0.0007354596765969358,5.174764765143576,0.0007359159927331336,5.2372171375938885,0.000726629201085517,-1.091844227717284,6.711476334464775,0.0
IHLIDXFRTPCUSTSERV,4.967532745943432,0.0009871679432173434,4.948898782119347,0.0009862761019136137,4.892295636780854,0.0010001044554813088,4.905996317828709,0.0010015483918058093,4.9521435152395314,0.000989412868200976,-0.7177891063909365,6.709186596977409,0.0
IHLIDXGB,5.351937009712076,0.0006537468143432643,5.340702959687974,0.0006531705707908201,5.216656708726605,0.0006923137369551748,5.22606409322041,0.0006959179857234158,5.348521452257875,0.0006617646786171079,-3.9686866532628464,31.11698955167722,0.0
IHLIDXNSAFR,5.365218748176509,0.0006428451724052447,5.336591275718629,0.0006424013893464957,5.146152464060709,0.0006808193559089192,5.177858308991147,0.0006848638028837491,5.340963589687748,0.000643620064615339,-0.7418738226495444,4.051452354290059,0.0
IHLIDXGBTPPHSU,4.246103202777825,0.0020368504489776743,4.2016514702243875,0.0020344159257279877,4.161061838578105,0.0020594000015780535,4.174709719773764,0.0020632550539276396,4.2059688812539555,0.002044207182697158,-0.4797431156146312,3.6989157765073744,0.0
LNS11300060,5.660992952509268,0.001233921381816487,5.6653166219473405,0.0012326073660709148,5.026959453068934,0.0012117410833447238,5.037710940504782,0.0012122281623799208,4.719506217119868,0.001213625275667612,-1.4150776988942315,18.286463226871216,0.06020066889632107
LNU01300060,5.037081669668318,0.0015095887614042887,5.047896372128512,0.001506335193785819,4.798279014014777,0.0014513469392021055,4.810086678478228,0.0014523691513498701,4.537294971346232,0.001458791062449519,0.0007771125016178323,4.102619826479594,0.03678929765886288
IHLIDXUSMT,4.990110072219191,0.0009342767140829618,4.971788001013492,0.0009335811298792128,4.875929391961454,0.0009557112701389363,4.874207417884478,0.000958371722089699,4.977016614953276,0.0009310075575762256,-1.7293588801640194,12.621845342619022,0.0
IHLIDXUSTPELECENGI,5.19421826106183,0.0007583260250282941,5.173474094796332,0.0007576650839182621,5.105930917971559,0.000763111066235396,5.114274800599653,0.0007647533502307121,5.17483787917391,0.0007580093156680458,-1.2827865560075788,7.481620456603393,0.0
IHLIDXUSTPSEPUSA,5.144674815447034,0.0008753024462878179,5.1225445938168575,0.0008732467595889516,4.948618111339893,0.0009323619802646765,5.0119659257510385,0.0009475187853007459,5.132856071770717,0.000860520757029734,-0.4412242674921537,6.386134599644661,0.0
M2NS,3.9964436264156546,0.002585323851651289,3.9581953738277282,0.002581834411753049,3.801819481324415,0.0028553012144522626,3.8733470518102537,0.0028866391702559403,3.9571557960724553,0.002606931370296405,0.9321291234436382,8.472426524035972,0.0
MORTMRGN5US,9.264521316454198,0.0008526854314264248,9.145396686759522,0.0008518594684619506,5.085896873060428,0.0013270496033815939,5.253026897079781,0.0013637294588189858,5.233596023514016,0.0008952448896262021,-0.03613134845460501,4.6609011250548775,0.7391304347826086
LTGS,2.7517237545489204,0.00875549344151173,2.750303098307724,0.008748012031430828,2.614142831949611,0.008805323557419127,2.6225625080923822,0.008778392703343438,2.7381061732103236,0.008862475037519307,-0.30878849938259945,2.371580611650046,0.0
MVATOTASSS,0.98735613044031,0.11771186403012909,0.889306571312027,0.11638124491171763,1.1924642175572646,0.06201623997944752,1.1957622150840854,0.06194510573276558,0.7159777969167173,0.11761098906194153,-5.960866707209797,268.00820788363654,0.0
LLBDCBW027SBOG,4.823983686955598,0.001151575281797584,4.807091378330003,0.0011494600359822152,4.804225209658029,0.0011289539657573136,4.817525187998147,0.0011292972478253727,4.80846889022643,0.0011209736266043825,6.5234479591214125,147.6571276788756,0.0
ITARECD,28.461177720891186,0.0009612338111958464,14.770506456394406,0.0009879666194361097,11.920675786891753,0.0024868670001336112,15.862647998399972,0.0018117994471049121,11.920675786891753,0.0024868670001336112,0.0,1072.1666666666667,1.0
LQTYSD678FRBCLE,6.398063631514609,0.007107860663773406,6.35620261276699,0.0071423002180027095,3.498683389018496,0.0076784252694052655,3.495694704242804,0.007717343820679506,3.362381423158906,0.0067764296016965585,0.07001265084819468,74.15320487404645,0.431438127090301
NASDAQCX45GI,2.924438291212691,0.0076381558515553425,2.9177770747868306,0.0076309655895537435,2.9031505080648285,0.00727918029865343,2.9005018221522505,0.007270701775686745,2.850316758014505,0.007934233489922315,26.83647411979404,1056.3844757998581,0.0
NASDAQDVGCADNY4N,3.3958750303515544,0.004853985216109231,3.3820629764149723,0.004846996251599874,3.334666775104325,0.004869238662637018,3.335011652993499,0.004861722430177052,3.378156006133442,0.004895826663922689,-0.22391531295061223,18.200260033230546,0.0
NASDAQFN40GI,2.744037468785453,0.008956879199053948,2.7364740127103557,0.008950136007682007,2.685008921007267,0.008928157772649282,2.678666470445466,0.008928726738646215,2.7349683606312074,0.00897671207596265,-0.2502935614823425,3.0966929789522464,0.0
KCPRU,2.342106682739223,0.014192799486553252,2.319861158191471,0.014164049518867924,2.213617180608359,0.014065799127457881,2.217892680093975,0.014035414804779486,2.3031088319587383,0.01419708906127305,0.7955025908953117,9.059121052017966,0.0033444816053511705
NASDAQDWBM,2.7802534141868565,0.008796828132415484,2.774081885035082,0.008785139755886573,2.721988877009887,0.008810053306128737,2.7235598877257243,0.008807902329055114,2.7718804421921597,0.008816276616294152,-0.46036911934285824,6.01711263384372,0.0
NASDAQNQ10HANDLTLE,3.303313017335637,0.005030530461246015,3.2765835834211874,0.0050256064505397,3.2118710352264466,0.00499455586594052,3.2105547802212,0.004994953523589395,3.274771136844574,0.005045579801500481,-0.19657694114263286,5.28573658974611,0.0
NASDAQB4040GI,3.3878026687601825,0.005974237651795653,3.3745784449490883,0.005963243035809684,3.197869828794211,0.005948802163140054,3.2043486289225775,0.005938355202889191,3.345781699417893,0.0060115959840458515,0.03844828080026452,16.079236045131044,0.0033444816053511705
NASDAQNOMXINOM,4.729947922215457,0.0012308333793016114,4.719394552602966,0.0012294501154932432,4.715360483539255,0.0012198521571886941,4.712890245510114,0.00121969110943494,4.720722247565747,0.0012312471563050646,0.014781534881372774,7.959109892680994,0.0
NASDAQCX15PI,2.752280555618828,0.009720920422494115,2.729735668471719,0.009705729708019977,2.680218141109497,0.009577110170077872,2.6818370578109785,0.009576658796637884,2.671854591216699,0.009662447150693183,-6.6714991383196836,220.57799550317714,0.010033444816053512
MKT1020MKTVOL,-5.855288226836798,49.42173828102073,-5.862819255768875,49.36904371895734,-6.044438237421821,49.4572763671493,-6.04540127711578,49.479805663546244,-5.862740981914901,49.62637099734942,-0.5864606748081005,24.961677283373533,0.006688963210702341
NASDAQHX30GI,2.992496046649338,0.00734180106430219,2.9790022983699047,0.007334198945084324,2.69694574060786,0.007399698149418679,2.699949211833222,0.007396474367619869,2.973732518905697,0.007380431900293784,-0.10536266427622008,8.126764652450712,0.0
NASDAQHX50PI,3.0106734488229145,0.007086184047777146,3.0026413319276166,0.007081392660827155,2.751832355112969,0.007126170107198401,2.756182156024636,0.007116106530217973,2.998472479843396,0.007111686436809793,-0.14599433035346057,3.5067319366828213,0.0
NASDAQIX50PI,3.108862090973656,0.007815503241061866,3.0935481319040954,0.0078055446301813,2.8226620176071044,0.007812881860380507,2.824234872735762,0.0078124240407960125,2.8813775549366127,0.00786071543103012,0.01924614473367706,8.688031795327962,0.0
NASDAQNQASIA60N,3.0576418405003127,0.006802526061938424,3.047806347943489,0.006794373240032735,2.77578158207319,0.006826338695426353,2.779734245439935,0.006819913674644373,3.0442956459683606,0.006833238422715333,-0.7813702633028704,13.858495695975872,0.0
NASDAQNQAT30T,2.66800433758453,0.010370610747931998,2.650002979614457,0.010359751919795155,2.4788886650251225,0.010525971530023341,2.4778065320856046,0.01054726447481103,2.6477288104518006,0.010397746916448245,-0.6710846465196745,13.632986220540769,0.0
NASDAQNQASPA4510LMT,3.376174924991656,0.0047705547375234796,3.367339049671546,0.00476679717188774,3.1087790183119073,0.0047968164389156,3.113416783560614,0.004796233702256631,3.362762579672977,0.00479626995593361,-0.6072791753944333,5.475799710028978,0.0
NASDAQNQAU50LMN,2.9034482281448803,0.008085692112069165,2.8897054226700822,0.008076254969954628,2.7215512695408215,0.00794732098255221,2.724168313678706,0.007934988613640176,2.885231506046614,0.007984204040131256,-1.9205184611156003,440.7892244640156,0.0
NASDAQNQCH40,2.5275768022105076,0.010819871040769551,2.499878695973687,0.010813942252936299,2.4738120060360815,0.010763767309607073,2.4660960957585356,0.010764512179375688,2.5004391017302487,0.010832640012854828,0.43377813614775884,5.2116781325506505,0.0033444816053511705
NASDAQNQBE50N,2.8620314392657797,0.008228565023250436,2.8449037114125155,0.008222911216027971,2.578885470983339,0.008284289968724393,2.5841523445368706,0.008269578564752685,2.8402675100367363,0.008262574551194496,-0.40852031858567056,5.060376979730453,0.0
NASDAQOMXH25ESG,3.2594061874936053,0.0052007675348251705,3.257346009884282,0.005198691959725144,3.16046245737776,0.005247708922784021,3.15725170825245,0.005250103517042113,3.2483113682783284,0.005253210068852808,-0.13412223742278873,1.2541526072430553,0.0
NASDAQOMXC25DVP,6.545369339728733,0.03891759274946129,6.029963869793446,0.03882795532774465,-1.201325515593987,1.122830676908378,-1.008281478097822,1.070773939097841,1.3406365021807927,0.05476007333236175,-10.61658475827345,166.05194684867587,0.8461538461538461
NASDAQNQBR55LMN,2.395144541939991,0.012931215551886201,2.391064462923859,0.012920710362734395,2.1753457245498353,0.012994042374488425,2.177313340899347,0.012985796864052634,2.388443484277018,0.01297379886728378,-0.2441912577396236,6.49617324002627,0.0
NASDAQNQCN20LM,2.454592925688578,0.012081973003079624,2.4465328547165264,0.012074330828456629,2.472034151697352,0.012038347543227171,2.4726187143339424,0.012021250885046839,2.445447663764558,0.012081947100474178,-0.510210465475599,7.170596552068236,0.0
NASDAQNQBRIC65LMN,2.9893504895058243,0.007128900522174234,2.9769427444647363,0.007119038170284401,2.7189837118946136,0.007127154782925201,2.722769620563502,0.007126126492425614,2.972577051020829,0.007162160109435925,-0.7178421289613304,8.866185930988673,0.0
NASDAQNQCA50T,3.0550411961392756,0.006801313336129966,3.0492807264299335,0.006793550280830241,2.8061863571287025,0.006822390174615775,2.804553682433338,0.006818012942766665,3.047041900328442,0.0068191688492036115,-0.637900148155849,8.696181842737506,0.0
NASDAQNQCOMCT,2.783760806003493,0.008894283453458773,2.7658624142086627,0.008883565575231607,2.744009863264648,0.008796500895168745,2.747649947726352,0.008786831492022966,2.7633407570566693,0.008888666241065128,-0.15982690503349797,21.44735228711733,0.0
NASDAQOMRXGOVT,4.834407815424643,0.0011307259771258437,4.826333103738008,0.001129941028484885,4.784358255593232,0.0011314332831086874,4.784600562352155,0.0011308091145086647,4.82147501528145,0.001136556118794639,0.05332014406342695,3.7756530884798325,0.0
NASDAQRCHNTR,2.9538842734251385,0.007512486879467387,2.94458074661267,0.007500775039642613,2.871624921388154,0.007713458233382951,2.8763376179469167,0.007684126839825896,2.9424812589444964,0.0075313908616424915,-0.7839183164635904,12.776607163234312,0.0
ODSACBW027SBOG,4.330840795384189,0.0018083301875360992,4.304609530076379,0.0018048930924801998,4.229360045539434,0.0017990343144152795,4.2397227273760425,0.0017991165351426766,4.328096689158668,0.0017744539605783138,1.553556177935793,9.406044342914285,0.0
NEINSUREDUR,1.5183277099682797,0.03596316795100837,1.5021320370604083,0.0358728530760292,1.367926057940265,0.034902266682416264,1.369054830269343,0.03491418241750706,1.3636405037483141,0.035696674338122535,2.841700330954578,29.82079594831678,0.026755852842809364
REPT,-1.9748271028852264,365.43882029140264,-1.997893303574479,365.4489831983873,-5.315259900900551,507.2807212144923,-5.1889247188429986,507.9781673589758,-6.741680898667316,738.2517899545009,0.25886844866985137,8.70146988574118,0.919732441471572
RESH4SCSXCH1NWW,-8.530676923520707,3191.934777783982,-8.5414136144835,3163.360284283981,-7.910515003327018,3165.7485462384852,-7.913048554015186,3215.2781019125764,-9.3093142896662,3174.151121995474,2.76946819653483,99.85452784060284,0.013377926421404682
RESPPALGAMY01XCH1NWW,-3.086945973301077,357.82973030013557,-3.0781158638034327,356.6003728612596,-4.459362190881709,1979.8786632291824,-3.8903088405881765,1968.5287262554064,-6.989265558070104,894.517107074894,-0.08956692946024568,15.683318942227245,1.0
NASDAQOMXIPI,3.31484564448642,0.004998324841276854,3.294598379294053,0.004993742271856422,3.2761365803122886,0.004974040054824041,3.273994063272438,0.00497117090759755,3.287045549629629,0.005019480193520142,-8.512005801446456,263.52241460170035,0.0
OBFRVOL,1.1915110120077443,0.048446997112794106,1.1689776808068844,0.04800021908121756,1.2216911092376592,0.0471089039544001,1.218314618713845,0.047372072259691686,1.1561399163499644,0.04805895717743158,0.3439479477868999,32.672807454192906,0.0
OSEDCBW027SBOG,3.7121107236458237,0.00350052383431658,3.6952978321232752,0.0034957771857967797,3.687759494861181,0.00342447909143784,3.6905533534010164,0.003423574961773164,3.699837482639456,0.003447657545860239,2.515672081010481,36.071635703608685,0.0
RESPPALGUOBXAWXCH52NWW,-4.184546314041039,1052.8065190357484,-4.261001706383833,1037.9219562393919,-3.4629501305097192,915.7002499299313,-3.288606256258188,1048.3108642030447,-7.965708345086297,1025.545719854786,0.30478114620678265,23.927646904449265,0.451505016722408
RESPPALTXAWNWW,0.886495298620539,1130.2800909460098,0.8964287383610393,1130.2667835765033,2.8964783044452003,6995.8688022061415,3.0643199504764778,6970.288452056712,-4.309061758012765,1404.4587234269186,6.093109986805617,131.0178523675422,1.0
RAGSHURA,-7.164534949038158,1071.0221176612467,-7.176968376892063,1069.5907608085656,-6.81772269195258,1093.5558923154035,-6.809028632156389,1095.2197177040157,-8.33220232248334,1082.627737632821,-0.22523425296723681,14.889511209387997,0.5484949832775919
RALFRIW027NBOG,1.3746967037292028,0.14087969110647308,1.2497540117631176,0.1388809623848951,1.6465676291388696,0.143929627062128,1.677996273047643,0.1488356930292829,1.0291409911234095,0.1384982632981722,-7.399367959597571,217.9462943533389,0.010033444816053512
RESPPLLNXCH1NWW,-9.559653859323246,1905.0863097693539,-9.560084674029032,1903.0751382514745,-9.629869665899143,1883.7191201595053,-9.630856125042751,1883.879748394342,-9.56420671676292,1910.6199818225007,-0.6085907728106249,1.6932871970991163,0.0
RESTBMTXAWXCH52NWW,-3.104360751908345,13.701652041307037,-3.2478838337125726,13.68172980130338,-3.832376097788129,53.59782803106026,-3.657671918361245,54.25666114965241,-3.939637027987474,18.22130489198413,0.01915521175548232,333.64094741058403,0.38461538461538464
SRVPRD,5.146019611989052,0.0011974970007546297,5.109822280789311,0.0011949529626519794,5.11484746700234,0.0010632616849574244,5.14247847408617,0.0010644268008816137,5.034301326278907,0.0013458212228922638,-21.202358223885675,607.3724098957912,0.0
NONFINGT80AAVOL,-2.8578049370210907,4.915209414465581,-2.871907634311528,4.910008181342264,-3.1488413581755887,4.928276759428495,-3.1250586149515995,4.931420664904583,-3.4739147042289207,4.969788595683597,0.23167860688553243,21.60816447190346,0.22073578595317725
TREAS5T10,2.924692970969742,0.008334197734092257,2.9122016536608175,0.008250047623546334,2.923437484134688,0.052688613290990664,2.7549094906155545,0.0531119606511771,1.6426323816793653,0.02027241325868975,0.44887236441517586,19.513634497844212,0.0
RPONTSYD,2.4445292461599566,1.1488983371531523,2.2183718140873525,1.1446285790667048,1.3421517369528375,1.1723125014790188,1.5035965855310836,1.2371116024184527,-0.12317373664519499,1.2624085771385334,2.432269356286161,66.5490891927698,0.13043478260869565
USACSCICP02STSAM,1.563383439061361,0.028402347875673785,1.5561455790765633,0.028382712645943633,1.3391794659248073,0.02894435176454158,1.330548848492496,0.028961485488578863,1.540048123479918,0.02899999119786335,-0.256360897028034,2.621480179712597,0.0
TLALCBW027NBOG,3.516748910732481,0.004102934320736588,3.4943654365573016,0.004098205540520171,3.4532488924477276,0.004076431536501562,3.4650693854637145,0.004080245540316674,3.506476806452808,0.00403934865869718,0.4670978125460418,4.9425700932799765,0.0
USPRIV,4.934688204347626,0.0014784136656302016,4.915334856518367,0.0014720415084107919,4.928371719126184,0.0012960938166335805,4.955744186027353,0.0012993379543835778,4.848331583668799,0.0014984103210050918,-13.94584522549154,339.88687623153,0.0
SBCDCBW027SBOG,4.002516694325752,0.002620438218136386,3.984074883485373,0.0026172647587622477,3.969930137846692,0.0025749325437195458,3.9712159197479093,0.002574533408914644,3.9944657034086473,0.002598142554523387,0.718759536706722,11.651913713215016,0.0
TASFRIW027NBOG,2.103362672085919,0.018073294178283305,2.095300494958484,0.018037842485340547,1.9952045191415066,0.019045065708812106,1.99186091984787,0.019107003092968013,2.084716910682071,0.018314863469221454,0.3575317100352487,6.2028613702938795,0.0
WBA3M,2.818037136889261,0.009975478862730269,2.7800772816555006,0.00996758948762136,2.68416529427006,0.009915078310687888,2.671603382918897,0.009911630293163038,2.657900983739335,0.010033877041919154,-1.0033355098054866,10.800103973996295,0.05016722408026756
WLOCL,6.735729758761853,0.2706964054683523,6.7515467315690385,0.2701804026683819,4.9055230193879344,0.2851286682546531,4.902901179168337,0.2954392926889537,1.6273960993323802,0.5286862440021738,-0.09809229612246474,190.8100743216578,1.0
WCP6M,2.6174614047380174,0.01194041897769456,2.5965767260161683,0.01192211967845886,2.4838340176326055,0.011742575313512006,2.488019831825746,0.011726952480538844,2.4960254210479706,0.0121203178379392,-1.0028848483723596,7.864084505362104,0.0033444816053511705
WFASEC1,-9.425718145331562,1708.6613957063075,-9.44807196520209,1692.9516207958995,-9.648465239880556,1702.0131510125548,-9.659141600524947,1715.5790434526639,-9.433553407619819,1736.7267758180797,23.364214343732556,587.8916179397697,0.0
RIFSPPFAAD90NB,1.880073585358185,0.060119983183956574,1.8567920054060658,0.05990295500435841,1.3755343907556612,0.06367533783413581,1.3745219142335243,0.06381526926784702,1.3851008202132296,0.0598487856465946,-0.761640264301637,26.013338279324987,0.020066889632107024
WSDTREAL,-9.557024999177859,1951.3909359003762,-9.553430755695114,1950.4166463867552,-9.623601420220393,1931.8011387939573,-9.631087464184947,1931.2200964014285,-9.54520840313913,1935.5596054875818,-0.018757178480092267,2.2130853965334607,0.0
WIINSUREDUR,1.1828810836272905,0.043268776943533774,1.159492151314223,0.04307913704763032,1.2372767778701559,0.04098525219134901,1.2425789237023017,0.04101716272008796,1.147321718744921,0.04337246245611867,2.2742795304451735,10.676425739533865,0.010033444816053512
WPRIME,8.099757660857657,0.0039900374181074125,7.730881512536108,0.003817831678610373,4.775993388811937,0.004173287971874005,4.8990656721267385,0.004406765341986421,3.6567016370889327,0.0050709335058788,0.06226060594542925,31.305896078810875,0.8795986622073578
THREEFFTP9,2.2352484117530103,0.014889714732271896,2.230091532861057,0.014877413272054963,1.6127452674855838,0.015356642482157259,1.6275926404841765,0.015354232530495733,2.2279473464146085,0.014920927088137928,0.16787049583198987,2.3950314973552542,0.0
