dataset,base,series,n,log_m1v0_mean,log_m1v0_se,log_m2v1_mean,log_m2v1_se,log_m2v0_mean,log_m2v0_se,crps_m1v0_mean,crps_m1v0_se,crps_m2v1_mean,crps_m2v1_se,crps_m2v0_mean,crps_m2v0_se,Ez,Ez2,Ez3,Ez4,L1,L2,m1_a,m1_c,m2_a,m2_b,m2_c
price,garch_leaf,DEXTAUS,5297,0.0030467445831411995,0.0022630455025078803,-0.004926776694237074,0.0016242982319704625,-0.0018800321110958745,0.002656558884939848,-3.440779172856892e-05,2.9989118845614617e-05,-5.133810950003774e-06,5.356498272002026e-06,-3.954160267857269e-05,3.4983855186220863e-05,0.10395507009263266,0.9840564003294474,0.25575919312510115,2.879533327642315,0.10445503277557953,0.08931253960671941,0.009879321126805424,0.14389050778781234,0.08404797882391797,0.12586283231681547,0.14337300578377976
price,garch_leaf,NASDAQNDXX,5038,-0.0032314288829735885,0.0018441239021785712,-0.0015285256590847262,0.0036493751134822425,-0.004759954542058314,0.0038534537994116195,-5.599471077575377e-07,9.877132355777434e-06,1.4371850996715995e-05,1.4764473629132953e-05,1.3811903888958456e-05,1.5377102635217774e-05,0.026767844570238366,1.0504105526262555,0.16704262656300287,3.0897084853319354,0.06359660350690219,-0.04456719110029245,0.07620470350313065,0.035523051934772315,0.621582209458048,0.03905475847592285,-0.06862359221789349
price,garch_leaf,NASDAQNDXT,5038,-0.004444997006735205,0.0016877038652528705,-0.0008677717394298101,0.0032166482304944216,-0.005312768746165016,0.0032344875840826,-1.377508447005975e-05,1.68761768137513e-05,-1.8805598046651782e-05,1.697169694490818e-05,-3.258068251671153e-05,1.7637914662223004e-05,-0.013387934121111198,1.0818077533675328,-0.2203683244267483,3.243404812746272,-0.3211855950099089,-0.02584014813750355,0.32484543439101926,0.021599131064651837,0.3997123704724833,-0.28659757509598643,-0.04657498687499241
price,garch_leaf,VXEWZCLS,3765,-0.0025056299082939705,0.0030442786242511973,-0.004498283320904436,0.0037008874812877,-0.007003913229198408,0.004395711408777331,-0.0005749302796138145,0.00047972596967892474,-0.00017423623917141415,0.00015238883311612857,-0.0007491665187852285,0.0006245732176460842,-0.08987605909262941,0.9225329041182819,0.30811132460801,5.746041560648274,0.4660721940303847,0.15396331433661,0.0351969309983114,0.14182840604686225,0.06520225701067693,0.22997663284769593,0.11996278666396061
price,garch_leaf,NASDAQGSOX,1161,-0.004611805610627648,0.0020536213749723915,-0.005520927691683887,0.0018177173710829633,-0.010132733302311537,0.002968078274987677,-1.389898114484118e-05,2.6886557625171864e-05,-3.250272306652346e-05,1.644261372356162e-05,-4.6401704211364635e-05,2.6570203737110815e-05,0.00010043191179433426,1.1125932219450445,-0.2882837687198861,3.2680092502958407,-0.1845086386270778,-0.004706502809172917,0.0,0.0056128113109762115,0.07730816374999969,-0.11882786659737325,-0.0001702390283832081
price,garch_leaf,NASDAQCOM,5327,-0.004066997695631707,0.0017695293734467956,0.004430923432266115,0.003647550768009807,0.00036392573663440763,0.0038208282543686547,-2.162009450848202e-05,9.705817908973678e-06,5.75078033342307e-05,1.945751810573302e-05,3.588770882574868e-05,1.9257820943892464e-05,-0.020885802645628948,1.0347141571995868,-0.18427795394655017,2.9980903574027082,-0.27195073114252166,-0.020829982061162624,0.44214452867099163,-0.0464244702509824,0.7168526125786464,-0.2512530226357043,-0.09481562529596846
price,garch_leaf,NASDAQQGLDI,3358,-0.003476269928681735,0.0022123236703597816,-0.0018247553191621038,0.0021130798605736517,-0.005301025247843839,0.0027172667656101364,-2.7722299431952005e-05,9.586892893816528e-06,-8.715456347611789e-06,9.025629393554274e-06,-3.6437755779563794e-05,1.4872985977900322e-05,0.03144124794194815,0.9114477468868204,-0.38750831981848644,2.3913843375900177,-0.0498451533468555,-0.10254235276078533,0.023880668968500142,0.12396266867079436,0.01945066155609415,0.01442614345440481,0.15559714594857646
price,garch_leaf,DEXUSNZ,5300,-0.000513763124582519,0.0018891276603265172,-0.009282161273804226,0.0026450296925341074,-0.009795924398386745,0.0029508579797752382,-1.4895255070128261e-05,9.599239411341633e-06,-4.039550687865264e-06,6.751191430348039e-06,-1.8934805757993526e-05,1.1961047171004722e-05,-0.008322633840875348,0.9718537575871586,0.04502229295941809,2.795957321797553,-0.11116966770949063,-0.15841662974339152,0.6931596344170335,-0.06645998260456618,0.11526421368476727,-0.13541689518275352,0.0245816156840666
price,garch_leaf,NASDAQNQUS500LCT,2552,0.0029379375974327156,0.003669174918135278,0.003199257654504163,0.004876871940729535,0.006137195251936878,0.006084550037105107,2.888651576324963e-07,1.5509551747601702e-05,4.5492937431654916e-05,1.95296329899314e-05,4.5781802589287416e-05,2.232979582473039e-05,-0.02096588517567769,0.9903663559257484,-0.2925808174718511,3.0512680918108557,-0.22739706920097316,-0.0597660172425999,0.23850946711463322,0.01739060935476495,0.7258790313701318,-0.30225235226145897,-0.0875482968478948
price,garch_leaf,NASDAQXAU,5119,-0.003251747414873143,0.001722554008521778,-0.019159083730120728,0.010748781508023355,-0.02241083114499387,0.010923307368798062,-0.00011218705082479556,6.341525834912163e-05,2.1320454954019884e-05,8.428183011101176e-05,-9.086659587077568e-05,4.611836362686116e-05,-0.0323331175092373,0.962560228640689,-0.20750290792047768,2.6755188573522584,-0.053137726692144636,-0.035623063538523486,0.809565955384303,-0.18377406119284173,0.7421539232430918,-0.03724644485029156,-0.20165776269108338
price,garch_leaf,DHOILNYH,5307,-0.0061018678096968326,0.0037764013244551056,-0.0012481739429404891,0.002330360592850687,-0.007350041752637321,0.004065383902689397,-9.855814677362521e-05,0.00012987253439559037,0.00011921296612907672,0.0001251504259332912,2.0654819355451528e-05,5.019292756940945e-05,0.027907063464395303,1.0736595262357354,0.1408527450557078,3.0454947377559543,0.288315733933525,0.19672818647873266,0.7920390196802503,-0.04245367287818982,0.679006886746912,0.23007706392784702,-0.07898751144621691
price,garch_leaf,NASDAQHXC,5326,-0.006884038636679244,0.001634061211829311,-2.7517793886542098e-05,0.002921233931143653,-0.006911556430565787,0.00297946459349015,-9.212063418745796e-06,1.4544048379430304e-05,-2.4631202338383036e-06,2.2854043535526348e-05,-1.16751836525841e-05,2.2681475661653754e-05,0.0601448396820981,0.9820392841549848,0.2694894338757882,2.6478478387040885,0.06703076505004223,-0.0005947542468925327,0.14013305654175387,0.04779767892918866,0.19261451054605455,0.08755373422942174,0.0348809017026828
price,garch_leaf,NASDAQNQMAREITT,2784,-0.0033762619440254145,0.0030063664301684225,-0.000693761003185946,0.004392139731676598,-0.00407002294721136,0.005062661621854403,-3.7123274294105045e-05,2.9190803865000613e-05,-2.8624117162157914e-05,3.63957146258045e-05,-6.574739145626296e-05,4.9051651239070424e-05,0.03247077441366005,1.0874371026249734,0.2004923755709805,3.436989201731435,-0.2601675592331981,0.08134399471993269,0.06641256878984368,-0.02815919768423652,0.17563655441779638,-0.21102186678619167,0.013040324480708007
price,garch_leaf,NASDAQXOSX,3690,-0.08533457870583339,0.0741088803470076,-0.02774682225796448,0.02444319738267194,-0.11308140096379786,0.09728681415674281,-0.00019200571928099116,0.000145568297555989,0.00011842881512450024,0.0001067455841199712,-7.357690415649093e-05,4.8910792697985754e-05,0.006401493711658008,1.0278934642161852,-0.09296010651822537,2.836743137173947,-0.12904963033848532,0.05774848856576787,0.17788369910890506,0.15983688697164097,0.06937875286005231,-0.11046530861063683,0.13762231977815853
price,garch_leaf,DEXCAUS,5300,-0.004679395825240289,0.002423819229359199,-0.004712929839989123,0.002075346601937519,-0.00939232566522941,0.0028825211517116856,-2.6789854611213715e-06,3.4651699800128527e-06,2.0708867300747728e-07,4.339583949194593e-06,-2.4718967881138944e-06,3.679397543142406e-06,-0.007157845357750433,0.9361413572505256,0.09757823188577587,2.5384987198576003,-0.020197374949462603,-0.038156930117681245,0.02007998477775631,-0.008597418242739614,0.08320717101163208,-0.029999879742588043,0.011425948279056953
price,garch_leaf,NASDAQCAPEXA,2835,0.0009987013498537925,0.0036818931324475446,-0.0014574135341232958,0.0034272291818903482,-0.00045871218426950326,0.00484522797612922,3.562142733969231e-06,1.4829757116474134e-05,-2.8284082126524235e-05,2.0397245846475716e-05,-2.4721939392555005e-05,2.1409597021557152e-05,-0.019586404062220068,0.9500711816460814,-0.08904018644131723,2.825513882487626,-0.05558377404095513,0.04702303422735445,0.07609856122147116,0.040494760409630556,0.2746861294877544,-0.05893372559765246,0.007403537298900219
price,garch_leaf,DGASUSGULF,5304,-0.004811204930313735,0.0018238405079913562,-0.0034069702843834413,0.0020757753381924773,-0.008218175214697176,0.002502556486354923,3.114007691508547e-05,3.841143961828929e-05,1.0793499073593914e-05,4.2053063730943054e-05,4.1933575988679387e-05,7.307062261177343e-05,0.001443338761696689,0.9613096414291323,-0.11872107458286449,2.949375571831719,-0.03811831366988634,-0.1330612619127376,0.7726416826737541,-0.07585004025355341,0.0623221373548772,-0.007780781685932882,0.0694056138186443
price,garch_leaf,VXVCLS,4591,0.004012037340064578,0.002374370850621256,0.00026477121526253194,0.002475286167138258,0.004276808555327109,0.0033571912389435796,-0.00010910242739611791,7.883058019138413e-05,2.238311739171675e-05,8.609640854172008e-05,-8.671931000440116e-05,0.00014114187461035935,-0.02257831563461659,0.9406923165001978,0.20380053878596147,2.939377895711638,0.2833070129539992,-0.10118849593769551,0.0,0.16218247885956705,0.6404395234315235,0.309557280887454,-0.021043127857290594
price,garch_leaf,NASDAQNQCN35,1428,0.000306275160199315,0.003163736717715395,-0.001745941895305854,0.0030008080955947498,-0.0014396667351065388,0.003922413688155687,1.0155442098026551e-05,4.9254271069493186e-05,-2.0623833968513137e-06,3.5398180883062064e-05,8.093058701175238e-06,7.724917706603042e-05,0.003675763228432508,1.0275642382264631,0.2883288100992236,3.0086939510617245,0.017492302985389205,0.06966834834619341,0.01706045120315585,0.09985860475818976,0.0,-0.01502738006124363,0.1158413285864962
price,garch_leaf,DEXSZUS,5300,-0.04205263793968992,0.03539226552064868,0.03236611560030969,0.035241864632842464,-0.009686522339380227,0.002037850181286927,-3.110501249602446e-06,6.140124860193717e-06,-3.6573413595101242e-06,5.106806350981352e-06,-6.76784260911257e-06,4.693358683190391e-06,0.07851847263969525,0.9541795946973919,0.10735824077586464,2.7533566705971064,-0.14313920506399097,0.06114212660095907,0.026323180804660392,0.0633588632280674,0.03360090137684731,-0.0717073545672159,0.09084894806511072
price,garch_leaf,DEXUSEU,5300,-0.007672118182921185,0.0024259451751766177,-0.005832149460760184,0.0030019837533911925,-0.013504267643681369,0.003520340328838116,6.720548726842578e-07,4.811500181091229e-06,-2.4435262911253907e-06,4.2289892550608985e-06,-1.7714714184411326e-06,4.594889322920978e-06,-0.042080135957343286,0.858521439944373,-0.21436808663733903,2.2900701740390095,0.014658104814801776,-0.07346767622283411,0.027388178942729255,0.07949834599242192,0.033762218819064424,0.01987483038716084,0.12407525330315576
price,garch_leaf,VXDCLS,5329,0.0022792260418508605,0.002140677932291405,-0.002308302150199818,0.0015826628196111971,-2.9076108348957482e-05,0.002795786151829139,5.880613574593269e-08,0.00017175519760886373,6.03177536751502e-05,6.972661211338228e-05,6.037655981089614e-05,0.00021547715420112536,-0.0160693391546642,0.8361963229528694,0.07546377612559704,2.578781749647977,0.21508849034443014,-0.029551090916070357,0.0,0.04782950582123072,0.05273312442391905,0.21275504141691937,-0.0015258233312333645
price,garch_leaf,NASDAQNDXL3,3359,-0.0031171150742102965,0.002382855232697874,0.003594136200581483,0.004391996971509571,0.00047702112637118603,0.004511676940708816,1.4360603669291843e-06,5.7022458868615276e-05,5.823147074032087e-05,6.471722149607385e-05,5.966753110725005e-05,8.765107701952537e-05,-0.03129789049572841,1.1027532468934322,-0.2773576737681391,3.722049701515914,-0.48672924490109565,-0.0535343766755951,0.45831982099650875,0.08443394068098582,0.592347890527169,-0.4311017899394757,-0.0054376888222574474
price,garch_leaf,NASDAQNQEM,5456,-0.0024565871592666486,0.00169588468107683,0.004499452247355244,0.003491026424599523,0.0020428650880885946,0.004005964673188001,-2.3106237846137332e-05,9.416552907555478e-06,2.4027018140534345e-05,1.7289919390283777e-05,9.207802943970109e-07,1.5274278191045703e-05,-0.02417291925534231,1.1215826340275732,-0.20626264160726757,3.9739722813645346,-0.11557705976514264,-0.06169687380414142,0.10246945557168491,-0.050026385722891566,0.16102042935272082,-0.0646222854233287,-0.09187884758606174
price,garch_leaf,DJIA,2412,0.0028667508457057953,0.002815324239820488,-0.0021107744127290386,0.003389894591515036,0.0007559764329767564,0.00429451794802114,9.68561542882845e-06,1.688178294785791e-05,-1.2377193313414486e-05,2.5648035789663448e-05,-2.6915778845860354e-06,3.0513862362951475e-05,-0.005344757573127884,1.0320226317991479,-0.17717592829630738,3.135385986043749,-0.117905784192072,0.08221446205348987,0.0,0.12619058205750874,0.0,-0.09003690254989424,0.13732393862063183
price,garch_leaf,NASDAQNQINTEL,1854,-0.005105955890291338,0.0033584274293173844,-0.002035000673117618,0.0033885796392984285,-0.007140956563408956,0.004894998724328031,-5.19733477670137e-05,3.057380190698458e-05,-4.259529374266563e-05,2.4582081931696256e-05,-9.456864150967931e-05,4.040917030992631e-05,-0.013018624938381879,1.176368940966504,-0.29291941339023136,3.2326012047422203,-0.25359996786382805,-0.1028326986735325,0.12843670977057656,0.04255733253555007,0.37177083595913185,-0.2050364581706781,0.029420435279638335
price,garch_leaf,NASDAQEMCLOUD,1865,-0.006680933460858987,0.004285101486287203,-0.000535444902589975,0.004668823733447917,-0.007216378363448962,0.005646125532934703,-4.4125309083004425e-05,2.7586902959112686e-05,-2.233899847967319e-05,3.153882038806871e-05,-6.646430756267762e-05,4.12002619272777e-05,0.02266120404700296,1.0819535909057123,-0.10062956426485577,3.3295766281538097,-0.178639563740902,-0.13452198733914417,0.3713746037576504,0.11939059632711388,0.23837362054889114,-0.14043542462425604,0.22023418156526361
price,garch_leaf,NASDAQVOLNDX,3796,-0.004562940258435003,0.0019410012238734121,0.00537515625016979,0.00436694132100835,0.0008122159917347859,0.004439575686232977,-2.9628016137019636e-05,1.3453316873108327e-05,9.889385054168642e-06,1.9806475783517042e-05,-1.9738631082850992e-05,1.8030501930980132e-05,0.03951737236368013,0.913880741456981,-0.22105304840185244,2.68438959294145,-0.29368513675279095,-0.061636895311342636,0.5131412900127965,0.024408622920215946,0.5812567161836986,-0.28813905754451963,-0.021632403340052543
price,garch_leaf,NASDAQHXCX,5326,-0.00692540086369066,0.0016182282862836606,-0.00013682584206742719,0.002962736139252836,-0.007062226705758086,0.003020226094300643,-1.0735084652119344e-05,1.4481536260732718e-05,-2.5292911024494617e-06,2.3304320700425088e-05,-1.3264375754568804e-05,2.314538093949335e-05,0.059662655478424,0.9804796939695508,0.26529002298908794,2.6443914385943055,0.060006240265631575,0.0014429393287221535,0.154916410563027,0.0439787795100079,0.2079904874132131,0.08227147580002281,0.031511314218541274
price,garch_leaf,NASDAQNQROBOUS,1920,-0.004897803009815668,0.0022407194561570166,-0.0069057247860414605,0.004087041338019781,-0.01180352779585713,0.005003344661713734,-2.3126594545812436e-05,1.085537430645947e-05,9.706797973453082e-06,1.4677350528668539e-05,-1.3419796572359352e-05,1.6190278610953145e-05,0.024499840865705884,1.0026866645635628,-0.0815480304790205,2.607580886517126,-0.0015890286877388877,-0.06756416504552366,0.16450406362728265,0.048069009970476154,0.2947228743785222,-0.0043121791953267905,0.05015627509129625
price,garch_leaf,NASDAQDRB,4830,0.0007337271021001909,0.001736885801984408,-0.0028639569942839277,0.004059653807856357,-0.0021302298921837366,0.0037992594655161943,1.4963321082460896e-05,9.374567767383566e-06,-4.396930166947364e-05,2.5952097177440853e-05,-2.9005980587012747e-05,2.4519601012402457e-05,0.02631003539628448,0.9491686208203765,0.025761189821863314,2.3344845222121715,-0.12969092470386048,0.013563071124068867,0.01437823312898112,0.0894277570294362,0.08593386655709497,-0.09664393609223176,0.0914699714132229
price,garch_leaf,DEXTHUS,5300,-0.001743285968120081,0.0017064661097210621,-0.004419682607919245,0.0016591397375176583,-0.006162968576039326,0.0022658945584362383,8.009085640819897e-07,3.5747054290856612e-06,-4.05097885909282e-06,1.8574974022483722e-06,-3.2500702950108305e-06,4.167888285930988e-06,0.03653012858368547,0.9165415811477838,-0.1957447062980858,2.5375814979070928,-0.01203619083120562,0.060568611830556965,0.04275474163156012,0.1742675653062949,0.031665662974627404,0.013467058520865414,0.17594020123886644
price,garch_leaf,DGASNYH,5307,-0.0022596176341340645,0.0017485704457681618,-0.0027030945738245236,0.001709148440651771,-0.004962712207958588,0.002311007993327776,1.1652852179083336e-05,3.414647431595286e-05,9.860589576105029e-06,2.634394974137817e-05,2.1513441755188364e-05,3.808095261653907e-05,-0.006565610819991371,1.0195734356271178,-0.0068454172761327516,3.769817029231199,-0.10964313047757687,0.00949721790686372,0.025620977989435988,-0.027554207845146814,0.03244819988153055,-0.09156731048463189,-0.0031934074755652292
price,garch_leaf,NASDAQNQUSB451030,3774,-0.003351392713967603,0.0018427201701970626,-0.003116954596979109,0.0022780479729980485,-0.006468347310946712,0.0026494707289246426,-2.279195442656877e-05,8.94374585175196e-06,1.456696543867953e-05,9.26521934441658e-06,-8.22498898788924e-06,1.3003764520616958e-05,0.0029228661250535835,1.0480828346319897,-0.05775992583952787,2.9974899421192527,-0.10872499494997373,-0.04328816290784837,0.0928049511171059,-0.02008793972946258,0.20409231878435588,-0.15602038601236642,0.029612260986611065
price,garch_leaf,VXIBMCLS,3965,0.006215491215771973,0.002838512009452853,-0.003824416032654061,0.00205320901192071,0.002391075183117912,0.0032845642285878923,-0.00021680560539829224,0.00020903377759834958,2.847575222765316e-05,6.262089723342672e-05,-0.00018832985317063908,0.00018917845722931406,-0.0005048380178364102,0.7762724357318368,0.19056479717896063,2.8360556461418125,0.38183184003170995,0.02759522523608293,0.03725902038869021,0.29455805545819613,0.0352950751776996,0.3390575339241879,0.27498240848356187
price,garch_leaf,VXOCLS,4109,-0.0007318410497438499,0.0023115569675581553,-0.003229723924377552,0.002855591293926599,-0.003961564974121402,0.0033758458692804763,-0.00012726383213546656,9.759722306926496e-05,9.710780654934754e-05,9.160568034167881e-05,-3.0156025586119016e-05,0.00012702478873202842,0.05674807684362627,1.1257205456303176,0.7030560616534564,4.109552793191021,0.6059097250346227,0.22521433000905314,0.06476547831056115,0.20725226642039749,0.28504886372922145,0.4037689035580521,0.033213791729818976
price,garch_leaf,NASDAQXNDX,5326,-0.005608818133629488,0.0021955393869183995,0.0038566788525734963,0.0038741325553435595,-0.001752139281055992,0.004456350200613633,-2.1587327543393306e-05,9.968720727803478e-06,3.667883546905991e-05,2.8095681001765116e-05,1.5091507925666616e-05,2.882283471745515e-05,-0.030742531487913505,1.1038165060044562,-0.21240434873051364,3.68759310516702,-0.4905094439915902,-0.06872539119235632,0.41936829035816564,0.07807248389950099,0.6242681233791646,-0.39491756144126433,-0.031947581209313444
price,garch_leaf,DCOILWTICO,5309,-0.0005038864185496559,0.004503301188592728,-0.031076282324334917,0.030448271519113855,-0.031580168742884565,0.027276659824268433,-0.004220932388997975,0.002333610654415867,0.0046787136376793366,0.0037459826206974415,0.000457781248681362,0.004435294741253455,0.05933317460464866,1.0754128634154163,0.06195505090467296,3.4999897812743432,-0.06558362597948808,0.1697823830280067,0.42165478100255654,0.06098507187000801,0.6886610666461395,0.06860309394533916,-0.0377832579594897
price,garch_leaf,VXXLECLS,2646,0.0038203838610022726,0.002953868898208291,-0.00628241468581958,0.0023509496148723004,-0.0024620308248173065,0.004062337207550653,0.00010107809166035924,0.00010228336751407243,-4.8648582817381276e-05,3.261652414514698e-05,5.242950884297797e-05,0.0001176956300522529,0.018389695310567764,1.1272642024162338,0.3631639235775943,3.778548068476497,0.164271530883282,0.08674828247652488,0.042949840649875046,0.17581357205022627,0.042776783609379004,0.014415557107564196,0.1708306861568072
price,garch_leaf,NASDAQNQUSB45,1427,-0.003358629567893036,0.003491875910399706,-0.010330285419035965,0.005873698633135024,-0.013688914986929002,0.007039633057183308,-1.2110123121414693e-05,8.919933934455991e-06,-1.8660954368459854e-05,1.2831514054611415e-05,-3.0771077489874544e-05,1.145291353047071e-05,0.031066647410478522,1.1040718148199467,0.31938272073267715,3.082700844506961,-0.16472473947418428,0.012623133328504047,0.05746755062912383,-0.04224730018418903,0.19532851010538002,-0.12382746404523907,-0.05075712245246718
price,garch_leaf,DCOILBRENTEU,5356,-0.01731002503520338,0.011554999839677125,0.003125264561073302,0.00953522056186469,-0.014184760474130078,0.004450226360999986,6.832138676295675e-07,2.179598934002195e-05,-5.50417786122446e-05,3.454967721011237e-05,-5.435856474461503e-05,2.7742808730104684e-05,0.04164220308438832,1.1467302990701314,0.2515248620270627,3.4222825008707067,0.12540555208384568,0.10210893615073748,0.3212021028038258,0.07763330477247084,0.314702472863807,0.07387051381043044,0.08337607188732732
price,garch_leaf,NASDAQNQUSB201030,3774,-0.005737557877337873,0.001954203900658307,0.001107364980389508,0.0026337373096289563,-0.004630192896948366,0.0029497425165937977,-6.891989177739785e-06,8.311761423796122e-06,6.029299098912137e-06,1.2129824848098697e-05,-8.626900788276487e-07,1.593752758894188e-05,0.030381349480932282,0.9987024837058349,0.3717048600317234,2.42075252360951,-0.0401429748930701,0.017370250083812884,0.010073897638081513,-0.08762299981991702,0.03953688401611848,-0.061447938617986295,-0.06853845911495343
price,garch_leaf,NASDAQXXAU,3690,-0.004561318061233504,0.0028959926177946713,-0.013997987114816599,0.011902439154436947,-0.018559305176050103,0.013951656792446929,-1.489226709252842e-05,2.051486530572311e-05,-6.578035045060328e-06,1.9490652170122148e-05,-2.1470302137588748e-05,2.7890950979129624e-05,-0.023080616055102025,0.9655129407957042,-0.1774186877366917,2.7106920786207747,-0.0478423366776308,-0.03855633057206904,0.8110629187889788,-0.16666935570317812,0.7490383705660718,-0.03255047458041958,-0.1982257076193107
price,garch_leaf,DEXSIUS,5300,-0.006473757060940228,0.0021306520734024957,-0.005148606685809716,0.0022381158619198486,-0.011622363746749945,0.002533928370313435,-1.788001207567896e-06,2.2075982069096506e-06,-5.330717485863322e-06,3.2864644906359175e-06,-7.118718693431218e-06,3.502856310086954e-06,0.020391393466973773,0.9207126474383001,0.005868734359660982,2.410730721041366,0.15951900999399832,0.12463275354341452,0.6470847954055069,-0.03869534080778082,0.25126679363290294,0.24534402843400835,-0.02819099022271787
price,garch_leaf,DEXKOUS,5300,-0.003319340219163712,0.001979647891616071,-0.003530004294031446,0.0018194698298913167,-0.006849344513195158,0.0019949558475751785,-4.997122567363673e-06,6.038084440108915e-06,-3.887716106512094e-06,3.58678004808406e-06,-8.884838673875766e-06,6.643912936823551e-06,-0.0774654560738424,1.0316777754625002,-0.37578905557243375,3.580765949020494,0.25124879304005276,0.06651272393262557,0.0,0.10688379292713608,0.0,0.20996019659109144,0.09401178339509231
price,garch_leaf,DEXSDUS,5300,-0.008024009293375253,0.002345141838529355,-0.00234329327160971,0.0023864306597106365,-0.010367302564984963,0.0023210209073082607,-9.58698205177185e-06,6.132449335681288e-06,-4.846683496706769e-06,7.172862467670555e-06,-1.4433665548478619e-05,7.1213934097090685e-06,0.05053566010187855,1.034094891210974,0.21628543629649918,3.137078653753355,0.19606793220503826,0.1126483072980542,0.49132066742571484,0.026355157696560272,0.04092843551581267,0.14963053964186807,0.07658646641607458
price,garch_leaf,DEXHKUS,5300,0.01125183442641331,0.005588217184620429,-0.002086567245578752,0.003458974223317315,0.009165267180834557,0.005460713064119288,-1.2501675372891455e-06,9.081008431157242e-07,-1.7929641362329206e-07,7.470605393505804e-07,-1.4294639509124376e-06,9.145042871629659e-07,-0.0030488589069308705,0.8561659227834599,-0.35124502069298497,2.880477960698641,-0.17759910440037482,-0.10892976201663936,0.37480610397886566,0.16817881009495933,0.48498674923430496,-0.14842230607281395,0.11680308467786439
price,garch_leaf,DEXSFUS,5300,-0.01139925765531243,0.004342692975386453,-0.002224421579395017,0.0027213346565992304,-0.013623679234707448,0.006055146437924192,-6.1870066620667064e-06,5.292510002032831e-06,6.110654437589181e-06,6.630106210282451e-06,-7.635222447752474e-08,7.082201328837498e-06,0.031222602038398998,1.058807849999886,0.43932683995691274,3.586729890293644,-0.021804722349265764,-0.021300269711861657,0.21052576653830854,-0.07746306065968082,0.1958883444450726,-0.010230527980809851,-0.08419689361110347
price,garch_leaf,VXFXICLS,2646,0.0030816804142771697,0.003085969752913881,-0.0012933348934194642,0.002594277192943124,0.001788345520857705,0.004400004822782628,-2.357133154333475e-05,0.00017183873490262875,8.706336324608003e-05,0.0001320212775505257,6.349203170274528e-05,0.00019496526966282033,0.031208908270692337,0.9221833335396528,0.44329708899646225,2.804594760532945,0.12230821656390758,0.1343191918706677,0.020723154982938474,0.26441602110074097,0.08716534736629646,0.16062637363657017,0.23901308896052517
price,garch_leaf,NASDAQQSLVO,3280,-0.008631047827783065,0.004682506241566859,-0.0002395054154103615,0.003228801148554957,-0.008870553243193425,0.0029072210381904545,6.218043119995893e-06,1.0038205775938179e-05,-1.228390499631737e-05,1.2806314981835752e-05,-6.0658618763214795e-06,1.6977652761406966e-05,0.00887367721905525,0.9184619783980522,-0.5655142566288563,2.737380577135066,0.10171186075909928,-0.09485868806065618,0.026767740349417125,-0.026673015948869377,0.3565522724330869,0.03920415639507689,-0.06298513817076737
price,laplace,DEXTAUS,5297,0.004395110450130977,0.004020029383302006,-0.006817034432848757,0.002946588414271302,-0.002421923982717782,0.004924978615660545,-4.8278756720506936e-05,2.5688729648357195e-05,3.0707979159122965e-06,7.889243054701804e-06,-4.5207958804594635e-05,2.7645138133992174e-05,0.10144720104361266,1.1944112126264639,0.24169260246307306,3.9586265188150676,0.11671468163022156,0.20656867044860336,0.44768880216474183,0.13224039559720915,0.4700434965278762,0.21363223091641595,0.14376125593255235
price,laplace,NASDAQNDXX,5038,-0.00577386723507955,0.006687475807765104,0.0014098251718299409,0.004991012612364062,-0.004364042063249609,0.008100481628528567,-5.310152611987724e-06,2.1756209967411963e-05,-4.828739946526735e-06,2.645603366508062e-05,-1.0138892558514457e-05,2.2040597858296204e-05,0.02520633725969,1.123633537582573,0.017815479135761553,4.083806619652009,0.056296879238933006,0.008264447606952469,0.1571166516332671,-0.027676401355862967,0.2867706821801166,0.09962668284051882,-0.032071479647913945
price,laplace,NASDAQNDXT,5038,-0.003296672594391612,0.005252364362510776,0.0048977084297116774,0.0034777766290832865,0.0016010358353200655,0.005836367565327232,-8.519137123720514e-05,5.7940465084678984e-05,8.678320745672266e-05,4.983358368691192e-05,1.5918362195175193e-06,4.894196176567857e-05,-0.02088845371644139,1.1747894869199162,-0.7954775874313283,6.5501638039036685,-0.35966146924301984,-0.06935326081044547,0.2330038013686644,0.10567922656711068,0.2631695518648045,-0.29530735420094184,0.07249218186523053
price,laplace,VXEWZCLS,3765,-0.006671829199989179,0.00531353230184729,-0.008729402295066814,0.004949137897785668,-0.015401231495055994,0.006672686686509382,-7.887430778833946e-06,9.458404333478657e-05,-6.246691199100804e-05,7.702539224125068e-05,-7.035434276984198e-05,0.00012172391347700268,-0.07551386804057464,1.2032559343398934,1.3796546231397682,11.88138052014782,0.4350021040629658,0.28295585531369666,0.09625798009589227,0.10887117149942167,0.12349189304749597,0.19486344948880052,0.10105395646837148
price,laplace,NASDAQGSOX,1161,-0.015044132280719063,0.011871219692030735,-0.0006824795195348089,0.010358458446450624,-0.015726611800253868,0.006547318937056972,-1.8817425071082618e-05,4.989396563642728e-05,-1.335533704077183e-05,3.3392970342590006e-05,-3.217276211185445e-05,3.356968726801018e-05,-0.00410128902902745,1.3288787169699372,-0.670643241361681,6.241680800496614,-0.20494003889769666,-0.04095422883377613,0.15005332902892762,0.04527606915605341,0.1786665615807678,-0.14214143974564908,-0.034189744899081505
price,laplace,NASDAQCOM,5327,0.0015280590366206072,0.003971248659016209,0.0057487381739241995,0.004599143610316515,0.007276797210544807,0.005642948568453104,-0.00010440246341924184,6.644347163140492e-05,-2.5062279095222785e-05,9.118758951602541e-05,-0.00012946474251446466,9.413383488734322e-05,-0.022630195770168997,1.1115372203318914,-0.36331740838468074,5.093545793084669,-0.27163651668914235,-0.0928254350095083,0.3141384133560783,-0.046509167107018405,0.6115159970864498,-0.23094107319647852,-0.008588275130849629
price,laplace,NASDAQQGLDI,3358,-0.0044539511789577985,0.007127271655932266,-0.004407140494293521,0.004292755424267857,-0.008861091673251319,0.00873236150774105,-1.4616468471589672e-05,9.195823249705308e-06,-2.2619577275910164e-05,1.5582746551273262e-05,-3.723604574749983e-05,2.061614739748623e-05,0.026822629987134264,1.0294080718916605,-0.5546258688977561,3.38240184265261,-0.03614860119529843,-0.2079075723355123,0.5298239725877375,0.07998700496847094,0.09536173402422768,-0.03514804130763463,0.13030174910047052
price,laplace,DEXUSNZ,5300,-0.00219995123487787,0.0026231503727106903,-0.003118864331318489,0.0034403153490327743,-0.00531881556619636,0.004774788910966471,-3.1532373544955095e-05,2.519086843767586e-05,1.5812952113393408e-06,6.3520309993100825e-06,-2.9951078333615756e-05,2.6660037622972184e-05,0.0029148822911368947,1.0487481808011525,0.382443647096735,4.500159786555379,-0.04889516631838645,-0.14011838542605776,0.41321049423403394,-0.0393277210786862,0.3008804912194766,-0.08719193826078342,-0.0198157155941307
price,laplace,NASDAQNQUS500LCT,2552,0.014952603759189434,0.010941614266871152,0.01396591154681309,0.00873051905254109,0.028918515306002528,0.011568668159211617,-0.00011024796413647068,8.032504076193917e-05,-0.0001601186853308722,0.0001676278523863889,-0.0002703666494673429,0.00023636023924707408,-0.020344181969411984,1.1076771053912893,-0.43364907622536497,4.99506456736267,-0.23449612822298854,-0.13453842194499813,0.17606469584951426,-0.012049870381925213,0.6565816191223792,-0.26454706956794966,0.0033139142799879923
price,laplace,NASDAQXAU,5119,-0.006757147422697278,0.006036793111467318,-0.010056827508109581,0.006035411811084462,-0.016813974930806858,0.006918276119863591,-0.00011207092085438052,4.3423762405820795e-05,-7.507871382438093e-05,3.1187703561162154e-05,-0.00018714963467876143,6.557207400951568e-05,-0.039524077540424155,1.043857115194288,-0.6325198418008405,5.012971984016458,-0.09376504583736038,-0.05503366038093685,0.2855044706854141,-0.09703889119899813,0.24876435496439386,-0.03349519653148927,-0.11594869974998473
price,laplace,DHOILNYH,5307,-0.1900637600607694,0.1907245581478326,-0.3298541773266117,0.28154564540027016,-0.5199179373873811,0.4713578256192032,-5.602994497822931e-05,7.306030696778814e-05,-2.231546601769248e-05,6.397204523693543e-05,-7.83454109959218e-05,0.0001241838638947968,0.03677958856800461,1.0737289118168922,0.09156198352656719,5.790521010511706,0.24137455118806586,0.06241059091354636,0.6200363289692903,0.07748796796679451,0.43170903839788066,0.1797699373480051,0.05408951240155633
price,laplace,NASDAQHXC,5326,-0.32209510338806435,0.31202992919227013,0.04044296054876337,0.041033371166033825,-0.281652142839301,0.2712184824098255,-0.00011939674034777075,9.173160917079736e-05,-8.506805032768358e-05,9.697063012116137e-05,-0.0002044647906754543,0.0001843561530547759,0.05588635974699396,1.0331508521801276,0.2742009584920624,2.9945433715608862,-0.027776407266918483,0.04914863949894136,0.12959000863936426,0.0171575839582916,0.3019909283284427,0.03616604131955679,0.0347730341291001
price,laplace,NASDAQNQMAREITT,2784,0.01482726290104165,0.012292929485675544,0.0025381761302416205,0.006003576654489092,0.01736543903128327,0.013481587487900041,-7.566866143971812e-05,7.770625583614362e-05,-2.069097559737866e-05,2.9119111690874496e-05,-9.635963703709678e-05,9.44673864344449e-05,0.032650069449630635,1.0468839637741698,0.08938513796612844,4.121441058681227,-0.2259121571610142,0.054225186479143817,0.3387143956991987,-0.04542810026821408,0.15784957548900846,-0.30994534342150104,-0.007115089148562002
price,laplace,NASDAQXOSX,3690,-58.383923723510435,58.27908385259428,57.978639064802735,57.883381418917985,-0.40528465870769564,0.39575788755343644,-0.00028972219522601517,0.0002494810570056977,0.0002606168365979049,0.000240760425334012,-2.910535862811025e-05,2.0848111866383237e-05,0.0013949406068200255,1.111503730650716,-0.2507095889961954,3.5599248114962077,-0.15717785553373975,0.004410038485100543,0.1546024893546594,0.10731041596111059,0.04452743286639587,-0.1255356037641379,0.10458559158061567
price,laplace,DEXCAUS,5300,-0.020567182798832424,0.008656149634208736,-0.005868358518424682,0.013668716520518716,-0.026435541317257106,0.013847232985195934,-8.148782471149153e-06,3.0413266740668288e-06,6.553634702958578e-06,5.131500121883627e-06,-1.5951477681905742e-06,5.048804572701527e-06,-0.0035408651410087384,0.9622662900693114,0.12717410640457844,3.037801737333332,0.0652336986134401,-0.05376332854888922,0.423619970866993,-0.11296225071519851,0.29206555016637226,0.0426175795505095,-0.10064332214532114
price,laplace,NASDAQCAPEXA,2835,-0.024593864180929043,0.034298861653766964,0.030985824872467538,0.01699565580462523,0.006391960691538491,0.022895344139746216,5.153515267051492e-06,1.90884964246619e-05,8.510434769953968e-06,3.8264415581290495e-05,1.366395003700546e-05,3.563482486669864e-05,-0.006715436304188457,1.0526280201670704,0.03472024602751585,3.6160286404633717,-0.02914041075317042,0.06778587903611713,0.11197987483550285,0.0030515192229823365,0.7030705885877875,0.01116207958759688,0.019810668595887246
price,laplace,DGASUSGULF,5304,-0.011842072197944416,0.008307802551481995,0.005956723260363283,0.006895994989831717,-0.005885348937581133,0.005869948583444876,-3.698273142130087e-05,5.6685901192139736e-05,-0.00010614949216894113,0.00010644989697972758,-0.000143132223590242,9.93173658839208e-05,0.02129263606582727,1.102918942258158,-0.13785945479807196,6.645341509680994,0.00883358204128377,-0.25496811779153145,0.30852461231477263,0.024424451620544976,0.21705411208743236,0.034851651887530755,-0.028204222968873913
price,laplace,VXVCLS,4591,-0.23700435646759932,0.2471513889122937,0.2162893459524129,0.22690538668924456,-0.020715010515186417,0.02361964179261812,-0.0005535287365492898,0.00029861835986139964,-0.0002902482606485519,0.0002635180366277855,-0.0008437769971978417,0.0004314904910045635,-0.021832148172333775,1.1587134600103417,0.4980267832695554,4.716365099321567,0.2655148929799134,-0.055038594100208255,0.41874256898309714,0.11792294611431799,0.557256809898683,0.18089123240217692,0.08029414332938623
price,laplace,NASDAQNQCN35,1428,-0.0035117797857633693,0.00953949280603165,0.008648398930060195,0.009926808920024923,0.0051366191442968265,0.010746248040288104,-0.00010793052734136741,0.00018346402268122841,0.0001923808065796526,0.00016790915499981137,8.44502792382852e-05,0.00013011179146962264,-0.02196760622063436,1.1401574647551598,0.2527699974900291,4.659146773856836,0.007617170158777348,0.05808183797690275,0.23698578080546032,0.015239813056119945,0.33815330589964726,-0.03680593272260492,0.013898379100850268
price,laplace,DEXSZUS,5300,-0.020755397530734656,0.007580998278201806,-0.0020301154631294656,0.004294074238953141,-0.02278551299386412,0.008562564111873821,-6.922151255455637e-05,5.02928070818905e-05,5.762218976832768e-06,5.141351552153974e-06,-6.34592935777236e-05,4.696285365210575e-05,0.0669999947879867,1.0269079222582553,-0.023704367590104282,4.207680357873739,-0.1217410395895305,0.062431253685807014,0.1572484508803581,0.0329345073126351,0.3868554884820936,-0.01762740080322389,0.016011645653452304
price,laplace,DEXUSEU,5300,-0.02784991124957867,0.014201819788527987,-0.04552475706713381,0.03986885196828815,-0.07337466831671248,0.053461075895669355,-5.033173044252427e-06,3.7335353386547014e-06,1.9251553969219443e-06,2.7618510817917828e-06,-3.1080176473304833e-06,4.202230226030625e-06,-0.03891416580684488,0.9780342770854323,-0.19826562408984627,3.7344213164392563,0.025644654046857923,-0.13582471042421376,0.022766834741378455,0.05879481002195001,0.03141895852651194,0.0821916963827135,0.09851325816358393
price,laplace,VXDCLS,5329,-0.007922322123013179,0.009980256344650882,-0.009728910614018864,0.009976596882170643,-0.017651232737032046,0.01801547762113366,-0.0002876200337885933,0.000317986065209099,-0.00026037633465885015,0.00023680636237401894,-0.0005479963684474435,0.0003838339437285611,-0.024258844221868463,1.1582539658633981,0.10773028519372309,3.8579264413362906,0.18744853918190357,0.020630689403085045,0.09907601969491443,0.0656814065342081,0.30029080398750885,0.13577077813830962,0.035020278276097154
price,laplace,NASDAQNDXL3,3359,0.00480322632072023,0.00692844555587542,0.009411955089162571,0.006755979808640132,0.0142151814098828,0.008162818428793342,3.11937143497314e-05,6.991015074168277e-05,-0.00013934447916235334,0.0001612497340211481,-0.00010815076481262197,0.00012884969136635983,-0.032516698366122226,1.2023663144335481,-0.799854439775953,7.118979937639003,-0.41767633197764176,-0.05491841023337296,0.3052815329785658,0.10184870913818947,0.529941882276242,-0.2278195995995194,-0.0048337939208327185
price,laplace,NASDAQNQEM,5456,0.004354646056792975,0.0034356327346385163,0.007292576324404842,0.005693969003417154,0.011647222381197813,0.007856010039462904,-6.908529196969665e-05,2.788271293016064e-05,4.708843862353569e-05,2.152278600624873e-05,-2.199685334616096e-05,2.215705461095023e-05,-0.0051323294443274894,1.1376670155708628,-0.001921068576799967,4.878941672348615,-0.08360153265138336,-0.21303337117537288,0.3148518707296817,-0.057633706305605846,0.5912846525398457,-0.16098932327615326,-0.07159899784487136
price,laplace,DJIA,2412,0.016225841898241455,0.008837671349248906,0.001234693994658228,0.005582511629759477,0.01746053589289968,0.012507585606282299,-0.00018072780870051985,0.00016045948802551104,0.00015311190916904115,0.0001389542220702605,-2.7615899531478685e-05,4.086225391210304e-05,-0.001251831049600612,1.0765288477691464,-0.2315452199301167,3.9072517646076896,-0.01791493023886622,0.08896458978578575,0.0,0.09366256274566785,0.13971155697206916,0.0031937655400880688,0.08382468262481263
price,laplace,NASDAQNQINTEL,1854,0.003344736333222825,0.007982584355821373,0.007817033732848023,0.005770348852884714,0.011161770066070848,0.00904782388413468,-0.00011023627678295476,6.202280000548476e-05,1.283829042277759e-05,5.5084773135197745e-05,-9.739798636017715e-05,4.177871405138895e-05,-0.02049819878045705,1.2164578133828219,-0.8402715987633188,6.296835865983628,-0.24701047790107764,-0.18857029506406994,0.25492700815502484,0.08046966130255725,0.39394015163644863,-0.2781820814112518,0.05529663032463482
price,laplace,NASDAQEMCLOUD,1865,0.004621331033368831,0.007680410441370164,-0.002858489279529936,0.003471149730187425,0.0017628417538388954,0.008471582878385047,-4.332506528498433e-05,5.0454724518732805e-05,-7.620044372409441e-06,3.289549955224902e-05,-5.094510965739376e-05,5.5989050893194195e-05,0.03753164289470228,1.027544817312404,0.02822027269197245,3.6045042521354222,0.0031099417820243686,-0.04547791586225266,0.14023977780626964,0.21671346802417968,0.12284907738996445,-0.10288330669595597,0.24964133726001222
price,laplace,NASDAQVOLNDX,3796,0.00047768701694494097,0.004136344757546639,-0.004115979595531015,0.008000920495792888,-0.0036382925785860736,0.009564727046582608,1.9664212348071983e-06,1.7750676879683378e-05,8.123715589217457e-06,2.0443197332504023e-05,1.0090136824024658e-05,2.7324061296539257e-05,0.040507361888249445,1.049736672016646,-0.8830230876622789,7.30313053730862,-0.445616284791961,0.14960855735570888,0.1215729437589989,-0.060181666559879235,0.5496765819356028,-0.23146324435788743,-0.11597539974993602
price,laplace,NASDAQHXCX,5326,-0.3196224021877657,0.30962313532018665,0.07029935076983025,0.0707230584310958,-0.24932305141793548,0.23902854937663767,-0.00011894132146903019,9.088161961797231e-05,-8.58844264270499e-05,9.865320532346291e-05,-0.00020482574789608011,0.00018500184592961017,0.05574126977265248,1.0321019459412206,0.27392251619923264,2.983873466062878,-0.03285143674093681,0.0500779803260963,0.1352351384447971,0.013619003082368483,0.3111353829925866,0.030267593180419473,0.031544232229402454
price,laplace,NASDAQNQROBOUS,1920,-0.0029110937055435325,0.010362852120806421,-0.004654770929916192,0.006509576002461804,-0.007565864635459724,0.015278519178166609,-4.209265426310276e-06,3.064467607460942e-05,2.23147461184333e-05,2.5484735425367535e-05,1.8105480692123022e-05,4.04313127101832e-05,0.016836362540966196,0.9549648500544654,-0.1779110142119645,3.4633967722421173,-0.051301668341799465,-0.16342977417040938,0.5001009997987454,0.06854905541853067,0.37800045497348733,-0.13933265678038806,0.07049251225279475
price,laplace,NASDAQDRB,4830,0.009602752527632563,0.0049953146217547,-0.00015579529545245826,0.003792919496578913,0.009446957232180106,0.006116601660670509,1.8114491656119248e-06,2.3421213450831457e-05,-5.14167972454543e-06,2.274325422061231e-05,-3.3302305589335053e-06,1.676063080801571e-05,0.028590660499591324,0.9512169543260766,0.01678349633969356,2.5322848568922955,-0.11317478302246421,0.016787745504955764,0.15049770912074098,0.01934299024886207,0.14381771269921104,-0.08973734430219836,0.011583712429714493
price,laplace,DEXTHUS,5300,-0.009364823830000474,0.0045646932750787565,-0.003570694718837373,0.0027827332838686937,-0.012935518548837847,0.004925354293153851,-3.64306548083738e-06,6.485497879294036e-06,4.907436748989404e-07,4.188886864864894e-06,-3.152321805938439e-06,6.327257455373713e-06,0.054298904177727626,0.996621872867878,0.0404438482737576,4.40908243497721,0.004915575516958698,0.054171712516452836,0.06456930326712193,0.10406789821817347,0.10076507423307682,0.04855845077080672,0.12435390004241144
price,laplace,DGASNYH,5307,-0.12360196976206496,0.12573290763732972,0.025978459375838453,0.028667436588341207,-0.0976235103862265,0.0976792155159944,-8.257285378812125e-05,7.349364063551584e-05,0.00010627889412109578,8.002733219293493e-05,2.3706040332974505e-05,4.6224186582712507e-05,0.019161351343494126,1.2547682265209552,0.4530758054461041,12.562978378080233,-0.17213080392030636,0.20970461210592312,0.0555528436433795,0.04125207266284627,0.08598154530406718,0.0027863720005690514,0.02785534960073657
price,laplace,NASDAQNQUSB451030,3774,-0.010885685110834332,0.005567934122765851,-0.003413658553237498,0.005085518728840489,-0.01429934366407183,0.005733540694812744,-6.269570423324334e-06,2.384628411635204e-05,5.035178243894282e-06,1.995357254449521e-05,-1.2343921794300525e-06,4.16452058488921e-05,-0.0010373077735669214,1.2089968970251526,-0.19157234456019617,5.067402527857985,-0.10918928485780408,-0.019857804438615765,0.10189684560276081,-0.028118220084377882,0.1315125832793838,-0.08984174136820156,0.02420883665799669
price,laplace,VXIBMCLS,3965,-0.008946286304006235,0.006262398888263786,-0.013630216391204665,0.008179623998356865,-0.0225765026952109,0.010341714893788134,-0.0009301101808379415,0.00046971030777673154,0.00033012691549504065,0.00024980805164165614,-0.0005999832653429008,0.00027454579936223624,-0.03203226964293614,1.1363953131826998,0.31548323190866984,4.948555326253497,0.5350648224624024,0.062530079011654,0.01714657360652487,0.16952128127776073,0.3065101699790462,0.30448073253220953,0.08990721520998916
price,laplace,VXOCLS,4109,-0.0032475697274850996,0.004554545177659972,-0.00045973598958621545,0.004614293391018385,-0.0037073057170713152,0.005213754461797534,-0.0005099401748942065,0.00035758377515646616,0.0002618832475559307,0.00020868267639553747,-0.00024805692733827575,0.0002341608986094648,0.028088990499183612,1.2156764122091503,0.9439671259152344,6.755850202445161,0.4697512802337443,0.4105972936836237,0.25814987907757847,0.17225777303106551,0.637515254941734,0.4163432552302608,0.006888675422536104
price,laplace,NASDAQXNDX,5326,0.0004050032322922651,0.0043982103195651075,0.009149817813348872,0.0053607368957588955,0.009554821045641135,0.006288468565619064,-9.423577588409122e-05,5.1866313363669006e-05,-2.6351199269538303e-06,5.6853490857030883e-05,-9.687089581104505e-05,7.085332654456622e-05,-0.028429906797817178,1.1979041866016993,-0.5927291013413656,6.589543807662605,-0.42027334878018746,-0.06700288778649433,0.30326093136089227,0.08673117677656353,0.5976957112703101,-0.20744632918631106,0.003835844270682079
price,laplace,DCOILWTICO,5309,7.033600998719567e-05,0.005269557004758387,0.0076508231709681756,0.005548775008518549,0.007721159180955372,0.006841133284273613,-0.005230190631275184,0.0032814542196541326,0.0004208924374638744,0.0024679060755718337,-0.00480929819381131,0.004484566947751692,0.012505146434124807,1.320442051547864,-1.3870352578520788,15.095675551174311,0.043686120123530875,0.837661157893069,0.3331815268274874,0.03068119367049043,0.49004944175692566,0.11254963919268435,0.07751736235573473
price,laplace,VXXLECLS,2646,0.004372804489913286,0.004872757350769228,-0.01203358847611987,0.008503466392029719,-0.007660783986206584,0.009947583093276587,6.590321470850741e-05,7.796439555482803e-05,-6.373312506741443e-05,5.6129577330729614e-05,2.1700896410929896e-06,0.0001008787014174664,0.052805723910377224,1.1629307487998333,1.0498615502171014,6.533131419113812,0.0804100027821325,0.23199291010099837,0.3447557400172582,0.0730168186155272,0.48335574665843806,0.07260194424346636,0.09555214145189153
price,laplace,NASDAQNQUSB45,1427,-0.015317791001663745,0.009040483128433582,-0.0016140911033839939,0.006217532658736788,-0.01693188210504774,0.007100741652131054,-9.831172539190505e-06,5.523748330974346e-06,-2.1440794629062042e-05,1.0006482261527227e-05,-3.127196716825254e-05,1.0960240208914051e-05,0.027957553886097088,1.196914515091567,0.391683874502068,4.018912837036705,-0.1397847202394516,0.020983923541814047,0.04855301641640345,-0.1487410032777848,0.18875348990327273,-0.04872141366913094,-0.11161305728294299
price,laplace,DCOILBRENTEU,5356,-0.13768646570951731,0.09551708582567335,0.1241306120285465,0.09276075376546053,-0.013555853680970828,0.00625676560609245,-8.792100389278316e-06,5.4858674621887056e-05,-9.427285423985344e-05,3.6876490774792846e-05,-0.00010306495462913175,5.4094941155132324e-05,0.04675086456572528,1.2336025098533194,0.1041807405476759,6.0745729654472544,0.16634665151006756,0.18036288302992726,0.3604025124737208,0.14992138297904917,0.5596712440226344,0.15545156391656398,0.161111727263401
price,laplace,NASDAQNQUSB201030,3774,0.0034189777174522796,0.004365535005483359,0.0027270678461505703,0.004127959766835488,0.0061460455636028494,0.006281448721502361,-9.297875633773696e-07,2.016768109897324e-05,2.0678386687573794e-05,1.9206021701623746e-05,1.9748599124196426e-05,3.2222177302751654e-05,0.037664683593081415,1.059120996162408,0.631115196551851,3.399499033987986,0.028193559781655487,0.011903099483996106,0.20732419353629553,-0.1538944114231109,0.23386606428048573,-0.0565632439102355,-0.13651891009440997
price,laplace,NASDAQXXAU,3690,-0.015532719327499793,0.009564225950076631,-0.0011967628019982053,0.005055764673591564,-0.016729482129497996,0.008690044054912926,-8.479574942944984e-05,3.751978267979695e-05,-3.820727223108334e-05,2.9766270444165935e-05,-0.00012300302166053318,6.149658160035736e-05,-0.03209871065008018,1.0412874499115774,-0.606625846340036,4.975633974475136,-0.09485423229660425,-0.05834537037130235,0.3064751665568182,-0.10261317567776963,0.3129251742770974,-0.03589329197156276,-0.11741334271122245
price,laplace,DEXSIUS,5300,-0.01746244866179931,0.009148578107085253,-0.00802269247326095,0.006808140696480829,-0.02548514113506026,0.014928198023526905,-1.7701339869698445e-06,2.3821665696846317e-06,1.945724616076963e-06,3.0122157000927674e-06,1.7559062910711796e-07,2.9327768022590752e-06,0.01558617442153228,0.897760258383673,0.02127426870100515,2.86752369853712,0.0713063634331946,0.09471344277373574,0.09363758566639747,-0.06750455208405995,0.06085120836065328,0.12946409629785022,-0.07204550047322118
price,laplace,DEXKOUS,5300,-0.12070885550350462,0.1187430973338287,0.0765961925081093,0.08359844123904114,-0.04411266299539532,0.035924649307804035,-1.5412707336224427e-05,1.8082002260280044e-05,-4.280351799132638e-06,8.777734015475714e-06,-1.9693059135357065e-05,1.495824371779492e-05,-0.05031706443911531,1.1779036141666293,-0.18237339300994382,10.283179759593448,0.32284459179090863,0.21625533224503174,0.0201517389141191,0.07593671748107622,0.005487443602266837,0.2617784324248718,0.09156934440193652
price,laplace,DEXSDUS,5300,-0.022791927498798974,0.01049948545325181,-0.008330721414021596,0.005568027206523748,-0.031122648912820572,0.013247456178805146,-2.0017345201752937e-05,6.832869643725474e-06,-7.459763109559207e-07,5.070739972781137e-06,-2.076332151270886e-05,8.795426736945842e-06,0.04462933763210051,1.0112710486031447,0.11469428885732802,3.571826697450399,0.19422909350176615,0.16567499503623018,0.07381844703766954,0.06504503068474199,0.09679933270608931,0.14840070132438116,0.0686592127959488
price,laplace,DEXHKUS,5300,0.022339576662950472,0.007915706854817645,-0.0018512304295558875,0.003578604492939889,0.020488346233394582,0.008396649461887595,-5.24799690372467e-07,9.983876210597266e-07,7.425305517684542e-08,6.042048392693108e-07,-4.505466351956216e-07,1.0886814194140503e-06,0.024556972610054153,0.9575759374942661,-0.24349247460728668,3.379780796863812,-0.1541620600407793,-0.1886104170849925,0.5780331268149597,0.08308889846115838,0.5661053063976569,-0.1390363989573208,0.07212484731225026
price,laplace,DEXSFUS,5300,-0.13158641786112898,0.12179525315003838,-0.06344579708838122,0.06551445551634612,-0.19503221494951023,0.18719412065251104,-3.3285916799225286e-05,2.6768866671660092e-05,-4.688893384883019e-06,1.6836470459728625e-05,-3.7974810184108305e-05,4.167951339971569e-05,0.046819348932444646,1.0749316678900955,0.5899753829740113,4.951872587645093,0.005954544181461421,-0.03383736148417864,0.12307367594018924,-0.05369089179604382,0.13830655566365083,-0.052427817161734995,-0.03894834166436927
price,laplace,VXFXICLS,2646,0.008267573674292282,0.006267749882787984,0.002130955293543863,0.006211680079724753,0.010398528967836145,0.008231998579818964,-0.0005327033813956019,0.0007419723378748391,-0.0006783759401541873,0.0005771184726211028,-0.0012110793215497893,0.0012468191631873004,0.011816744340195903,1.1895257871105351,0.5700569344687134,6.274985549813347,0.27339411541590997,0.18757537300934377,0.49757400092755355,0.12522895241043255,0.5141299941118513,0.2004001374185511,0.10982646229065605
price,laplace,NASDAQQSLVO,3280,-0.013030066336749723,0.007512613657544499,-0.00011802490653003576,0.008671478883562326,-0.013148091243279758,0.004843504849640798,7.313596853109711e-06,9.228019574965913e-06,-1.6515336279663787e-05,1.7481280179602708e-05,-9.201739426554076e-06,1.8417396597637357e-05,0.011862022084539557,1.0645038970755436,-0.7919091955614779,3.9101882285215432,0.16304749123630213,-0.18384093666867238,0.16759599672570036,0.028616838005971167,0.4803342030261814,-0.01832093226326509,0.08672474163140467
