study,model,n_series,win,draw,loss,med_dLL,q25_dLL,q75_dLL,med_crps_ratio
daily:econ,Chronos,1475,18,623,834,-1.0031,-2.3879,-0.4459,1.0247
daily:econ,Chronos&lap,1467,135,898,434,-0.1234,-0.3464,0.0025,0.9992
daily:econ,Chronos+lap,1475,73,758,644,-0.5242,-1.5693,-0.1855,1.0035
daily:econ,Chronos@lap,1475,110,677,688,-0.6402,-1.4993,-0.1949,0.9762
daily:econ,Chronos~lap,1475,222,792,461,-0.0917,-0.5496,0.0860,0.9816
daily:econ,Sundial,1475,7,275,1193,-2.4065,-3.5752,-1.4264,1.0588
daily:econ,TiRex,1475,56,717,702,-0.7176,-1.7112,-0.2839,1.0139
daily:econ,TiRex&lap,1467,136,896,435,-0.1096,-0.3486,0.0031,0.9993
daily:econ,TiRex+lap,1475,91,758,626,-0.4766,-1.3227,-0.1475,1.0004
daily:econ,TiRex@lap,1471,121,667,683,-0.5358,-1.3753,-0.1710,0.9903
daily:econ,TiRex~lap,1475,230,777,468,-0.0940,-0.5510,0.0956,0.9801
daily:econ,TimesFM,1475,93,754,628,-0.7161,-1.6756,-0.2487,1.0081
daily:econ,TimesFM&lap,1475,130,903,442,-0.1463,-0.3567,0.0031,0.9992
daily:econ,TimesFM+lap,1475,121,744,610,-0.4612,-1.2659,-0.1649,0.9973
daily:econ,TimesFM@lap,1475,103,682,690,-0.6181,-1.4390,-0.2156,0.9701
daily:econ,TimesFM~lap,1475,242,762,471,-0.0989,-0.5521,0.1098,0.9759
daily:econ,flowstate,1475,2,255,1218,-2.9232,-4.4160,-1.8970,1.0480
daily:price,Chronos,1805,15,1183,607,-0.5380,-0.8931,-0.2656,1.0155
daily:price,Chronos&lap,1773,49,1680,44,-0.0078,-0.0568,0.0071,1.0009
daily:price,Chronos+lap,1805,85,1521,199,-0.3077,-0.5653,-0.0916,1.0013
daily:price,Chronos@lap,1805,12,1179,614,-0.4372,-0.6627,-0.2606,1.0462
daily:price,Chronos~lap,1805,50,1571,184,-0.0660,-0.2088,-0.0098,1.0102
daily:price,Sundial,1805,1,117,1687,-2.0453,-2.8304,-1.3928,1.0843
daily:price,TiRex,1805,20,1444,341,-0.3873,-0.6479,-0.1874,1.0118
daily:price,TiRex&lap,1778,50,1684,44,-0.0078,-0.0591,0.0074,1.0009
daily:price,TiRex+lap,1805,89,1590,126,-0.2759,-0.4740,-0.0661,1.0018
daily:price,TiRex@lap,1793,9,1173,611,-0.4347,-0.6188,-0.2647,1.0560
daily:price,TiRex~lap,1799,41,1566,192,-0.0747,-0.2210,-0.0156,1.0145
daily:price,TimesFM,1805,24,1226,555,-0.5212,-0.8955,-0.2621,1.0078
daily:price,TimesFM&lap,1805,61,1698,46,-0.0071,-0.0562,0.0077,1.0008
daily:price,TimesFM+lap,1805,106,1514,185,-0.3069,-0.5667,-0.0943,0.9998
daily:price,TimesFM@lap,1805,7,1131,667,-0.4799,-0.7307,-0.3133,1.0460
daily:price,TimesFM~lap,1805,53,1585,167,-0.0666,-0.2097,-0.0107,1.0081
daily:price,flowstate,1805,0,65,1740,-2.6853,-3.4589,-1.9607,1.0531
m4-hourly:econ,Chronos,414,49,303,62,-0.1462,-0.4717,0.0469,0.9048
m4-hourly:econ,Chronos&lap,414,66,327,21,-0.0051,-0.1251,0.0423,0.9720
m4-hourly:econ,Chronos+lap,414,89,303,22,-0.0253,-0.2421,0.0896,0.9067
m4-hourly:econ,Chronos@lap,414,57,308,49,-0.2211,-0.5394,0.0433,0.8867
m4-hourly:econ,Chronos~lap,414,144,251,19,0.0618,-0.1306,0.2132,0.8769
m4-hourly:econ,Sundial,414,1,91,322,-1.4699,-2.3140,-0.7530,1.0523
m4-hourly:econ,TiRex,414,28,325,61,-0.4091,-0.8983,-0.0813,0.9023
m4-hourly:econ,TiRex&lap,414,42,354,18,-0.0109,-0.1473,0.0187,0.9803
m4-hourly:econ,TiRex+lap,414,124,276,14,0.0048,-0.2171,0.1427,0.8997
m4-hourly:econ,TiRex@lap,414,29,331,54,-0.4751,-0.8608,-0.1373,0.8929
m4-hourly:econ,TiRex~lap,414,143,258,13,0.0398,-0.1283,0.2279,0.8860
m4-hourly:econ,TimesFM,414,30,225,159,-0.6253,-2.0352,-0.1215,0.9444
m4-hourly:econ,TimesFM&lap,414,48,344,22,-0.0103,-0.0947,0.0182,0.9903
m4-hourly:econ,TimesFM+lap,414,89,290,35,-0.1203,-0.3801,0.0709,0.9239
m4-hourly:econ,TimesFM@lap,414,25,249,140,-0.5739,-1.5866,-0.1693,0.9190
m4-hourly:econ,TimesFM~lap,414,138,261,15,0.0615,-0.1205,0.2012,0.8909
m4-hourly:econ,flowstate,414,9,146,259,-1.7684,-3.2683,-0.8643,0.9927
monthly:econ,Chronos,3280,187,1950,1143,-0.7381,-1.5781,-0.1891,0.9654
monthly:econ,Chronos&lap,2997,331,2232,434,-0.0750,-0.2598,0.0101,0.9962
monthly:econ,Chronos+lap,3280,644,1899,737,-0.2662,-0.8724,0.0392,0.9606
monthly:econ,Chronos@lap,3037,182,1674,1181,-0.6712,-1.3626,-0.2304,0.9779
monthly:econ,Chronos~lap,3037,337,1581,1119,-0.2107,-0.5497,0.0067,0.9923
monthly:econ,Sundial,3280,18,607,2655,-2.6483,-3.6843,-1.6985,1.0031
monthly:econ,TiRex,3280,178,2120,982,-0.7173,-1.4669,-0.2139,0.9531
monthly:econ,TiRex&lap,2997,285,2333,379,-0.0740,-0.2596,0.0090,0.9956
monthly:econ,TiRex+lap,3280,756,1871,653,-0.2357,-0.8448,0.0786,0.9498
monthly:econ,TiRex@lap,3021,129,1866,1026,-0.6803,-1.3245,-0.2568,0.9741
monthly:econ,TiRex~lap,3031,347,1601,1083,-0.1999,-0.5345,0.0170,0.9786
monthly:econ,TimesFM,3280,213,1905,1162,-0.7818,-1.6647,-0.2260,0.9595
monthly:econ,TimesFM&lap,2997,353,2231,413,-0.0741,-0.2586,0.0105,0.9959
monthly:econ,TimesFM+lap,3280,737,1833,710,-0.2622,-0.8978,0.0647,0.9527
monthly:econ,TimesFM@lap,3037,192,1658,1187,-0.7290,-1.5080,-0.2657,0.9502
monthly:econ,TimesFM~lap,3037,382,1570,1085,-0.1873,-0.4954,0.0222,0.9802
monthly:econ,flowstate,3280,27,732,2521,-2.7282,-3.9285,-1.6835,0.9843
weekly:econ,Chronos,3013,231,1307,1475,-1.0906,-2.7977,-0.3396,0.9687
weekly:econ,Chronos&lap,3011,510,1946,555,-0.0571,-0.2639,0.0301,0.9954
weekly:econ,Chronos+lap,3013,448,1456,1109,-0.3980,-1.5860,-0.0346,0.9636
weekly:econ,Chronos@lap,3011,473,1397,1141,-0.7121,-1.6425,-0.1219,0.9485
weekly:econ,Chronos~lap,3011,489,1414,1108,-0.3300,-1.0281,0.0095,0.9867
weekly:econ,Sundial,3013,161,483,2369,-2.2960,-3.7074,-1.2529,1.0095
weekly:econ,TiRex,3013,235,1445,1333,-0.9361,-1.7917,-0.3509,0.9508
weekly:econ,TiRex&lap,3011,483,1977,551,-0.0571,-0.2630,0.0339,0.9945
weekly:econ,TiRex+lap,3013,518,1453,1042,-0.3398,-1.0754,0.0077,0.9477
weekly:econ,TiRex@lap,3011,471,1432,1108,-0.7147,-1.4313,-0.1595,0.9554
weekly:econ,TiRex~lap,3011,555,1378,1078,-0.3241,-0.9957,0.0411,0.9816
weekly:econ,TimesFM,3013,587,1282,1144,-0.7122,-1.7483,0.0103,0.9525
weekly:econ,TimesFM&lap,3011,528,1926,557,-0.0458,-0.2745,0.0418,0.9945
weekly:econ,TimesFM+lap,3013,581,1493,939,-0.2856,-0.7952,0.0381,0.9550
weekly:econ,TimesFM@lap,3011,385,1360,1266,-0.6869,-1.5934,-0.1103,0.9261
weekly:econ,TimesFM~lap,3011,539,1381,1091,-0.3241,-1.0012,0.0312,0.9802
weekly:econ,flowstate,3013,130,304,2579,-3.0581,-4.5765,-1.9091,1.0063
