series,n,gap_raw,gap_std,gap_white,gap_pit
AAA10Y,5392,0.13895199607354605,-0.019373531526439353,-0.019964292021252196,-0.019279736114781593
AAAFF,5392,0.14606711892751245,0.009938574093530593,0.00929227586513971,-0.002648285562735861
ABCOMP,1125,0.0074523186122327,0.03776954659291949,-0.02212816026591515,0.006694106378795881
ABCOMPN,1125,0.04225831033631632,0.026816123879499783,0.022012718233275247,-0.0017677116743251536
ADPWES1T19ENERSA,853,0.4370490658582944,0.03218281549748494,-0.00997544314072213,-0.05299936870881407
ADPWINDCONNERSA,853,0.14632374837394624,0.030849362780715817,-0.006925440851844256,0.025562222710092963
ADPWINDMANNERSA,853,0.6242476416588795,0.05333251716903501,0.011188024314452481,0.03335505241682251
ADPWINDPROBUSNERSA,853,0.13527054841876007,-0.023525991634021654,-0.01622975746606051,-0.05299038842379878
ADPWNUSNERNSA,853,-0.027012169824731282,0.21747926558241815,0.37895649747474325,0.3423593418924404
ADPWNUSNERSA,853,0.6856584762527065,0.04676430426800287,-0.0004837134921482198,0.01585886918034184
ALLACBW027SBOG,890,0.43043109623928605,0.2745748284205244,0.24705853145307377,-0.012581151053393956
AMBOR1M,797,0.5678703799552994,-0.1921686383166134,-0.2148948781028564,-0.06399752980628447
AMBOR3M,797,0.39570647615808735,-0.033372433043939394,-0.04020318877011472,-0.12570788066612154
ANFCI,1124,0.6654607677230084,0.47643484527295205,0.14478357488916313,0.18308251546541385
AOLACBW027NBOG,1124,0.06261435612717778,0.10037643482396678,0.07774611502886089,0.033371231806745394
AOLACBW027SBOG,1124,0.1253708160736455,-0.08785484244379357,-0.10682638875884332,0.0020991571487741912
BAA10Y,5392,0.1274521808261265,0.01049622180027525,0.009743034715503151,-0.011989501656161528
BAAFF,5392,0.14276855041774236,0.02611772487070851,0.026465349582441233,-0.0017438553209674244
BAMLC0A0CMEY,785,0.014645244371205665,-0.003639250894290658,-0.0033877129939125644,-0.003801385927727951
BAMLC0A0CMSYTW,786,0.01724229742257176,-0.010238601008632222,-0.01046804154423146,-0.010114937992367847
BAMLC0A1CAAAEY,786,0.03591080928255519,-0.009249812919460854,-0.00749580044982515,-0.014604268387903045
BAMLC0A1CAAASYTW,786,0.03617477195654195,-0.010983842744323914,-0.009686192511902975,-0.018253293658694526
BAMLC0A2CAAEY,786,0.023748012331861735,-0.00613737367482746,-0.006430674964563602,0.002275211451959699
BAMLC0A2CAASYTW,786,0.018044166398528343,-0.007183303819246535,-0.007947064796369582,-0.0009883489422534072
BAMLC0A3CAEY,786,0.012451082895215597,-0.008829817162683948,-0.00773105957733072,0.003069032463469794
BAMLC0A3CASYTW,786,0.01365462806817157,-0.012203639714746483,-0.013035383945539502,-0.009104950474266264
BAMLC0A4CBBBEY,786,0.0216269550239117,-0.003761242158863849,-0.0029035650756664834,0.0025003238573783003
BAMLC0A4CBBBSYTW,786,0.011325970982591577,-0.005442680632369841,-0.006749481920962982,-0.004697200654108525
BAMLC1A0C13YEY,786,-0.006761066158535373,-0.006535922792357469,-0.00677175260092005,0.008039716685155093
BAMLC1A0C13YSYTW,786,-0.010351620486035194,-0.008146669537109965,-0.006256959502587669,-0.003753592031313874
BAMLC2A0C35YEY,786,0.004813617342934613,-0.009914992632802329,-0.008433313827174688,-0.007774567590514251
BAMLC3A0C57YEY,786,0.01067883429134686,-0.011170194271188462,-0.012015434763538358,-0.010110672923006242
BAMLC4A0C710YEY,786,0.020941269809168418,-0.013187548222839829,-0.011239345924578892,-0.015116714308488401
BAMLC4A0C710YSYTW,786,0.026729494013753595,-0.011891481518571532,-0.012356846972351341,-0.01128227840056665
BAMLC7A0C1015YEY,786,0.026147597452989127,-0.007071648624025456,-0.0076933417651514745,-0.010220245365979158
BAMLC8A0C15PYEY,786,0.04672725787796241,-0.004987692191809728,-0.0027766151283125278,-0.011165339506771363
BAMLCC0A0CMTRIV,786,0.039647578719817674,-0.02371622989173143,-0.019401629077042248,-0.03094215854656632
BAMLCC0A1AAATRIV,786,0.018391452435376654,-0.034999689577935755,-0.0329105623388483,-0.03177036325985669
BAMLCC0A2AATRIV,786,0.031188840464959604,-0.030569520968271112,-0.029785244304202648,-0.033678730580304156
BAMLCC0A3ATRIV,786,0.03925272892214882,-0.025453163218720903,-0.02214999613056029,-0.03132974452307181
BAMLCC0A4BBBTRIV,786,0.042744435101808795,-0.01696954601624012,-0.012072450340503879,-0.029863916676498677
BAMLCC1A013YTRIV,786,0.025333410524868972,-0.011309236732910049,-0.004347199432943283,-0.012318307465662828
BAMLCC2A035YTRIV,786,0.019986021019924544,-0.021696850788341007,-0.02210817624296218,-0.017830623789166052
BAMLCC3A057YTRIV,786,0.027953207626282717,-0.02548069174418245,-0.02616130123410278,-0.01911820711615229
BAMLCC4A0710YTRIV,786,0.04182969080218696,-0.026630949259943932,-0.01907853292215764,-0.031452865465949706
BAMLCC7A01015YTRIV,786,0.032473157878976956,-0.02879265710971724,-0.02206922747589516,-0.030365196666998343
BAMLCC8A015PYTRIV,786,0.03062959611531816,-0.02111862681112367,-0.015062097753646695,-0.030774186904539525
BAMLEM1BRRAAA2ACRPIEY,786,0.018051238207096466,-0.007765383279259372,-0.01632265262027622,-0.012794163780678625
BAMLEM1BRRAAA2ACRPIOAS,786,0.01690966412275514,-0.006161626210745023,-0.02203103531172945,0.02627549901570584
BAMLEM1RAAA2ALCRPIUSEY,786,0.009659406905921798,-0.009193895789087417,-0.021854992347822004,-0.007265353347959762
BAMLEM2BRRBBBCRPIEY,786,0.041037590599580176,0.026624893281699064,0.024226232703094545,-0.010342809557833333
BAMLEM2BRRBBBCRPIOAS,786,-0.0037439185474031204,-0.007757839311334798,-0.0066333420024459345,-0.00466868580442802
BAMLEM2RBBBLCRPIUSOAS,786,-0.0031780036391049504,-0.0078080356732044805,-0.011526226577880648,-0.01165726388126422
BAMLEM3BRRBBCRPIEY,786,-0.020204984078292135,-0.0399898405622427,-0.055012704867683455,-0.05884526269438835
BAMLEM3BRRBBCRPIOAS,786,-0.030269838960784952,-0.0005903989440709286,0.011280725523136408,-0.014676114082823979
BAMLEM4BRRBLCRPIEY,786,0.057172043680538846,-0.10315779304764545,-0.1124239888114418,-0.10334812064169842
BAMLEM4BRRBLCRPIOAS,786,0.07710217627320598,-0.05562351602727412,-0.05925613214688943,-0.041745832047845516
BAMLEM4RBLLCRPIUSEY,786,0.029175798989590634,-0.14573365559420778,-0.15225707432997632,-0.09673912483576871
BAMLEM4RBLLCRPIUSOAS,786,0.08119148907758275,-0.054744758567466245,-0.05647782657467135,-0.03510620391538351
BAMLEMALLCRPIASIAUSEY,786,0.06027227743823358,0.049200395405688324,0.04860869619613753,-0.004707426539842696
BAMLEMCBPIEY,786,0.033369939860480625,0.03289876688738323,0.029917168777614994,-0.008425687742624711
BAMLEMCBPIOAS,786,-0.006514481557025454,0.0026361476126045133,0.006971360348559623,-0.020036861684217068
BAMLEMCBPITRIV,786,0.04998959043982437,0.056582824924081655,0.03824795541052414,-0.028065903289368335
BAMLEMCLLCRPIUSTRIV,786,0.04726371826411835,0.048761927714621386,0.03202938861283066,-0.03401931481343818
BAMLEMEBCRPIEEY,786,0.016642722808394995,-0.030247632554995223,-0.03211419744263499,0.002907061958961606
BAMLEMEBCRPIEOAS,786,-0.009332078707453326,-0.01931685329887839,-0.020222505914923392,0.001325086850282963
BAMLEMHBHYCRPIEY,786,-0.0031622879162569277,-0.11273450290908942,-0.10056450019992838,-0.06172675434550383
BAMLEMHBHYCRPIOAS,786,-0.017231976539663386,-0.017271279654380783,-0.008848771543717096,-0.009738868564788795
BAMLEMHBHYCRPITRIV,786,0.0354866020126166,-0.028740289749969457,0.021984155431654225,0.17743525980808508
BAMLEMHYHYLCRPIUSOAS,786,-0.017884992229437454,-0.035928231198992626,-0.03228714105220499,-0.00897431245243021
BAMLEMIBHGCRPIOAS,786,0.0024893429637101116,-0.00755160197311988,-0.009655522381341285,0.011647194560855119
BAMLEMPBPUBSICRPIEY,786,0.022078287787033815,0.0038992761970680725,-0.008929420674322572,-0.018460673699825073
BAMLEMPBPUBSICRPIOAS,786,-0.0018920023536853974,-0.0025501422596863905,-0.005200055347095353,0.013220269207888394
BAMLEMPUPUBSLCRPIUSOAS,786,-0.003179230627739719,-0.005577389014856541,-0.004020918753747958,0.011989172030629288
BAMLEMRACRPIASIAEY,786,0.05165387862733536,0.054160149077057414,0.049040743382508474,-0.004606177084147685
BAMLEMRACRPIASIAOAS,786,-0.005228459809176037,-0.02936191013456805,-0.04020914877348884,0.006179235252893286
BAMLEMRACRPIASIATRIV,786,0.051350466245987735,0.0407447201458555,0.038172342380297306,-0.01697295807694945
BAMLEMRECRPIEMEAOAS,786,0.003580115136950304,-0.00494912474158491,-0.00662762283651074,-0.007788820695521523
BAMLEMRLCRPILAEY,786,-0.06340798903129678,-0.061705819158967966,-0.0627758209114113,-0.03548092810684376
BAMLEMRLCRPILAOAS,786,0.010644046748205554,-0.014311737461782657,-0.01637172999826003,-0.021310841310116502
BAMLEMRLCRPILATRIV,786,-0.016700413177601993,-0.0332260327484264,-0.04854229964082639,-0.04777060675836034
BAMLEMUBCRPIUSOAS,786,-0.024168273950965945,-0.005016844111254354,-0.0028979430752787447,-0.021001707419356325
BAMLH0A0HYM2,786,0.06517271880531085,-0.025295751796325892,-0.028340755632843443,-0.013178237472803797
BAMLH0A0HYM2EY,786,-0.011774053633467037,0.003038063663437484,0.00724644184903787,0.0071707813349149024
BAMLH0A0HYM2SYTW,786,-0.002218555325372871,0.0022838245889840163,0.006061277684290713,0.008076372873011987
BAMLH0A1HYBB,786,0.02278922666579212,-0.019733952505381694,-0.018449951854830237,-0.01383510664762344
BAMLH0A1HYBBEY,786,-0.010463240171287571,-0.0284824812473925,-0.02448306625130037,0.06655760150251488
BAMLH0A1HYBBSYTW,786,-0.0020444356246804157,-0.007596776533843926,-0.0066715639219496504,-0.005713674090980867
BAMLH0A2HYB,786,0.03529141952877232,-0.038843502576452776,-0.03707415077148782,-0.015327726510607289
BAMLH0A2HYBEY,786,0.0010003452289198984,-0.0023977997231319744,0.0020778946863227723,0.002226151393006895
BAMLH0A2HYBSYTW,786,0.014504038590141207,0.0054361488383015055,0.011142685018163798,0.008183708943626772
BAMLH0A3HYC,786,0.0013680730619785885,-0.03290061964446381,-0.034730612983628895,-0.016655006269235995
BAMLH0A3HYCEY,786,-0.03628236426766188,0.16163847846929294,0.30063339104197245,0.32777257158656226
BAMLH0A3HYCSYTW,786,-0.03877799027129327,-0.03441345304321597,-0.022599176727955726,-0.03920326436251003
BAMLHE00EHYIEY,786,0.05500325769583155,-0.08318762979102039,-0.08842423204499383,-0.09838159013398426
BAMLHE00EHYIOAS,786,0.006233343518449995,-0.033173514533516656,-0.029035879104166818,-0.03615202969814563
BAMLHE00EHYISYTW,786,-0.027377462229425446,-0.07553413177301116,-0.07163652719377957,-0.0726600820586296
BAMLHE00EHYITRIV,786,0.02473160245146481,-0.15091378614626397,-0.08055231076870731,-0.11135576678228644
BAMLHYH0A0HYM2TRIV,786,-0.02151199884873765,-0.01964984476402109,-0.010525729750429627,0.016911881834471003
BAMLHYH0A1BBTRIV,786,-0.01568836416919496,-0.04481341367984469,-0.0386419912068037,0.057704264581671744
BAMLHYH0A2BTRIV,786,-0.005122396515717789,-0.010701068144548291,-0.0061208929165380305,-0.01755410999773665
BAMLHYH0A3CMTRIV,786,-0.020037207345191252,-0.026307061764179858,-0.019852240715071082,-0.04802212848311424
BOGMBASEW,818,-0.13256791996078227,-0.12090812216025858,-0.1240772567510263,-0.18304348877512844
BRMTG0101,1095,-0.007399806526795114,-0.04662451984655666,-0.028003223008462214,-0.05169852705544524
BRMTG0102,1095,-0.005885880378025681,-0.026431753106278696,-0.028942682542142373,-0.0072359587035943545
BUSAPPWNSANER,1067,-0.1670423483610251,-0.1943922610078432,-0.20639821425478327,-0.19505801171160217
BUSAPPWNSAUS,1067,-0.15438131889847537,-0.19161764862114447,-0.1894286790954971,-0.22216124318216687
BUSAPPWNSAUSYY,1012,0.1276122801699104,0.2529867705853718,0.24444146702590153,-0.01678097928354201
CACCLAIMS,1124,0.06183082104437163,0.004518426247472823,0.02730327401053476,-0.05367875708773731
CAICLAIMS,1125,0.15177690161463542,-0.007024263724052,0.014288027742906103,0.0001673774379877729
CASACBW027NBOG,1124,0.09374553649703322,0.005275773848589145,0.009875078771714554,-0.0018216757172491494
CASACBW027SBOG,1124,0.1154595734108297,0.028600848684824057,0.0037845296064675615,-0.019913636432030323
CASLCBW027NBOG,1124,0.08060115176806407,0.04172730048932436,0.04894387319453617,0.015079377561480433
CASLCBW027SBOG,1124,0.11007347958479467,-0.009718414273774964,-0.023069425141128013,0.013994995558217461
CASSCBW027SBOG,1124,0.07228263109271989,-0.02530969025847766,-0.03531301119419193,-0.013049917214651202
CBBCHUSD,3141,-0.008595947069881694,-0.03576363226360538,-0.04667107549496887,-0.03436709142348683
CBBTCUSD,4227,-0.0006700628793133932,-0.0442866630367635,-0.05972769149226926,-0.04532247902321592
CBCCIND,1972,0.02136125076249969,1.5957575682922274,1.9646325967138836,0.5336802556228472
CBETHUSD,3725,0.018391254928277263,-0.03285032190462024,-0.034029615612042964,-0.03681323983735394
CBLTCUSD,3635,-0.00496828447854154,-0.03954169250696074,-0.03978754140149677,-0.0321639838773818
CC4WSA,1124,0.1434892712590873,0.038548441585393875,0.0021616972829116895,0.05831070901845281
CCLACBW027NBOG,1124,0.02572699553496719,-0.12889078303474963,-0.1545730219914054,0.10258968974059846
CCLACBW027SBOG,1124,0.42687078142150714,-0.1483719601683768,-0.2055510435956484,0.12092487835410554
CCNSA,1124,0.10195220297857205,-0.18546739408878685,-0.1621629917755046,-0.20971344629846964
CCSA,1124,0.10836594839909211,-0.0696434492876812,-0.09017575134514863,0.0676933855147759
CIBOARD,1124,0.23880463801562538,-0.06508031715407912,-0.07058605655113559,0.009674658937331946
CIBOARDNSA,1124,0.22471154520978784,-0.025396979423595246,-0.039473896214626034,0.023428445409737955
CILSCBW027SBOG,1124,0.30168831120070544,-0.23978648043599032,-0.2364703133657202,-0.07049971117102603
CLSACBW027SBOG,1124,0.2289408753629066,-0.2217972081734246,-0.2580014765695831,0.067899681225437
COMPAPER,1125,-0.016074905374853798,-0.019111653650292076,-0.02098804456752515,-0.021280763881804447
COMPOUT,1125,-0.018615480795279356,-0.015883830629439117,-0.01773336624757109,-0.03554843708028833
COMPUTN,1125,0.0017680768561110097,-0.02685399416099408,-0.02394579840110961,-0.01949073479951452
CPFF,4722,0.2768301133467646,0.046210991597963505,0.022454086764348756,0.007889700000642255
D2WATAL,1125,0.02933378518859489,0.002601589855673803,-0.002505136675787919,-0.0015741062159808277
D2WLTGAL,1125,0.11687945802201052,-0.0859826560313464,-0.07708878966880278,-0.05382392802390037
DAAA,5398,0.13990042127247257,-0.0014063665112575498,-0.001263823680306642,-0.002991445248090714
DBAA,5398,0.07669095947703349,0.0028571236514258833,0.0006733954653260164,-0.0050562327885927015
DCCCLAIMS,1124,0.17585026038301435,0.1856229904895753,0.2850823530942667,0.09562636876947704
DCICLAIMS,1125,0.1195979247581507,0.030653131128265905,0.02978103230340008,-0.015213537098878405
DCOILBRENTEU,5457,0.20765217233348607,0.006314463737478982,0.003225652473938454,-0.006929669514979708
DCOILWTICO,5410,0.1302546641147404,0.004304188127291285,0.005675794009052916,0.004391191596835166
DCPF1M,4058,0.9355320475933544,0.06142986733260396,0.0030517386761064686,-0.0003625454327260461
DCPF3M,4722,0.6770426327289593,0.039416542470452946,0.010429561213643766,0.012998986552690854
DDFUELLA,5402,0.12735639323518,0.013739898677539168,0.01079245089506297,-0.003754023458593953
DDFUELNYH,5046,0.15082443729897757,0.01141074638937546,0.008600543302016452,-0.005608606997303625
DDFUELUSGULF,5046,0.15173711735187095,0.005672752131548215,0.0031849620879042264,-0.006607036897030606
DEXBZUS,5401,0.08250874544111685,0.014393717181093422,0.013766894787396003,-0.009657446729362982
DEXCAUS,5401,0.09097047552673808,-0.0003643510300041408,-0.0016122925320594486,-0.010035430481852133
DEXDNUS,5401,0.0702803980202297,0.003655033457846757,0.002892049546861734,-0.008153369696276428
DEXHKUS,5401,0.13410659958799637,-0.02993028019041876,-0.0357684249386907,-0.02370893326917804
DEXINUS,5400,0.10819306353379175,-0.019634436973156786,-0.015428438983458328,-0.021331243350348826
DEXJPUS,5401,0.04439679355708418,-0.0015263327370023615,-0.0036137115961461914,-0.0049890301024676864
DEXKOUS,5401,0.16119482024183127,-0.011242229162020657,-0.011704220307242049,-0.019596666681700497
DEXMAUS,5401,0.13026444509824808,-0.005818680297944539,-0.014463998400604451,-0.010929569015053939
DEXMXUS,5401,0.15572768285197314,0.010400067713885418,0.011762535278891118,-0.008843446837236462
DEXNOUS,5401,0.06108040782575469,0.003810886343606117,0.0037083527473189175,-0.006082324534335991
DEXSDUS,5401,0.06308918765477252,-0.004360947552048783,-0.003527537456584514,-0.00914716303252837
DEXSFUS,5401,0.05554652213151109,-0.006608951560364014,-0.00591686190741864,-0.012575791469172766
DEXSIUS,5401,0.04988353004315404,0.0037112180310280153,0.0035285225640546004,-0.005787470538917901
DEXSZUS,5401,0.07297085777017355,0.001464660150954657,0.001661280199533232,-0.005369735489048753
DEXTAUS,5398,0.062418970846466006,-0.00979083145079235,-0.011371241977061379,-0.025012389723313457
DEXTHUS,5401,0.08233076997036784,-0.01871721325107061,-0.016963813548950903,-0.017485908423340798
DEXUSAL,5401,0.10569248938065263,0.010132530774881158,0.009113696802396638,-0.006328956882534539
DEXUSEU,5401,0.07040935276509415,0.005503962829891798,0.004232524409400092,-0.00738994693008275
DEXUSNZ,5401,0.07133166701672121,-0.012634926998684641,-0.012463658498663722,-0.016543520718217714
DEXUSUK,5401,0.10046643985155085,0.005014791042574901,0.0045769428029181335,-0.0067726682596799224
DFII10,5397,0.09389173184422021,0.006575615001994403,0.006879228998606672,-0.005143779988558649
DFII20,5397,0.06966538797213967,-0.001165822603955258,-0.0013388346755904056,-0.0030985627349630544
DFII30,4112,0.08567289424704107,0.005744980558331804,0.004637459540366737,-0.0044814426080345745
DFII5,5397,0.07067890464070321,0.008799905939527347,0.011064552663388039,-0.0031587704176481955
DFII7,5397,0.084925688229505,0.022988337002234953,0.023209224734868632,-0.00413617209931985
DGASNYH,5408,0.10983111168801928,0.00970986604304345,0.013732884321800115,-0.01190679565795591
DGASUSGULF,5405,0.11872081823843195,-0.013216951396032722,-0.007511664600420281,0.0541473442204713
DGS10,5397,0.2615948084017684,3.95428712155471e-05,0.0010804890486354525,-0.011732819245958452
DGS20,5397,0.23704090807593753,0.003083312709080684,0.0024867468530867724,-0.01042848879340237
DGS3,5397,0.3050412992046352,0.00867118538781283,0.008888576257088943,-0.005871825645277324
DGS30,5397,0.19400883659999552,0.0037720088050013085,0.005724718178140112,-0.002916753491031207
DGS5,5397,0.2570923229589259,0.006290591246747107,0.006098778718873299,-0.010331117664378407
DGS7,5397,0.22001856876572148,-0.0012094810449385877,-0.0007356562126725251,-0.007375931451041864
DHHNGSP,5421,0.22314791635609083,0.019290457267901955,0.014061367917415557,-0.015015014302269912
DHOILNYH,5408,0.14918029692639243,0.011020063824200855,0.011785719913739357,-0.0005063039236074085
DJCA,2513,0.15302939699554852,-0.02448487874006905,-0.024484896332796446,-0.008467755618738665
DJFUELUSGULF,5407,0.1704389998335508,0.028208357846262196,0.028863975442874074,-0.0034429843910707258
DJIA,2513,0.16971822110103588,-0.028722966523137085,-0.02985426154608983,-0.012676085097711422
DJTA,2513,0.08896545846330774,0.00876977465564935,0.010396763438167216,-0.0005138987013584847
DJUA,2513,0.14362429384941738,-0.006603230947153061,-0.006577721744691045,0.006032734991024497
DLTIIT,5398,0.07461757616213455,0.004064415462812822,0.005982971609161881,-0.0004152959268783972
DNFINCP,1125,-0.015376045828009484,-0.02724496858826724,-0.025899626229207797,-0.006418690143907082
DPROPANEMBTX,5399,0.06534333497962078,-0.02576121970309387,-0.02378255244742291,-0.026849510476744016
DPSACBW027NBOG,1124,0.05885756476978662,0.02646741793269671,0.01878400783591646,0.025148187927754348
DPSACBW027SBOG,1124,0.08040632725767587,0.03401031027410074,-0.011914758633512657,0.07489735580008773
DPSDCBW027SBOG,1124,0.09001742064079357,0.04879326345792988,-0.0010426705048034643,0.03274358061221177
DPSLCBW027NBOG,1124,0.05007058147842688,0.001079758969524835,0.0022635076633681687,0.004918839223105086
DPSLCBW027SBOG,1124,0.08523553311480653,0.012175447224981165,-0.01967297278165454,0.025067784624332384
DPSSCBW027NBOG,1124,0.052193153336736436,0.04256673345974915,0.04405886235265995,0.019385817883678914
DPSSCBW027SBOG,1124,0.09601437083906235,-0.00344620902860363,-0.0465076039800898,-0.010866691808415242
DRGASLA,5407,0.12031902287996357,-0.008720047684931672,-0.007702577130155134,-0.018067991879254158
DSWP10,2958,0.19439752353117196,0.006922306132646135,0.007578491860641947,-0.0045249204515913485
DSWP2,2958,0.24944776919542117,-0.014525825039442008,-0.01380781713357602,-0.009858559743080928
DSWP3,2958,0.25255152335562814,0.013673925130588386,0.014032625713358069,-0.007826275390980549
DSWP30,2958,0.18107887570311473,0.0076034788398232035,0.007201989774600402,-0.004489107758863989
DSWP5,2958,0.21646378289992288,0.006981405180984297,0.0070424920465449944,-0.010400453567724849
DTP10J26,2461,0.3494625248792195,0.025820393520621425,0.022176036196088517,0.020246696108379997
DTP10J28,2127,0.14060325897750156,0.0013378577693519294,0.0016747040837261284,-0.012580869498380071
DTP10J30,1610,0.040857799035456756,-0.006466504639070215,-0.006832886591867594,-0.006425727279030731
DTP10L26,2481,0.36744411095987956,-0.003710573959611117,-0.003481457717365657,-0.01710998131261286
DTP10L27,2251,0.17169427314480207,-0.010356379669806166,-0.008026293033733263,-0.009491134595865378
DTP10L28,2002,0.10614516649926711,-0.0035097066852190365,-0.004042734253861799,-0.011548287166266349
DTP10L29,1749,0.05055476205527984,-0.013753002060275828,-0.013070047989900918,-0.012296690277794398
DTP20J26,4004,0.28133188840573203,0.023767926128854977,0.025176671703334732,-0.008853243447873272
DTP20J27,4141,0.15508827839098177,0.006671368967456068,0.007607562489934078,-0.006879220765883779
DTP20J29,4138,0.1214466764766397,0.007569194103594959,0.007480846801853492,-0.0033639825406805357
DTP30A28,5393,0.10934563199610865,0.0017434230815847058,0.0019135652733774794,-0.005037295675185512
DTP30A29,5391,0.10592315793833253,0.004384559637852464,0.005154441634424762,-0.005524936662132957
DTP30F40,4107,0.08040651808284532,0.00253889547859255,0.003665674369587328,-0.006565535241692883
DTP30F43,3344,0.10152148839616251,0.0035472650669775246,0.003211946460330536,-0.008095664584036417
DTP30F45,2848,0.11746053830679266,0.0022069217804915253,0.003052994123803662,-0.0070360262927057545
DTP30F50,1607,0.03529102543537748,0.007630337760739754,0.0013000466932519494,0.028199577053255247
DTP5A25,1195,0.2151499660332949,0.01734871475381368,0.017381012385643733,-0.03070041858431388
DTWEXAFEGS,5153,0.07198821162599538,0.00199337640624941,0.0009051018300709895,-0.0050271327767348615
DTWEXB,3774,0.08008763093621957,0.0076595023754540935,0.006877035033262893,-0.012881659825321131
DTWEXBGS,5153,0.061221564750258396,0.010911970345665671,0.0024339278150907785,0.024873575165013935
DTWEXEMEGS,5153,0.09288000229190545,0.004988133135316385,0.0046592381914226265,-0.010700082516813708
DTWEXM,3774,0.08823928457132812,-0.008583379652518625,-0.009980008455954552,-0.006933875384837379
ECBESTRNUMTRANS,1749,-0.20216054513348763,-0.2312424968455163,-0.21842270944142278,-0.17106531534761169
ECBESTRTOTVOL,1749,-0.1065761963389979,-0.10118912683666768,-0.09073304524506104,-0.08340529880032962
EFFRVOL,2617,-0.00812187724590718,-0.058922520874787415,-0.048126414173775625,-0.04351125023113298
EVZCLS,4359,0.1002060249755287,-0.019778533774773913,-0.017906672458787045,-0.03101697585855809
EXCSRESNW,818,0.5699428127016676,-0.02475714726447896,-0.028352651633312045,-0.1070335733554527
FINCP,1125,-0.02542409715606332,-0.023887088582723225,-0.022881354416190127,-0.034615899985031354
FINCPN,1125,-0.019668652353321745,-0.024906078082381326,-0.027869855816580864,-0.03129235841566371
FLICLAIMS,1125,0.09843244891868223,-0.04495464192647026,-0.03223362859243308,-0.037692681328664615
GASDESECW,1125,0.2657806655570581,0.02686309435261405,0.03599448040360747,-0.06615193028777804
GASDESGCW,1125,0.2682424716718016,0.03272960225932833,0.031870824901615524,-0.0426778283404117
GASDESLSMWW,1016,0.3009186830212296,0.1709216681350567,0.18279173353030795,-0.05138971282323409
GASDESLSW,1016,0.35093543795165855,0.048470737591845614,0.03965640449982852,-0.06831780877988058
GASDESMWW,1125,0.21149791751729577,0.1444508031794715,0.16006802474677076,-0.05037956307136816
GASDESRMW,1125,0.19609921494754645,0.04435664980068735,0.1376890055406726,-0.023826821885959106
GASDESW,1125,0.28229818167763826,0.03363460605823226,0.047325492998649334,-0.040081105485358634
GASDESWCW,1125,0.23849712426071276,-0.0076205013304796124,-0.0009830019972344088,-0.03059746231423469
GDBFRW,839,0.0916752124386051,-0.04312914376234306,-0.052084741347623635,-0.04203279080400122
GVZCLS,4570,0.005756697850282635,-0.03055307477605705,-0.02506239600815701,-0.03049652792334597
H8B3092NCBA,863,0.017601963451116538,0.000611778319861846,-0.007490909160273393,0.03279404365007309
H8B3094NCBA,1124,0.1349002944758493,0.058843622638636614,0.0553067800352092,-0.019753139920410525
H8B3094NCBD,1124,0.09454598420756447,0.034194749330111955,0.03514297000531259,-0.010952983339686938
H8B3094NSMA,1124,0.014046110470494342,-0.1425330882210099,-0.1422085755002338,0.01808783561365258
HBUSAPPWNSAUS,1067,-0.13569091619599016,-0.1722220085709268,-0.0483772267169282,-0.20639126001002356
IC4WSA,1125,-0.14975427458297313,-0.2473007786178839,-0.2698918652880103,0.1565698699178749
ICNSA,1125,-0.03453233305285303,-0.0913491506218702,-0.09407398995328352,-0.005622745554876411
ICSA,1125,-0.024967105405885037,-0.13462194820998793,-0.15945516463858594,0.11559680297773325
IHLIDXAU,2365,0.03160933476853017,-0.0004485459146140015,2.4971158644653816e-05,-0.015923586005711095
IHLIDXAUTPSOFTDEVE,2365,0.04147243878897826,0.00015425676073832948,-0.00035486422510327953,-0.01067374166523952
IHLIDXCA,2365,0.028974323789877285,-0.007936116620743427,-0.007812666885748805,-0.01778959194164946
IHLIDXCATPSOFTDEVE,2365,-0.0007744458103326926,-0.018014464547396577,-0.006588547035724909,-0.012409564842257727
IHLIDXDE,2365,0.048644205847694556,0.012671133315565705,0.009705852383630777,0.0025693196486723485
IHLIDXDETPCIVIENGI,2365,0.020231164595063647,-0.016617596493582527,-0.01320420092156751,-0.017545435901554374
IHLIDXDETPELECENGI,2365,0.03408177574204291,-0.007069404220175934,-0.016894891470070342,-0.012883550515791976
IHLIDXDETPINDUENGI,2365,0.04193750203522216,0.022252690856239467,0.0172502587118854,-0.0069793400382191575
IHLIDXDETPSOFTDEVE,2365,0.012908590548692549,0.0035066795929328248,-0.0006356934658138466,-0.01096799465294471
IHLIDXFR,2365,0.046360773958791436,0.0015421114529085656,0.0007788635323956583,-0.01540093310689006
IHLIDXFRTPSOFTDEVE,2365,0.031465321068999436,-0.01003777068381349,-0.01108188084252442,-0.0005006751857238446
IHLIDXGB,2365,0.06533459125088309,-0.012428604586529933,-0.012789031874141986,-0.009812926158480945
IHLIDXGBTPBAFI,2365,0.02236820774851584,2.3859900269380847,2.454068288451492,0.8801218328150199
IHLIDXGBTPCIVIENGI,2365,0.08737127521058675,-0.0103650898285197,-0.014321224012113509,-0.02108250007199871
IHLIDXGBTPSOFTDEVE,2365,0.0012168976018981379,0.002412165793344798,-0.005508564953228754,-0.0233382788796268
IHLIDXNEWNSAUS,2365,-0.1569635092849105,-0.1851458365763794,-0.14423890913415563,-0.11594097206233568
IHLIDXNEWUS,2365,-0.07276384052012565,-0.08497090357974527,-0.09060306154533371,-0.06717726469804179
IHLIDXNSADE,2365,0.013848081132308383,-0.010952637538151134,-0.011155116191550858,-0.01858531687537247
IHLIDXNSAFR,2365,0.013073184566244086,-0.014694048652601804,-0.019629335918361992,-0.02156297551776523
IHLIDXNSAGB,2365,-0.03991401966854037,-0.05779555426975893,-0.05613171232564458,-0.05519009021666778
IHLIDXNSAUS,2365,-0.00561167115561857,0.20809590575844458,0.3658921057498387,0.21157422105461432
IHLIDXUS,2365,0.02484770784927121,-0.01662931204267685,-0.02959927261663641,0.0034906791532105753
IHLIDXUSCA,2365,0.03458553973078154,-0.006428548035282186,-0.009564653317751545,-0.010200177483691866
IHLIDXUSTPACCO,2365,-0.01747593219313281,-0.17881744495141086,-0.17207610503655563,-0.12726677551278429
IHLIDXUSTPARCH,2365,0.04507257011894659,-0.015437283588934356,-0.015053479354426611,-0.022799146849083695
IHLIDXUSTPAREN,2365,-0.03896127528051842,-0.021731228678797797,-0.0301347949888614,-0.020933972221871024
IHLIDXUSTPBAFI,2365,0.04921477325366131,-0.01658007945599575,-0.01147764417634964,0.07318315081222507
IHLIDXUSTPCIVIENGI,2365,0.03845570302058424,-0.0012209774803808155,0.0019344899236779659,-0.01184620291861031
IHLIDXUSTPCONS,2169,0.14240121921563417,-0.0162641924725695,-0.019397580870250772,0.011075364501647183
IHLIDXUSTPCUSTSERV,2365,0.03329621555434704,-0.04005989726206073,-0.028842408615874695,-0.027613235516891432
IHLIDXUSTPDENT,2239,0.004421854602441658,-0.05718241940821318,-0.05423020422961675,-0.04008019884895215
IHLIDXUSTPDRIV,2232,-0.20014929720753008,-0.28042246250683495,-0.2915126762515479,-0.20886667471419676
IHLIDXUSTPELECENGI,2365,0.00472667249859972,-0.01869496251285747,-0.014525099947179104,-0.02503534597365333
IHLIDXUSTPFOPRSE,2365,0.010093186921057182,-0.0024396190462615203,-0.028828258488313833,0.0015009802233242678
IHLIDXUSTPHOTO,2365,0.05425224242122987,-0.03659406766721607,-0.019191106249346283,-0.02258697165965133
IHLIDXUSTPHUMARESO,2365,0.03422904221441937,-0.02393670732455468,-0.028669808611124652,-0.019453230228079675
IHLIDXUSTPINDUENGI,2365,-0.0026626632230198964,-0.02874724419232157,-0.030213060840515202,-0.029483539749256316
IHLIDXUSTPITOPHE,1994,0.018379206472145204,0.04683210045017813,0.12613799472777656,0.20672015732381321
IHLIDXUSTPLEGA,2365,0.0723399448406863,-0.026974474146849014,-0.011959491034262302,-0.016447703947974807
IHLIDXUSTPMANA,2365,-0.006584553828660775,-0.049592287737325574,-0.05067867243044419,-0.010679384179592275
IHLIDXUSTPMARK,2365,0.01948782802343381,-0.000883220933515334,0.0008699887178179731,-0.08315001182442545
IHLIDXUSTPMATH,1994,0.004616727167837442,-0.03132995833293286,-0.030427718236269257,-0.032498966375756555
IHLIDXUSTPMEDIINFO,2365,0.05713702832836511,-0.0293439867774519,-0.02454493526746124,-0.020530437495178848
IHLIDXUSTPNURS,2365,0.03563573070027669,-0.016298700769692157,-0.019582480957146136,-0.013769098946303047
IHLIDXUSTPPHSU,2365,0.01361090108666449,0.0007961416745901878,-0.009325192395119883,0.018970770405855715
IHLIDXUSTPPRMA,2365,-0.018863823970549726,-0.044986776004523936,-0.05496640047667517,-0.032781788491980005
IHLIDXUSTPPROJMANA,2365,0.02409845514742514,-0.023007855881653938,-0.026042986800686792,-0.0178778700528349
IHLIDXUSTPRETA,2365,0.0283546744364173,-0.00939799080007647,-0.011853010961653622,-0.023745248744655587
IHLIDXUSTPSALE,2365,0.03678104174327138,0.24187346985323224,0.4089819775309766,0.24447279891240242
IHLIDXUSTPSCREDE,2365,-0.013776572142932887,-0.015676156572357568,-0.013343705243161027,-0.043171232061787405
IHLIDXUSTPSEPUSA,2365,-0.039455695770729944,-0.06919525435391141,-0.07432292877154902,-0.05468933755411873
IHLIDXUSTPSOFTDEVE,2365,0.02468460526624903,-0.005640711515003858,-0.01054275907973537,-0.016051942862025905
IUDSOIA,5450,0.29447102693595834,-2.663073315515973,-2.709462586053934,0.04587333665451691
IUDZLT2,2089,0.001637849890741221,2.3501356123966497,2.3495816097582853,1.1498156858137756
IUDZOS2,2090,0.9292895091897341,-0.37824694754311944,-0.3610803024884742,-0.3445912949294119
KCPRS,5439,0.4514211980704985,0.018702986920974923,0.0222186109477141,-0.0029619440327472253
KCPRU,5439,0.1042816959529155,-0.013831534816599957,-0.017258106785284902,-0.027177853152366135
KCRORO,5598,0.16926833857696622,0.047846540626061466,0.04421119289729179,0.01702809721261649
KCROROE,5598,0.14797383142299556,0.03977563135243416,0.03482335123204998,0.026774775933374653
KCROROG,5598,0.06499337478767277,0.014484760703749128,0.016937307574182103,0.007957776116525359
KCROROL,5597,0.4128855398387407,0.10998898831291505,0.08473060776474822,0.0535095435393131
KCROROS,5597,0.18429803589706567,0.05152460236627435,0.04416367908787858,0.017111518924757842
LDGUST,692,-0.006005179608360867,-0.017555335546726936,-0.014907489554675824,0.007905840712821207
LLBLCBW027NBOG,1124,0.00298460103404249,-0.03986511519129306,-0.03991569330722519,0.038562985973586164
LLBLCBW027SBOG,1124,0.10776904771896836,-0.04265139881389526,-0.043953146222736904,0.02785312204635092
LLBSCBW027SBOG,1124,0.037456790091035155,-0.1425229398586298,-0.2563164695562836,-0.07304325442356893
LTDACBW027SBOG,1124,-0.007496025280007312,-0.020212626936570388,-0.016872695818290925,-0.028298446055205748
M1,839,0.03143798753687032,-0.13463954485704555,-0.1279178862873958,-0.015466762449581156
M2,839,0.31763250948610183,0.016836957264596074,0.01475002135079431,-0.021133166378512275
MAICLAIMS,1125,0.0972826633441028,-0.015386264753432733,-0.010265438293338038,-0.06338497320577993
MIICLAIMS,1125,0.04863655461970763,0.02740368609468403,0.02591371475342705,-0.032345019858707746
MOCCLAIMS,1124,0.08812776099500533,-0.05745896861650063,-0.061134985321917516,-0.08610822035283841
MORTGAGE15US,1125,0.029209784247862854,-0.028400051247914636,-0.03391600307710636,-0.04578076031868394
MORTGAGE30US,1125,0.029076461322602686,-0.028793377420349278,-0.029377812726423026,-0.033327500663526764
MORTGAGE5US,931,0.0761583158106647,-0.05839938327479866,-0.06403415459207733,-0.055304410272132926
NASDAQ100,5428,0.09630889208920744,0.0031990603147738386,0.0019686710487058956,-0.012092093534561733
NASDAQB4040GI,5483,0.16743073711920087,-0.047173560417699455,-0.05067547817525936,-0.04120644862693943
NASDAQBXN,1332,-0.01492859705287262,-0.10494324727325455,-0.10279047793084778,-0.10065711085083737
NASDAQCAPEXA,2936,0.16026321563258755,-0.01673099351032,-0.020653813021090702,-0.026886440528424514
NASDAQCELS,4951,0.11093443536216416,0.01233441015476657,0.011016273213804956,-0.0017603875470081792
NASDAQCOM,5428,0.1029718294773269,9.002438626843971e-05,0.00039627800830371515,-0.009576975388476862
NASDAQDRB,4931,0.1253171606636768,0.009649480215606314,0.007377570297539599,-0.010889914839638085
NASDAQEMCLOUD,1966,0.041085157366173575,-0.007635752090345162,-0.008539960870808383,-0.01982057791518725
NASDAQGSOX,1262,0.07095537401153354,0.0021251472081743376,0.006511746521967157,-0.008755096694080571
NASDAQHERBAL,970,0.10890727220765549,0.018583552413859488,0.01740984320996236,0.003467595694161483
NASDAQHXC,5427,0.1383534938396103,0.001031004949803156,-0.0022297220208688674,-0.008813364252686957
NASDAQHXCX,5427,0.1381528472160791,0.0009865274427678515,-0.0027510532024006746,-0.008904601594913478
NASDAQHXR,3053,0.0618248679797682,-0.013142185304300405,-0.01468659501476744,0.01612296840744312
NASDAQNBI,5425,0.06775244681378821,0.0096748677030037,0.010429456374618212,-0.004475314812516007
NASDAQNDXL3,3460,0.1268203416008335,-0.015093365974352247,-0.016547773374809217,-0.017874206193872335
NASDAQNDXT,5139,0.09899133803862102,-0.005325342008452693,-0.005341996155245978,-0.00950924544352964
NASDAQNDXTMC,1094,0.05811416590751475,-0.002932666604878514,-0.004943335182706596,-0.016053104594155865
NASDAQNDXX,5139,0.09944386163089457,-0.0038171111757768546,-0.0031730193593874838,-0.009492129978195353
NASDAQNFCFA,692,0.058754951109051684,-0.03052690048884832,-0.02219358733658348,-0.05339701663922737
NASDAQNQCN35,1529,0.06612539916779217,-0.0580717232246174,-0.05012682107741828,-0.03834052062630037
NASDAQNQEM,5557,0.09947887719533825,0.00884956059659335,0.007873677965511324,-0.005654904730241015
NASDAQNQEURO50,3627,0.07569092342920679,0.00044307850290070715,-0.0003362840707551714,-0.017518531012332292
NASDAQNQGI,5557,0.14040894707640295,0.009917260210844775,0.007011281239431378,-0.012865924166900543
NASDAQNQINTEL,1955,0.07251871284591828,-0.008679403320812523,-0.005972123189118987,-0.013178217115817016
NASDAQNQMAREITT,2885,0.4444937810221138,0.038522307813201026,0.09380460913718658,0.14966556874207898
NASDAQNQROBOUS,2021,0.054676613584277264,0.0028843179385160543,0.002070125530165996,-0.006678926216390579
NASDAQNQUS500LCT,2653,0.1331674129499267,-0.016152593170573833,-0.014188732339998544,-0.007031918374846836
NASDAQNQUSB201030,3875,0.054418805784020294,-0.0030068836924865647,-0.0034704960568134797,-0.013568584334852187
NASDAQNQUSB45,1528,0.02166582049460914,-0.010739929950342175,-0.011828386081342972,-0.008372707256273593
NASDAQNQUSB451030,3875,0.09688511665609406,0.006644059886844823,0.008239864557939711,-0.024559616178010134
NASDAQNQUSL10101015,3871,0.07225982745960616,-0.011833681102670648,-0.012145715950404552,-0.01913986748133801
NASDAQNQUSS,3885,0.08473897644860216,-0.009729028273863832,-0.00911344920327235,-0.007278355054168491
NASDAQNSLITP,944,-0.013909395858111295,-0.024518523944460788,-0.023816724728724474,-0.01826551006779526
NASDAQNYGBIG,738,0.06535063870976707,-0.018253035285450053,-0.023885232720091663,-0.046112867913742715
NASDAQOMRXMUNI,3944,0.17708753665340307,0.003653644464957456,0.008086109207935056,-0.009135769255031508
NASDAQOMXS30,4426,0.06270441276046838,0.012129732532094846,0.011102779544823537,-0.008989255543514358
NASDAQQGLDI,3459,0.018884841671934775,-0.0347046561502937,-0.03168377984386031,-0.04075381535608178
NASDAQQMI,5379,0.09006109034416514,0.0024769871228991634,-0.005489641266487577,-0.012297651533060859
NASDAQQSLVO,3381,0.03880260847026428,-0.03849570658533852,-0.03602394518429043,-0.03650213109157388
NASDAQSOX,5302,0.0905150781737208,0.0019023766933278594,0.0026154232897170975,0.010514283745838317
NASDAQSRVRSCNR,2020,0.10872263999040546,-0.002275509344847251,-0.00013006249360463006,-0.012379533180163738
NASDAQSRVRSCPR,2020,0.10908214884530273,-0.0051330660972788,-0.0016430901743028363,-0.013291708168110358
NASDAQTDEX,2322,0.0025089403845188164,-0.020787914150988133,-0.029935173814204442,-0.02219062701722308
NASDAQVOLI,2323,0.008450286469804624,-0.03314965943205644,-0.03381565416533587,-0.023739134015540998
NASDAQVOLNDX,3897,-0.0004672054547079379,-0.022463373127943796,-0.025365941612295464,-0.03140151940222545
NASDAQXAU,5220,0.07235187138778952,0.0031943669359612526,0.0011122198805607732,-0.005908047788313068
NASDAQXCMP,5427,0.10271644606211101,0.0002683886199221944,0.0005101484380178687,-0.009505834416166418
NASDAQXNBI,5427,0.06841565011938207,0.00557877859515192,0.004912174476766979,-0.004262828723413205
NASDAQXND,1387,0.060991250210064955,0.003007190114992109,0.0022869051066894317,-0.01139315597109676
NASDAQXNDX,5427,0.0985085499654325,0.000961319212891179,0.0010716464912161182,-0.013809261345038102
NASDAQXNDXINR,1113,0.06982317910072164,0.01526331557693131,0.008681336851327178,0.009401470892815454
NASDAQXOSX,3791,0.142321586281281,0.016238305600403305,0.021754028361372867,-0.005652708336334151
NASDAQXSOX,4175,0.11162790128081232,0.0034860378412006985,0.005365582701545897,-0.01300726755192216
NASDAQXXAU,3791,0.04526775704270532,-0.010106540753682856,-0.012467236039229397,-0.015014919490652048
NDFACBW027SBOG,1124,0.04983960322334218,-0.008760009124975432,-0.0033300134815253467,0.026039094452033368
NFCILEVERAGE,1124,0.8055364553920455,0.7428157924577601,0.1346486843877797,0.1425097163461632
NFINCP,1125,-0.011243623268543014,-0.026143833481631972,-0.015015638199446709,-0.00857581966931314
NIKKEI225,5280,0.08106211414479639,0.0025694868801610037,-0.0003040619253722211,-0.015184715724019951
NYCCLAIMS,1124,-0.03272433179658612,-0.13770454446775898,-0.1377976263186509,-0.16475841241447675
NYICLAIMS,1125,-0.09775866810688298,-0.14329779258966344,-0.14810043819092922,-0.1098716361897416
OBFRVOL,2617,-0.2297093795196564,-0.18708324205998633,-0.20775428771254875,-0.170022718763001
OBMMIC15YF,2392,0.12380425909054692,0.007057377839162983,0.0035607877125934254,-0.005739731321254396
OBMMIC30YF,2392,0.12969694063422277,0.0013561434545433337,0.003979136930729352,-0.01029999798503462
OBMMIC30YFLVGT80FB700A719,2392,0.09331263445927077,0.006799643480952313,0.009590332661719414,-0.006062125685021582
OBMMIC30YFLVGT80FB720A739,2392,0.07257117805219764,-0.002331228938562262,-0.005450633844898004,-0.012204298324028615
OBMMIC30YFLVGT80FGE740,2392,0.14293763724417108,-0.009985194243196488,-0.009444978741139282,-0.015162500755635777
OBMMIC30YFLVGT80FLT680,2392,0.11612499225815073,0.024206884655507934,0.024427814221369245,0.0009222453134310813
OBMMIC30YFLVLE80FB700A719,2392,0.058745116936039496,0.00011532918284003843,-0.005009274498222378,-0.0005873928390141625
OBMMIC30YFLVLE80FB720A739,2392,0.058090863924287785,-0.00887374293868006,-0.009699673731366583,-0.008182554400047294
OBMMIC30YFLVLE80FGE740,2392,0.11881448041134064,-0.009657035803976604,-0.013264679588202535,-0.009872565480753734
OBMMIC30YFLVLE80FLT680,2392,0.0660709804762855,0.0005123308577213398,-0.00037941688865078023,0.0018256216004143605
OBMMIC30YFNA,2392,0.05731435605741925,0.002130866880972696,-0.0042632464360196284,-0.008742652405919517
OBMMIFHA30YF,2392,0.09285967209708747,-0.007084450233933522,-0.010132439620236867,-0.012690557045500941
OBMMIJUMBO30YF,2392,0.06073962848043217,0.0025041817284846314,-0.003170675198393222,0.0011153325112598952
OBMMIUSDA30YF,2392,0.05549036375380225,0.00031571295686167404,0.003738788021830294,0.008522580732748359
OBMMIVA30YF,2392,0.08941011478110987,-0.014094380633606478,-0.014613797498829538,-0.017118743646874345
ODSACBW027SBOG,890,0.08966282251295164,0.10121456813250612,0.01764131535801372,0.018078211219157418
OKICLAIMS,1125,0.0969710735070409,-0.025250644010004493,-0.019800006565051174,-0.008206509787864916
OMBACBW027SBOG,890,-0.004926738568326794,-0.0310628654172914,-0.027990091525825548,-0.02725016379398914
OVXCLS,4838,0.11052443645595621,-0.01591071109669614,-0.014231797441132604,-0.02544077128273512
PAICLAIMS,1125,0.022468739097819313,-0.0684340872533764,-0.0746954298066768,-0.014611427333057678
RESBALNSW,818,0.3387861512251536,-0.0026013743282524886,0.07343321436587816,0.024596842511031673
RESPPALGUOXCH1NWW,1125,0.44510053420406614,-0.02205426297338743,-0.01690311263922405,0.03608234998222656
RESPPANWW,1125,0.33058896534268056,-0.02961062601243871,0.03375922315289959,0.0227350708108033
RESPPMLLDONWW,1125,0.5322110643621168,-0.0130336492728017,-0.007275302092288887,0.008228557175644184
RESPPNTEPPNWW,1125,0.6726300965758429,0.045512478682948096,0.022120183984164328,0.04929916669282067
RIFSPPFAAD30NB,4058,0.9355320475933544,0.06142986733260396,0.0030517386761064686,-0.0003625454327260461
RIFSPPFAAD60NB,3766,0.8814834434023393,0.044154482722488064,0.028784299334306287,0.03949476252220945
RIFSPPFAAD90NB,4722,0.6770426327289593,0.039416542470452946,0.010429561213643766,0.012998986552690854
RIFSPPNA2P2D07NB,5383,0.6149251277311386,-0.014243820578069553,-0.011506683148973773,-0.005375335158811388
RIFSPPNA2P2D30NB,5370,0.9264217855479233,0.03012626276430362,0.002840705540003361,0.04976674142340011
RIFSPPNA2P2D90NB,3350,0.5882288855163641,0.050452313980398455,0.04927463705113449,0.018188946950089668
RIMLPBAARNB,2948,0.05238019968786544,0.00152928161629843,0.00036878658742113584,-0.0036333178532430514
RREP15,1125,0.08286426883020465,-0.08888484707904772,-0.09126645177936282,-0.06911252042618966
RREPT,701,0.2874291539808542,-0.10987848448891006,-0.12099860671274557,-0.10346853893749348
RRPONTSYD,3282,0.11516859883927376,-0.1791732781851222,-0.16801698508815052,-0.11684033916553876
RRPONTSYSAD,3287,0.09893474449636847,-0.15068744312274004,-0.13235158114309176,-0.12207789235608112
RRPONTTLD,3284,0.11487418548484787,-0.17901799618883654,-0.1674244873662474,-0.11619809650368691
RRPTSYD,3306,0.11178839227555336,-0.1813730043713539,-0.16689378808047792,-0.11589775051400295
RRPTTLD,3311,0.11064366143627986,-0.17898493213033811,-0.1662969889597631,-0.11539788399319445
RVXCLS,5425,0.04551945636530849,-0.0008478773772915122,0.0018640129639981668,-0.024554720147502637
SAVINGS,799,0.012130039965560311,0.05660314784578484,0.029036548821588903,-0.01199592480116464
SBCACBW027SBOG,1124,0.08478219899856275,-0.008051643346325698,-0.010053926784754199,-0.0038359789551575202
SOFR180DAYAVG,1954,1.1798261950908162,0.10345150555215023,0.11615095461349216,0.020504689232162743
SOFRINDEX,2081,0.6372274794463823,-0.15121494952768444,-0.06301403990008693,-0.18260939834633189
SOFRVOL,2079,0.02136320173453674,-0.054736847625100296,-0.046968813181797096,-0.03737550498189307
SP500,2513,0.15151917377507523,-0.02159951683909465,-0.02315780662180571,-0.008614545116978768
STLFSI,792,0.06828026923797642,-0.027509914080471015,-0.041811510914042685,-0.03426041229603495
STLFSI2,887,0.014590517084855401,-0.05864383337193834,-0.06943622138138712,-0.06907013502822956
STLFSI3,929,0.062093501185518984,0.024904859630199016,-0.01924198866267612,0.004762756051656744
STLFSI4,1124,-0.016132862294950805,-0.08817081228432382,-0.08197914621240528,-0.05190107493761485
T10Y3M,5398,0.11833793761683364,0.008622843392996064,0.01159555568545654,-0.008233289062016593
T10YFF,5397,0.1502952323952651,0.013798021248181674,0.014129702104437947,-0.0030820494397789436
T10YIE,5398,0.3864749104284283,0.015285131952947097,0.04041538527545838,0.015258180109020745
T5YFF,5397,0.16808884167028804,0.01132928441965805,0.011382039381113282,-0.003887516735717314
T5YIFR,5398,0.13993348429330235,0.021062504899782487,0.02062321620137879,-0.0022223223093429043
TASACBW027SBOG,1124,0.11686924238672991,0.0013470628714804327,0.0159252188515855,-0.0025265401929917223
TGCRVOLUME,2080,-0.004981719063245918,-0.03693278903720299,-0.0370820318034859,-0.02157045347757469
THREEFF1,5393,0.1601922010902585,0.007990234363917149,0.008782055758896004,-0.0028359002816956283
THREEFF10,5393,0.12978144642236916,0.004040553074544017,0.004272951023198621,-0.007407666162769513
THREEFF2,5393,0.27001655548268194,0.012342719117403088,0.012756939928736354,-0.005538868110559884
THREEFF3,5393,0.2761791510072734,-0.0004001977514580514,0.001593281480830285,-0.009819739366547842
THREEFF5,5393,0.22737708324617315,-0.0009267044989839173,-0.0001505612089754541,-0.010380869654632035
THREEFF7,5393,0.17116659851208346,0.004393551526366449,0.00513168297020353,-0.008252292421399106
THREEFFTP1,5393,0.10633482845925105,0.0013009682192577923,0.0010212566565303372,-0.005713268529013887
THREEFFTP10,5393,0.06781394042937898,0.0015337663278650274,0.0029053386825054796,-0.007544052091815832
THREEFFTP5,5393,0.08360808501614503,0.0006724464651914745,0.0014123123442358694,-0.00885316021199651
THREEFY1,5393,0.2080349113846141,0.014774962193375606,0.012827412693077779,-0.006924631078873535
THREEFY10,5393,0.19298953560115933,-0.0002327940934431237,0.00021463465713271072,-0.009127686073613432
THREEFY2,5393,0.4235715902226236,0.025163978559449563,0.025582686462017813,-0.005028255216641189
THREEFY3,5393,0.32514655618014954,0.018379652454471925,0.020547282018302696,-0.004112230637017366
THREEFY4,5393,0.28049418926882813,0.01638946865753411,0.018225277863536192,-0.006363079520816923
THREEFY5,5393,0.2647249309717455,0.01099623681167647,0.012482920343995233,-0.010110127350999027
THREEFY6,5393,0.2586704237966568,0.006240437647099259,0.007486222612810875,-0.010296090094493466
THREEFY7,5393,0.2445019426563028,0.0024925519946139363,0.004029329100457798,-0.009596303312329501
THREEFY8,5393,0.22848561041313864,0.0009869584822683607,0.002441738907648677,-0.009430567289310453
THREEFY9,5393,0.21248810490836706,0.0003101711741774552,0.0009371891677448023,-0.009373080474081651
THREEFYTP1,5393,0.10575088668493755,0.0010709024920839759,0.0011547943766870728,-0.006751449249810164
THREEFYTP10,5393,0.0817755809431827,0.0006000087120388252,0.0010063434190048118,-0.009433995786034783
THREEFYTP2,5393,0.10575309451138008,0.001287769239073822,0.0008933392884421857,-0.006616259767639425
THREEFYTP3,5393,0.10438132930160367,0.0005804192258434793,0.0009583104828885518,-0.006323785405085293
THREEFYTP5,5393,0.09798531761332376,0.002065036114560023,0.0017150210937842165,-0.007365289381609343
TLAACBW027NBOG,1124,0.018217921801443836,-0.01631437548256479,-0.012189542668880183,0.00515659337945952
TLAACBW027SBOG,1124,0.036155668060658876,-0.01188871438456929,-0.00910386889245718,0.0018822646556398354
TLALCBW027SBOG,1124,0.054876621325489434,-0.020517947665639545,-0.057423899521342255,-0.014228283610305315
TLBACBW027NBOG,1124,0.030694809146703753,-0.010508915280677652,-0.00803414134718087,0.014476542973269866
TLBACBW027SBOG,1124,0.06237390336274046,-0.011859719957906287,-0.012505330430121135,-0.008431826690288333
TMBACBW027NBOG,890,0.045574953080986934,0.03908266972722146,0.031424857786108575,-0.013353617716128705
TMBACBW027SBOG,890,0.0416797892495537,0.0364951823860019,0.03986922004752792,-0.01856924655070957
TNMACBW027SBOG,890,0.0488786363854142,-0.0004977164644340967,0.008323346959245642,0.0006863733650324398
TOTBKCR,1124,0.07402696439141503,-0.04026559411658133,-0.04895488675584323,0.0026066539504196583
TOTBKCRNSA,1124,0.02154263235151555,-0.02274632549893584,-0.021794807180297776,-0.001143027221735763
TOTCI,1124,0.1281410981288464,-0.03149786771974872,-0.017743929014984734,-0.019912904015672556
TOTCINSA,1124,0.10265059349071781,0.01874384827161522,0.01049437789803324,0.0028855585177544147
TOTLL,1124,0.11005559873592974,-0.08846714219320474,-0.1022533758699387,0.020262803344682688
TOTLLNSA,1124,0.01356065410364785,-0.027081910206066737,-0.023173671017920724,0.013397792679903393
TOTRA,692,0.4920364598014397,2.4086280123986486e-05,-0.01764775082364901,0.016323849688411135
TREAS10Y,1125,0.0268355464140789,2.567662720440101,2.9121999432951804,0.6482672541481207
TREAS1590,1125,0.616893003905153,-0.12416111312659583,-0.11104945045754724,-0.018865958858779064
TREAS1T5,1125,-0.03700724884439489,-0.06686439127836848,-0.06312747105707299,-0.08383313010420376
TREAS5T10,1125,-0.1645814600644065,-0.18051633090446928,-0.18940669594229817,-0.09997552242101962
TREAST,1125,0.4084253104974459,0.7554949993226715,0.9577764638905548,0.4521993402176718
TXICLAIMS,1125,-0.0597718386049336,-0.17395774169753556,-0.14797253317021367,-0.12109701732768624
USEPUINDXD,7883,0.04608826574165589,0.009922340763871591,0.006041900529136869,0.002343111174687836
VAICLAIMS,1125,0.12176030272095809,-0.03633601256846317,-0.018456051582161372,-0.014698686453698167
VIXCLS,5459,0.05333375241029545,-0.01139025841878273,-0.015484902216114418,-0.032047017382859457
VXAPLCLS,4066,-0.0298709818224058,-0.07164401968230963,-0.06961287501208922,-0.047122148754929684
VXAZNCLS,4066,-0.043649193769220544,-0.11686679725218459,-0.11024834088605247,-0.06822045415901291
VXDCLS,5430,0.055738179946191874,-0.00763834549862496,-0.00913340588892477,-0.03850995397258185
VXEEMCLS,3866,0.10995136484853994,-0.008662071427549859,-0.013518718609164329,-0.02561402131522917
VXEWZCLS,3866,0.031227894419355716,0.005375875287009208,0.002375434415179205,-0.019620361027659072
VXFXICLS,2747,0.13146484582915183,0.0009243650076950242,-0.006454096187989825,-0.01448600182688458
VXGOGCLS,4066,-0.0551318005066924,-0.06642175324791305,-0.06914382479542476,-0.027807229714141866
VXGSCLS,4066,0.020732143182904093,-0.031137280433500544,-0.029009030290764723,-0.028505315488847174
VXIBMCLS,4066,-0.036470608450157364,-0.06478058657817132,-0.06251502967122775,-0.08338533438068907
VXNCLS,5429,0.038280372952166415,-0.0004130032733347387,-0.002344733937632245,-0.019316736146330293
VXOCLS,4210,0.05082455629531822,-0.009700238808681596,-0.00994129305613267,-0.019769089413174207
VXSLVCLS,2747,0.07324173157531136,-0.029469491896364983,-0.026881521805460662,-0.03681772279248795
VXTYN,3865,0.06535964713181934,0.009948263956862203,0.009840513186019239,-0.020220011675897126
VXVCLS,4692,0.04202356622831684,-0.029095815492387052,-0.027015439253503346,-0.04133215798965364
VXXLECLS,2747,0.0017270231462442464,-0.02574933970570576,-0.02395936050841342,-0.026025106287616444
WAAA,1125,0.19521758110663753,0.024573088298600495,0.016765100597551163,-0.032474395121284645
WACL,1125,0.16322746826184656,-0.019457231698265548,-0.008330119227099126,0.22379689670695138
WALCL,1125,0.3276419358446839,-0.036546350580860636,0.02505443868681026,0.007826739929177502
WBAA,1125,0.19434038214365634,-0.008579616615159089,0.012964136757089595,-0.022582744259387885
WBUSAPPWNSAUS,1067,-0.18068442948425043,-0.09659669939557876,-0.12088649616083728,-0.17174245453303202
WCPF3M,1101,0.4222619881258353,0.005814249586569641,0.06555808785684228,0.05831179182440711
WCTCL,1125,-0.2689443547806319,-1.9803737431811252,-1.9089694262473669,0.30852353350974904
WDDNS,1122,0.2872153738865322,0.08040600841431136,0.04410778639596139,0.061086416814908874
WDFOA,1125,0.48969683502874684,-0.09312155313746351,-0.33079740356409076,-0.22900836569243138
WDFUELUSGULF,1049,0.12712451760397137,-0.00981666047104528,-0.011283927656686184,-0.006701384209254322
WDTGAL,1125,0.11687945802201052,-0.0859826560313464,-0.07708878966880278,-0.05382392802390037
WFII10,1124,0.017867753905830078,-0.007139047205700055,0.0024049056576029466,-0.0044850913919173745
WFII20,1124,-0.002093245200955235,-0.006146654948013679,-0.0008486681945297687,-0.03051938212120913
WFII30,856,0.1092457955763467,0.020900722958833155,0.024716458066165455,-0.004728514970479195
WFII5,1124,0.02117455772200308,0.01813817398687203,0.0177159239724246,-0.016336282287259255
WGS10YR,1124,0.1610500134097947,0.014121080484545714,-0.00361616459145965,-0.021108624100201173
WGS1YR,1124,0.2017845297220505,0.07866508709364904,0.01656980978715415,0.017854952437973325
WGS20YR,1124,0.1397377019859678,0.017361416111224687,-0.00890981991051115,-0.019518570826155237
WGS2YR,1124,0.13071572908287973,0.045232888856065565,0.03899971596118044,-0.011895285283668252
WGS30YR,1124,0.13018338585265563,0.015625706403245686,0.019695034767032736,-0.019490334631810827
WGS3YR,1124,0.13724125359323186,0.031542601098142366,0.037833260101862345,-0.018246633524681154
WGS5YR,1124,0.10912875197717994,0.028563032771371323,0.02539121251500151,-0.024836746179673644
WGS7YR,1124,0.07771854537326116,0.018782358018816846,0.0023310352333594394,-0.01991535296500664
WIMFSL,839,0.07743632094598177,0.013642842590669984,-0.004724707569427864,-0.04826469486947562
WJFUELUSGULF,1124,0.10452668106688816,0.010865288651350625,0.009403420337866175,-0.007858742179658923
WLAD,1125,0.3440156915232691,0.05446427240250231,0.0468417465870955,0.22496879844502668
WLCFLL,1125,-0.17622212784613503,-1.6834294155030338,-1.5926829543664294,-0.11973457120571626
WLCFLPCL,1125,0.4261249676873039,-12.33279978439409,-10.59751453188899,0.094947908178361
WLDLCL,1125,0.7867139792352731,-0.01812623402266106,-0.018323991022616087,0.013749894609087331
WLEMUINDXD,7883,0.01813457922537728,0.00014964900592631764,-0.0011206282311452187,-0.006019095234027169
WLFN,1125,0.07258275671104535,0.0551402989133451,0.019529301389589984,0.013194077661255259
WLODL,1125,0.5293154553008432,-0.01367458197632635,-0.005185858702699605,0.013277448825648122
WLODLL,1125,0.5706731083981771,0.0156278827784779,0.019670274362779242,0.0037299445471958184
WLRRAA,1125,0.12955519474726934,-0.03338004454755883,-0.03504310391750522,-0.025420079322557753
WLRRAFOIAL,1125,0.016732460928164418,-0.023387837148205835,-0.019134915013135065,-0.01630876382531554
WLRRAL,1125,0.09070888943904586,-0.08496833942748433,-0.09249636121344117,-0.0732990926003409
WLTIIT,1124,-0.012067687986555702,0.013685020671840123,0.012067881556871576,-0.028455287705552588
WLTLECL,1125,0.33681304372462095,-0.03455385691686886,0.028529419068351956,0.01416692670715521
WM1NS,1122,0.1274398977899502,-0.014096827290056084,-0.03463410774712893,0.20014463814028668
WM2NS,1122,0.009550689603095453,-0.009481866674441692,0.000916037147619157,0.11567182996186143
WOFDRBORBA,1125,0.14991964565782268,-0.06906750778214575,-0.06736998129492516,-0.0235436875162691
WOFDRBORBL,1125,0.1303689630346621,-0.0390459252616059,-0.042496837086556945,-0.018380024105834256
WOFSRBRBC,1125,0.34150563220308056,-0.024136916435269183,0.02228039417583528,0.022486840596167137
WPC,1125,0.8238997024970787,-0.8764047603477505,-0.8776478708219375,0.047664324603659936
WPROPANEMBTX,1124,-0.011434278704424665,-0.021751133876997193,-0.026720206069024425,-0.031526239968254766
WRBWFRBL,1125,0.8762057835747005,0.008191597039991923,-0.006048550675789904,0.0007705933534771746
WREPOFOR,1125,0.04483292930855402,-0.027994648473680776,-0.026189180782437278,-0.010834545567359372
WRESBAL,1125,0.7330176844406072,0.13753653577213867,0.07645751220742623,0.024607801585803675
WRESCRT,1125,0.33499305041077687,-0.002884905545872646,-0.014270553720787399,0.07039456138399645
WRMFNS,1122,0.14257032180347506,-0.037096064422532396,-0.03489168580077491,-0.03349575719191355
WRMFSL,839,0.32204814481002214,-0.010257395718407818,-0.01358759920294303,0.0019617161398806557
WRMORTG,613,-0.019520519056413603,-0.05602671089182253,-0.04829045111830652,-0.06658215687297779
WSDEALL,1125,0.04706060231947928,2.710140059211929,2.710137838596288,1.4306475718446894
WSDONTL,1125,0.0505725961538012,2.700800787550164,2.7007998197902894,1.4844171807372064
WSECOUT,1125,0.35318798354451275,0.08954710515432904,0.03882852036340998,0.2510775213290704
WSHOICL,1125,0.10026945769138802,-0.2585018764804874,-0.08265793739962254,0.09071044149502576
WSHOSHO,1125,0.3822084127550203,-0.5832388580224055,-0.39536331062317137,0.36819499980567166
WSHOTSA,1125,0.19913877946572545,0.22905021022879254,0.19735535357205636,0.15443498647876783
WSHOTSL,1125,0.5273148835738066,-0.17586235771306621,0.0500112213609757,0.5362184896317554
WSLB20,613,-0.022476267914411485,-0.0665941448272802,-0.05577073589213429,-0.07080647466369662
WSMTMNS,1122,0.20816002732250818,-0.018639682936485432,-0.032477671329025425,-0.027638479859725153
WTB1YR,946,0.3331140554112361,0.2384213647901781,0.24161704917939872,0.030884562659785227
WTFORBAFL,1125,0.05662883774379823,-0.06249529816413383,-0.05924758536743053,0.013443476738226039
WTFSRFA,1125,0.316949677242359,-0.004833724457129755,-0.015792805246832256,0.06998417169861715
WTFSRFL,1125,0.32217260924872204,-0.028099760737685286,0.023232303847969576,0.02705592300401116
WTREGEN,1125,0.038733607745056596,-0.023531663062166013,0.015215974146245209,0.03564965714474518
