series,n,ll_Gx_pool_exact,crps_Gx_pool_exact,ll_Hx_pool_exact,crps_Hx_pool_exact
AAA10Y,5392,2.395883701683057,0.012587702352342753,2.3959111416267644,0.012587656387853599
AAAFF,5392,1.2641225058538723,0.040689749941764386,1.2641217979157269,0.04068975227254244
ABCOMP,1125,2.7779407503479363,0.008247009793583723,2.777940750348232,0.00824700979358367
ABCOMPN,1125,3.022484084617863,0.006472979985097026,3.0224842438638047,0.006472980006578402
ADPWES1T19ENERSA,853,7.0011457754893645,0.0001454016409161949,7.003968959397708,0.00014544896952938267
ADPWINDCONNERSA,853,6.967202847063481,0.00013462850522725372,6.967202847063481,0.00013462850522725372
ADPWINDMANNERSA,853,7.405492801241927,9.961581951278397e-05,7.405492801241927,9.961581951278397e-05
ADPWINDPROBUSNERSA,853,6.947604038951582,0.0001362303289801628,6.947604038951582,0.0001362303289801628
ADPWNUSNERNSA,853,5.5285610931344324,0.0005163024479989522,5.5285610931344324,0.0005163024479989522
ADPWNUSNERSA,853,7.675656185202643,6.909071365693631e-05,7.675656185202643,6.909071365693631e-05
ALLACBW027SBOG,890,3.8732447055108707,0.003796917024087592,3.8762665428889798,0.0037960579667519027
AMBOR1M,797,3.474089081568192,0.0054647804643452045,3.283670964149756,0.006589555941562786
AMBOR3M,797,3.4938284784517903,0.004829186642837414,3.496634413862356,0.004842101588915701
ANFCI,1124,3.2708514042547607,0.005732008602570663,3.2708514036088023,0.005732008606359182
AOLACBW027NBOG,1124,3.331527943581705,0.00440558689200908,3.331682598575631,0.0044053424410458696
AOLACBW027SBOG,1124,3.7668972885035648,0.002914771094670715,3.767267078198534,0.0029143229238081346
BAA10Y,5392,3.05787799802794,0.006383835683185974,3.0579641722019275,0.006383741286775223
BAAFF,5392,1.3018741073799023,0.03931059471100877,1.3018746623488318,0.03931059471793492
BAMLC0A0CMEY,785,3.374699807613288,0.004524477620456669,3.374699807613288,0.004524477620456669
BAMLC0A0CMSYTW,786,3.367331702035926,0.004574601437261305,3.367331702035926,0.004574601437261305
BAMLC0A1CAAAEY,786,3.3018115066683387,0.004837966778570082,3.3018115066683382,0.004837966778570082
BAMLC0A1CAAASYTW,786,3.291715353553386,0.0049027764372477755,3.291715353553386,0.004902776437247776
BAMLC0A2CAAEY,786,3.3197449023722037,0.0047743426238061925,3.3197449023722037,0.0047743426238061925
BAMLC0A2CAASYTW,786,3.3209088915583878,0.0047689333824123045,3.3209088915583878,0.0047689333824123045
BAMLC0A3CAEY,786,3.3502454246729547,0.0046534276864717335,3.3502454246729547,0.0046534276864717335
BAMLC0A3CASYTW,786,3.3211158681076243,0.004791799657251413,3.3211158681076243,0.004791799657251413
BAMLC0A4CBBBEY,786,3.392741045340624,0.0044406496323855385,3.392741045340624,0.0044406496323855385
BAMLC0A4CBBBSYTW,786,3.4001230295755716,0.0044238818122617155,3.4001230295755716,0.0044238818122617155
BAMLC1A0C13YEY,786,3.229164963827329,0.005201214977923215,3.229164963827329,0.005201214977923215
BAMLC1A0C13YSYTW,786,3.195671439641723,0.005376292145108119,3.1956715818946972,0.005376292141907164
BAMLC2A0C35YEY,786,3.1994968080838557,0.005405202890429244,3.1994968080838557,0.005405202890429246
BAMLC3A0C57YEY,786,3.2374712000596846,0.005214473522212527,3.2374712000596846,0.005214473522212527
BAMLC4A0C710YEY,786,3.3374337238488465,0.004713499289241966,3.3374337238488465,0.004713499289241966
BAMLC4A0C710YSYTW,786,3.318746163736155,0.004800551148745457,3.318746163736155,0.004800551148745457
BAMLC7A0C1015YEY,786,3.3724249477873194,0.004547870034870059,3.3724249477873194,0.004547870034870059
BAMLC8A0C15PYEY,786,3.4265857550780185,0.0042612689999240875,3.4265857550780185,0.0042612689999240875
BAMLCC0A0CMTRIV,786,4.412420002050825,0.0015809802698199622,4.412420002050825,0.0015809802698199622
BAMLCC0A1AAATRIV,786,4.067588630164952,0.0022617366765179518,4.067588630164952,0.0022617366765179518
BAMLCC0A2AATRIV,786,4.348473221741052,0.001691785521281795,4.348473221741052,0.001691785521281795
BAMLCC0A3ATRIV,786,4.4119613515571725,0.0015823960544087841,4.4119613515571725,0.001582396054408784
BAMLCC0A4BBBTRIV,786,4.430584312494975,0.001550488846628961,4.430584312494975,0.001550488846628961
BAMLCC1A013YTRIV,786,5.638528654090536,0.0004658739647337706,5.638528654090821,0.00046587396473374217
BAMLCC2A035YTRIV,786,4.936331945669094,0.0009399859108193497,4.936331945669094,0.0009399859108193497
BAMLCC3A057YTRIV,786,4.56966144140845,0.00135474430298599,4.56966144140845,0.0013547443029859898
BAMLCC4A0710YTRIV,786,4.33812607048314,0.0017011018685941588,4.33812607048314,0.0017011018685941588
BAMLCC7A01015YTRIV,786,4.096172235583564,0.002177818123166516,4.096172235583564,0.002177818123166516
BAMLCC8A015PYTRIV,786,3.692164869301954,0.0032469831580825667,3.692164869301954,0.0032469831580825667
BAMLEM1BRRAAA2ACRPIEY,786,3.614389164159836,0.003529473049933352,3.614389164159836,0.0035294730499333517
BAMLEM1BRRAAA2ACRPIOAS,786,2.051505542873199,0.017154849512627513,2.051505542839749,0.01715484951269711
BAMLEM1RAAA2ALCRPIUSEY,786,3.6075215644733833,0.0035630842976202,3.6075215644733847,0.0035630842976201974
BAMLEM2BRRBBBCRPIEY,786,3.8218199384318936,0.002831888359352725,3.8218199384318936,0.002831888359352724
BAMLEM2BRRBBBCRPIOAS,786,2.409946906820826,0.01200732601175988,2.409946906820826,0.01200732601175988
BAMLEM2RBBBLCRPIUSOAS,786,2.3702902625319293,0.012469515792567479,2.3702902625319293,0.012469515792567479
BAMLEM3BRRBBCRPIEY,786,3.577157982772124,0.003368742559411632,3.577157982772124,0.003368742559411632
BAMLEM3BRRBBCRPIOAS,786,2.619345765934136,0.00904670826667716,2.619345765934136,0.009046708266677158
BAMLEM4BRRBLCRPIEY,786,3.1283605416528277,0.00461246058683387,3.1283605416528277,0.00461246058683387
BAMLEM4BRRBLCRPIOAS,786,2.6004503640537355,0.008344814675791911,2.600450365395728,0.008344814675791911
BAMLEM4RBLLCRPIUSEY,786,3.103139999514844,0.004717048117373507,3.1031399995148243,0.004717048117373507
BAMLEM4RBLLCRPIUSOAS,786,2.551877673607622,0.008668621451807527,2.551877693940359,0.008668621451807529
BAMLEMALLCRPIASIAUSEY,786,3.480205348272519,0.0038741510557392155,3.480205348272519,0.0038741510557392164
BAMLEMCBPIEY,786,3.7685883453874025,0.0029444368819292435,3.7685883453874025,0.0029444368819292435
BAMLEMCBPIOAS,786,2.6260036653916874,0.00957498946589329,2.6260036653916874,0.00957498946589329
BAMLEMCBPITRIV,786,5.073140232391262,0.0007984360524441946,5.07314023291245,0.0007984360523717317
BAMLEMCLLCRPIUSTRIV,786,5.012468061175089,0.00084469468701043,5.012468063141836,0.0008446946865796613
BAMLEMEBCRPIEEY,786,3.541778757701018,0.0036154103006265175,3.541778757701018,0.0036154103006265175
BAMLEMEBCRPIEOAS,786,2.5775933104318924,0.00902138190558443,2.5775933185262168,0.009021381887845539
BAMLEMHBHYCRPIEY,786,3.4978203699691335,0.0035228835562683223,3.497820369969115,0.003522883556268324
BAMLEMHBHYCRPIOAS,786,2.7292333745166086,0.008044247623101172,2.7292333745197785,0.008044247623106796
BAMLEMHBHYCRPITRIV,786,5.005876844038083,0.0008931047120332555,5.0061583511254995,0.0008929754477713462
BAMLEMHYHYLCRPIUSOAS,786,2.7133977309742994,0.008280977795225563,2.713397730974295,0.008280977795225566
BAMLEMIBHGCRPIOAS,786,2.2671831922485035,0.013914342740266273,2.2671831922485035,0.013914342740266273
BAMLEMPBPUBSICRPIEY,786,3.804048204820331,0.0029006161096740285,3.804048204820331,0.002900616109674028
BAMLEMPBPUBSICRPIOAS,786,2.48892913856799,0.011145689325387438,2.48892913856799,0.011145689325387438
BAMLEMPUPUBSLCRPIUSOAS,786,2.4415323870014345,0.01170693038584392,2.4415323870014345,0.011706930385843918
BAMLEMRACRPIASIAEY,786,3.5428243477867314,0.003694566446932697,3.5428243477867314,0.0036945664469326977
BAMLEMRACRPIASIAOAS,786,2.3771708607184854,0.012079102732847695,2.377170860718984,0.012079102732852377
BAMLEMRACRPIASIATRIV,786,5.035301975906328,0.0008289320657833585,5.03530197590705,0.0008289320657832518
BAMLEMRECRPIEMEAOAS,786,2.4772743572081417,0.011126354299177977,2.4772743572081417,0.011126354299177977
BAMLEMRLCRPILAEY,786,3.6696366730583696,0.003248893784995787,3.66963667305837,0.0032488937849957863
BAMLEMRLCRPILAOAS,786,2.67985535291926,0.008663140728695885,2.67985535291926,0.008663140728695885
BAMLEMRLCRPILATRIV,786,4.755921533939616,0.001101573000241599,4.755921533939616,0.001101573000241599
BAMLEMUBCRPIUSOAS,786,2.5849112247378625,0.009973595678005771,2.5849112247378625,0.009973595678005771
BAMLH0A0HYM2,786,2.3714094735912465,0.011403111470687394,2.3714094735912483,0.011403111470687385
BAMLH0A0HYM2EY,786,3.205631176219242,0.005257240139596945,3.205631176219242,0.005257240139596945
BAMLH0A0HYM2SYTW,786,3.2495119811537627,0.0050166994358641975,3.2495119811537627,0.0050166994358641975
BAMLH0A1HYBB,786,2.049267230731751,0.016028283560534495,2.049267230731751,0.016028283560534495
BAMLH0A1HYBBEY,786,3.1641054834413853,0.005547965178453531,3.1641054834413853,0.005547965178453531
BAMLH0A1HYBBSYTW,786,3.2289246364809125,0.005194184373570898,3.2289246364809125,0.005194184373570898
BAMLH0A2HYB,786,2.2895227828865576,0.01251823420338613,2.2895227828865603,0.01251823420338613
BAMLH0A2HYBEY,786,3.081725654390009,0.005947353025366629,3.081725654390009,0.005947353025366629
BAMLH0A2HYBSYTW,786,3.1110991328322397,0.005732504975958358,3.1110991328322397,0.005732504975958358
BAMLH0A3HYC,786,2.8994070246323114,0.006711394653713861,2.89940702470639,0.00671139465350619
BAMLH0A3HYCEY,786,3.2813899470149877,0.004739141107736319,3.2813899470149877,0.004739141107736319
BAMLH0A3HYCSYTW,786,3.291488833464919,0.004683432837313716,3.291488833464919,0.004683432837313716
BAMLHE00EHYIEY,786,3.169744176598826,0.005163664267877515,3.1693842632447113,0.005164267649666216
BAMLHE00EHYIOAS,786,2.554671139576632,0.009601585607695395,2.555395527293299,0.009598296935835719
BAMLHE00EHYISYTW,786,3.1726278528761283,0.005028903446406044,3.172627053481189,0.005028904105773003
BAMLHE00EHYITRIV,786,5.225799960114109,0.0007254465600884644,5.226594864425632,0.0007254832458223383
BAMLHYH0A0HYM2TRIV,786,4.8481813527376465,0.001001097339147058,4.8481462903831645,0.0010010999272950598
BAMLHYH0A1BBTRIV,786,4.948590561894604,0.0009251451247790619,4.948840037208,0.0009250532114105583
BAMLHYH0A2BTRIV,786,4.822895685628572,0.0010388471137345427,4.822902018658199,0.0010388377677235214
BAMLHYH0A3CMTRIV,786,4.420263405297839,0.001465288142098175,4.420263414610067,0.0014652881381665335
BOGMBASEW,818,2.7460814150864983,0.008196913763427991,2.7457891890961217,0.008187522332062897
BRMTG0101,1095,2.503247033614859,0.010959721747341219,2.5033531704526117,0.01095924465754337
BRMTG0102,1095,2.621147009797832,0.009762185710671473,2.621201628538104,0.009761944099718907
BUSAPPWNSANER,1067,-0.04248439646717366,0.12002198804664609,-0.23148133205202134,0.12882263085559392
BUSAPPWNSAUS,1067,0.007467089396385629,0.11767192179729587,-0.2470955442692967,0.12845808476514065
BUSAPPWNSAUSYY,1012,-5.1270874389265355,16.927478052678897,-5.360850199833049,19.277732692577604
CACCLAIMS,1124,1.1280334505360383,0.0419275335739681,1.1280334505360383,0.0419275335739681
CAICLAIMS,1125,0.3891973703680308,0.09075810352702748,0.3892288905760633,0.09075717557048299
CASACBW027NBOG,1124,2.1314020522125454,0.015584955329013165,2.1314750780575418,0.015584313059718042
CASACBW027SBOG,1124,2.4735472404111625,0.011299979467148431,2.4735464471157553,0.011299983009886872
CASLCBW027NBOG,1124,1.7046884235839184,0.024207872508478716,1.7049945892836011,0.0242048744231065
CASLCBW027SBOG,1124,2.1202272810395564,0.016147675630170916,2.120203833257959,0.01614737137304984
CASSCBW027SBOG,1124,2.1396540070181502,0.014289611078795218,2.139654009054427,0.014289611069375329
CBBCHUSD,3141,1.5661955199031818,0.02675403434415444,1.5663741185055213,0.02675262060206501
CBBTCUSD,4227,2.0000107038631416,0.018420555719056562,1.9993630248200125,0.018492059339930058
CBCCIND,1972,1.7976608337648687,0.02192707696637707,1.7948137068944512,0.022127634320117887
CBETHUSD,3725,1.669754721129776,0.02511166368019536,1.6703617547554483,0.0251112281246268
CBLTCUSD,3635,1.6058207086260001,0.02637836291310646,1.6064484747775474,0.026377162888701462
CC4WSA,1124,3.248416457574568,0.0055103254951100284,3.248416457574568,0.0055103254951100284
CCLACBW027NBOG,1124,3.332941669749714,0.004817959328017674,3.3329419882859215,0.00481796111972851
CCLACBW027SBOG,1124,4.143078986074863,0.0025552883153862472,4.201902696743794,0.002590541702839258
CCNSA,1124,1.469024075855294,0.02599360924154795,1.4209675203700174,0.026216711014305637
CCSA,1124,1.9378627349901991,0.013576517653720406,1.9646153635593528,0.013575227136639004
CIBOARD,1124,3.812339307133718,0.0024255199016393267,3.812413233074634,0.0024254729139333337
CIBOARDNSA,1124,3.553156768458953,0.003275626466473497,3.553163381864713,0.0032756178073703184
CILSCBW027SBOG,1124,3.889245482036825,0.0021952490479468473,3.9031221710971646,0.002187224890664149
CLSACBW027SBOG,1124,4.654842879320216,0.0015124837319797362,4.613655082928615,0.0016194828647604475
COMPAPER,1125,1.8814446806132556,0.020202414446360596,1.8814446806132556,0.020202414446360596
COMPOUT,1125,2.631345040638237,0.009360567346766725,2.6313444390617695,0.00936056785812623
COMPUTN,1125,2.740090976781187,0.008341158648074573,2.7400909775000106,0.008341158646351682
CPFF,4722,1.362017164657595,0.043621719091759686,1.3620171628037872,0.04362171910005102
D2WATAL,1125,2.529104753586882,0.010773986059825614,2.5291032362074275,0.010773993798365153
D2WLTGAL,1125,-0.1072773251037016,0.1782110286283787,-0.10727924114909201,0.17821286286323756
DAAA,5398,2.941049690281119,0.007484033634692375,2.9410496848129974,0.007484033624407468
DBAA,5398,3.1987420340580126,0.005583352243075344,3.198680846271101,0.005583562815681699
DCCCLAIMS,1124,1.3812403110901499,0.0320856426616347,1.380977864825305,0.03208701206545758
DCICLAIMS,1125,-0.1233365410729077,0.1343996240685137,-0.1233365410729077,0.1343996240685137
DCOILBRENTEU,5457,2.4052397332155064,0.013007953962668076,2.405356847584948,0.013007954218915185
DCOILWTICO,5410,-1.9430859729157604,0.9620874691605331,-1.943080665941739,0.962085973871492
DCPF1M,4058,1.1756753920601664,0.08265002363569299,1.1749452804232108,0.08264647949289175
DCPF3M,4722,1.3231749929425118,0.06352060013997256,1.3231754340852653,0.06352059700984647
DDFUELLA,5402,2.3603029393945616,0.01304441344832986,2.3603910429932013,0.013044110539328706
DDFUELNYH,5046,2.450812774210078,0.012231208923728872,2.450813803832004,0.012231209120095343
DDFUELUSGULF,5046,2.4208688797937383,0.012662541721596208,2.420869116334897,0.012662541644460172
DEXBZUS,5401,3.2755867268496486,0.005268642417657813,3.275611855730739,0.005268604808103888
DEXCAUS,5401,3.874602176319449,0.0029178372147511864,3.8746021973959195,0.002917837209675869
DEXDNUS,5401,3.8231417601168634,0.003048270947395374,3.8231417474802054,0.00304827094853743
DEXHKUS,5401,6.6761484717071635,0.00018517639818308864,6.67614837493345,0.00018517640004106712
DEXINUS,5400,4.118369500270334,0.0023410878546293507,4.118375731102972,0.0023410877611878583
DEXJPUS,5401,3.6796726347248585,0.003343411186156284,3.6800318821091165,0.0033433884041013293
DEXKOUS,5401,3.7428147919612256,0.0034309142254400635,3.742810474168273,0.003430916374618975
DEXMAUS,5401,4.199226812829936,0.0021153350996609235,4.199226816807759,0.0021153351006381813
DEXMXUS,5401,3.547501582270746,0.0039979354680841584,3.5475016820043317,0.003997935461010886
DEXNOUS,5401,3.450789470847455,0.004376516540540727,3.4506615595082772,0.00437673809896023
DEXSDUS,5401,3.5189549356393544,0.004112024500950915,3.5189518835860136,0.004112028750638128
DEXSFUS,5401,3.182916967361893,0.005693612337941397,3.1829169688425334,0.005693612335993205
DEXSIUS,5401,4.325210829993366,0.0018189370494571687,4.325214260830786,0.0018189348101038225
DEXSZUS,5401,3.711903105015683,0.003242668495183778,3.7118874776751416,0.0032426908411264084
DEXTAUS,5398,4.404254589806648,0.0016468609897488586,4.4042676135914425,0.0016468573032186278
DEXTHUS,5401,4.168004195793829,0.002185929138577096,4.1680045225992775,0.0021859291107140695
DEXUSAL,5401,3.5254259555950074,0.004131109369817182,3.52542600537953,0.0041311093770957635
DEXUSEU,5401,3.820994700933176,0.0030577362208979134,3.820994666660251,0.0030577362187607757
DEXUSNZ,5401,3.4492334679161205,0.004376792715962639,3.449233447783892,0.004376792740366021
DEXUSUK,5401,3.745026395229348,0.0032507521595282283,3.7450264526107877,0.0032507521966960986
DFII10,5397,1.605665348929549,0.02805683858296612,1.6056764198862743,0.028056761477915894
DFII20,5397,1.6012577635577594,0.027788607098820278,1.6018160395281498,0.027788607402911197
DFII30,4112,1.721958154526344,0.02416845499447809,1.7219400502131719,0.024168557362827168
DFII5,5397,1.462531183274979,0.0322062581532186,1.4625301945890958,0.03220626765040656
DFII7,5397,1.5012038479655236,0.030936519947613567,1.501203952116525,0.03093652285356986
DGASNYH,5408,2.275658990618339,0.014105699572019435,2.2756610352300606,0.014105686294690159
DGASUSGULF,5405,2.2027858419744986,0.015432826979201548,2.2027996456153973,0.015432831620141661
DGS10,5397,2.4567640275786813,0.012780040235679285,2.456764083076384,0.012780040317382167
DGS20,5397,2.657879823579669,0.010217806178801464,2.657887160739668,0.01021778174413934
DGS3,5397,2.017874845309053,0.021319934993107498,2.0178748804414215,0.02131993491303684
DGS30,5397,2.72390823813308,0.009510636139120851,2.7239111293515603,0.009510629694291993
DGS5,5397,2.1567908164017697,0.01780389908262916,2.1567103238970344,0.017804096906540362
DGS7,5397,2.2933519573294117,0.01507976112609531,2.2933520297017407,0.015079761201729233
DHHNGSP,5421,1.5691486830286583,0.029345733012877274,1.569104112104839,0.029345762218436565
DHOILNYH,5408,2.379072688708258,0.012889516554307687,2.3791135799234695,0.01288940178803884
DJCA,2513,3.182650533749008,0.0057645445107629536,3.1826262194427586,0.005764562476899535
DJFUELUSGULF,5407,2.338986099293697,0.013783271321846568,2.3389860834743397,0.01378327146047317
DJIA,2513,3.1773074704656774,0.005788870758566527,3.1774333114694024,0.005788631174325004
DJTA,2513,2.7637413939603985,0.008314677885546037,2.763741413933177,0.00831467784422465
DJUA,2513,3.073118448326847,0.006415279867583331,3.073118448344819,0.006415279867556365
DLTIIT,5398,1.6698581122803942,0.02621731420142607,1.6702388450165704,0.02621765145692274
DNFINCP,1125,1.7173428065953193,0.022844310303486038,1.7173687093053718,0.02284416562987221
DPROPANEMBTX,5399,2.282617937264061,0.014049161663992555,2.282618533207466,0.014049162898404492
DPSACBW027NBOG,1124,3.6839192171501547,0.003342325353240714,3.6839192171501547,0.003342325353240714
DPSACBW027SBOG,1124,4.342834051745376,0.0017267787937196941,4.342808789160842,0.0017267924138472163
DPSDCBW027SBOG,1124,4.275496321349651,0.001870534500979883,4.275577540843053,0.001870486467567791
DPSLCBW027NBOG,1124,3.3987124279160663,0.004405314117666242,3.3987124279160663,0.004405314117666242
DPSLCBW027SBOG,1124,4.0674092650217535,0.002265439955356298,4.067483409192571,0.0022653861167411644
DPSSCBW027NBOG,1124,3.8210085489894077,0.0028221439380807165,3.8210085489894086,0.0028221439380807165
DPSSCBW027SBOG,1124,4.3692385220662775,0.0015855206073006178,4.369315481312177,0.0015854516307994392
DRGASLA,5407,1.948060918948704,0.019302755121494316,1.948054623522425,0.019302989685116304
DSWP10,2958,2.5108502067007743,0.011579187337616603,2.510591857560617,0.011579585172679775
DSWP2,2958,2.0727741156718005,0.01826541397552393,2.0727998091708746,0.01826536000742045
DSWP3,2958,2.0929361793818386,0.017759462340960763,2.09293618152004,0.01775946232447208
DSWP30,2958,2.7261104987942804,0.00942299954053282,2.726110604422922,0.009422999384617815
DSWP5,2958,2.236574449966509,0.015314425802309496,2.2365744366782585,0.015314425807401787
DTP10J26,2461,1.3940697898555816,0.035229390903231655,1.393587576891154,0.03523222093352865
DTP10J28,2127,1.4066875148587537,0.03289707450089025,1.4066880948846348,0.03289707353227393
DTP10J30,1610,1.428515823535236,0.03334572459398361,1.4285158245313123,0.03334572458976146
DTP10L26,2481,1.3631648450630243,0.03698799710267111,1.3632255473372656,0.03698756384262508
DTP10L27,2251,1.4356539263083234,0.032707198317870494,1.4359628155577668,0.03270719809890405
DTP10L28,2002,1.3917429101702492,0.03321643034595157,1.3917427761225432,0.03321643052659468
DTP10L29,1749,1.460562234098429,0.03245874757468432,1.4605622005172154,0.03245874732227276
DTP20J26,4004,1.5368585153683516,0.030658823900469593,1.536858222954776,0.030658824054119595
DTP20J27,4141,1.5853626163614167,0.028578017790603188,1.5853626125995801,0.02857801779061968
DTP20J29,4138,1.6430625659405529,0.026451900504201663,1.643062586770377,0.02645190051416127
DTP30A28,5393,1.6051292124316219,0.028194828746238708,1.6051292045169379,0.028194828654513067
DTP30A29,5391,1.6036281575432987,0.027991371425374847,1.6036145596258473,0.027991440616934905
DTP30F40,4107,1.7219168056823206,0.0241750928281736,1.7219168108448253,0.024175092814355505
DTP30F43,3344,1.7280424730646948,0.023705697895492615,1.7280273747868558,0.023705736313637364
DTP30F45,2848,1.7274464041882698,0.02367010848100386,1.727468952558738,0.023669951477046175
DTP30F50,1607,1.6248831463330908,0.02718671467112662,1.6249401941576922,0.027196294743047626
DTP5A25,1195,0.8502339119509656,0.05516150549104606,0.8502339501769371,0.0551615054817069
DTWEXAFEGS,5153,4.04354821053871,0.002431946674842244,4.0435482087110515,0.0024319466748731807
DTWEXB,3774,4.379719276685603,0.0017393007575080062,4.379719273237484,0.0017393007582585975
DTWEXBGS,5153,4.281596035751607,0.0018978738821542798,4.2815960356617095,0.001897873882280685
DTWEXEMEGS,5153,4.365718890103051,0.0017652140367621066,4.3657186501421466,0.0017652140753148266
DTWEXM,3774,4.033930564785224,0.0024636636859440304,4.033930507592028,0.0024636636902182346
ECBESTRNUMTRANS,1749,0.9724470797580641,0.053905045495321054,0.6819888936580385,0.05976418332795162
ECBESTRTOTVOL,1749,0.8421699017783033,0.05710846198447657,0.7154877542560321,0.059051999024243955
EFFRVOL,2617,1.0438153882792063,0.041972240331454254,1.0438153882792063,0.041972240331454254
EVZCLS,4359,1.4937655731684383,0.029945493103541252,1.4941555436445302,0.029944263035045784
EXCSRESNW,818,2.116155065659608,0.015864761418552042,2.140313028167561,0.01568405418813001
FINCP,1125,2.2165373369099135,0.01418338755250119,2.2165792065187153,0.014183204036484442
FINCPN,1125,2.3720125577266575,0.01229623040760643,2.372012558877959,0.012296230403269198
FLICLAIMS,1125,0.09665264247429016,0.10589736437336854,0.09665264247429016,0.10589736437336854
GASDESECW,1125,3.0312716279708805,0.006249003666071898,3.0312716279708805,0.006249003666071898
GASDESGCW,1125,2.773071912264766,0.007965186744422386,2.7730719122647676,0.007965186744422384
GASDESLSMWW,1016,2.7185977580378977,0.008629087790336656,2.718597758037905,0.008629087790336634
GASDESLSW,1016,2.8605628727933943,0.007078566931445448,2.8605628727933876,0.007078566931445454
GASDESMWW,1125,2.7659502026246177,0.008411037510927363,2.7659502026246177,0.008411037510927363
GASDESRMW,1125,3.058977392059462,0.0063164291608793855,3.058977392059462,0.0063164291608793855
GASDESW,1125,2.9335331273357634,0.006943084184709724,2.9335331273357634,0.006943084184709724
GASDESWCW,1125,3.0234216615222596,0.006308918235044566,3.0234216615222596,0.006308918235044566
GDBFRW,839,-0.059336314965192996,0.16272373375411256,-0.059336307412357625,0.16272373368085918
GVZCLS,4570,1.5135913203202385,0.028292945726939446,1.5135913203202385,0.028292945726939446
H8B3092NCBA,863,2.007546284868026,0.017982848945717413,2.007546284868026,0.017982848945717413
H8B3094NCBA,1124,2.7018405923322506,0.007487823832852773,2.701840592327135,0.007487823832873091
H8B3094NCBD,1124,2.5000276340460674,0.009400603359815704,2.5000276340460674,0.009400603359815704
H8B3094NSMA,1124,2.2091184405984,0.010026960346629152,2.209075187351946,0.010027103639404518
HBUSAPPWNSAUS,1067,0.06442264054736899,0.11483275027121595,-0.2467210644745344,0.1280927329401546
IC4WSA,1125,0.3171178520480283,0.013540331958046927,0.3170845906725678,0.013540345788064328
ICNSA,1125,0.46287853057992207,0.06609390987081486,0.46287853057992207,0.06609390987081486
ICSA,1125,0.8080523301031839,0.03090372277854067,0.8080523301031842,0.030903722778540674
IHLIDXAU,2365,5.159445417186778,0.0007765857414928567,5.159445417186778,0.0007765857414928567
IHLIDXAUTPSOFTDEVE,2365,4.942868153017273,0.0009511813738884308,4.942868153017273,0.0009511813738884308
IHLIDXCA,2365,5.3249921462151155,0.0006498945783360447,5.3249921462151155,0.0006498945783360447
IHLIDXCATPSOFTDEVE,2365,5.035109830251921,0.0008725834234435099,5.035109830251921,0.0008725834234435099
IHLIDXDE,2365,5.782181673795895,0.00041649497834324556,5.782181673795895,0.00041649497834324556
IHLIDXDETPCIVIENGI,2365,5.380903034887491,0.0006118943685312899,5.380903034887491,0.0006118943685312899
IHLIDXDETPELECENGI,2365,5.259814232565516,0.0006990869449912608,5.25981423257171,0.0006990869449908796
IHLIDXDETPINDUENGI,2365,5.2783008582443784,0.000700437122859438,5.2783008582443784,0.000700437122859438
IHLIDXDETPSOFTDEVE,2365,5.552233294803616,0.0005232178157035856,5.552233294803616,0.0005232178157035856
IHLIDXFR,2365,5.380124368808143,0.0006385899051667051,5.380124368808143,0.0006385899051667051
IHLIDXFRTPSOFTDEVE,2365,5.1049623878442505,0.000827016725285766,5.1049623878442505,0.000827016725285766
IHLIDXGB,2365,5.306007074134215,0.0006677320703008501,5.306007074134215,0.0006677320703008501
IHLIDXGBTPBAFI,2365,4.659553788061195,0.001282418414845067,4.659553788061195,0.001282418414845067
IHLIDXGBTPCIVIENGI,2365,4.314011711064297,0.0018130299229240602,4.314011711064297,0.0018130299229240602
IHLIDXGBTPSOFTDEVE,2365,5.043652490324156,0.0008758739354999291,5.043652490324156,0.0008758739354999291
IHLIDXNEWNSAUS,2365,3.3801002543498706,0.00460822661337709,3.3801002543498706,0.00460822661337709
IHLIDXNEWUS,2365,3.59950831970049,0.0036586472841117746,3.59950831970049,0.0036586472841117746
IHLIDXNSADE,2365,5.681946754221942,0.0004531268567619043,5.681946754221942,0.0004531268567619043
IHLIDXNSAFR,2365,5.300019117632335,0.0006680603855535805,5.300019117632335,0.0006680603855535805
IHLIDXNSAGB,2365,5.113011631294167,0.0007701541586557608,5.113011631294167,0.0007701541586557608
IHLIDXNSAUS,2365,5.530522479385366,0.0005295438423030197,5.530522479385363,0.0005295438423030203
IHLIDXUS,2365,5.642672113884512,0.0004779963604367395,5.642672113884508,0.00047799636043673987
IHLIDXUSCA,2365,5.546723675396375,0.0005289869039562744,5.546723675396375,0.0005289869039562744
IHLIDXUSTPACCO,2365,4.755314244223048,0.0013675287276359912,4.755314244223048,0.0013675287276359912
IHLIDXUSTPARCH,2365,5.37584494366663,0.0006231011924127098,5.37584494366663,0.0006231011924127098
IHLIDXUSTPAREN,2365,4.8983775656952275,0.0010057714276971621,4.8983775656952275,0.0010057714276971621
IHLIDXUSTPBAFI,2365,4.827932598802159,0.0011089269542504103,4.827932598802159,0.0011089269542504103
IHLIDXUSTPCIVIENGI,2365,5.318768059922978,0.0006669476532443325,5.318768059922978,0.0006669476532443325
IHLIDXUSTPCONS,2169,5.553237871450399,0.0005502883526394838,5.553237871450399,0.0005502883526394838
IHLIDXUSTPCUSTSERV,2365,5.168296101790153,0.0008156187647785856,5.168296101790153,0.0008156187647785856
IHLIDXUSTPDENT,2239,5.1271274600334324,0.0008137252263709698,5.1271274600334324,0.0008137252263709698
IHLIDXUSTPDRIV,2232,3.652322821771726,0.003129673564197133,3.652322821771726,0.003129673564197133
IHLIDXUSTPELECENGI,2365,5.168191139897109,0.0007713175759231498,5.168191139897109,0.0007713175759231498
IHLIDXUSTPFOPRSE,2365,5.35559255425974,0.0006549439791646622,5.355592554259742,0.0006549439791646601
IHLIDXUSTPHOTO,2365,4.930773867039549,0.0010043988596085333,4.930773867039549,0.0010043988596085333
IHLIDXUSTPHUMARESO,2365,5.266639446018962,0.0007050581751777423,5.266639446018962,0.0007050581751777423
IHLIDXUSTPINDUENGI,2365,5.137971469997803,0.0007987312320026801,5.137971469997803,0.0007987312320026801
IHLIDXUSTPITOPHE,1994,5.295482693639713,0.000674771045130278,5.295482693639713,0.000674771045130278
IHLIDXUSTPLEGA,2365,5.230015602959965,0.0007345886694626621,5.230015602959965,0.0007345886694626621
IHLIDXUSTPMANA,2365,5.067962690669683,0.0008580337634802635,5.067963395649229,0.0008580337419194182
IHLIDXUSTPMARK,2365,5.167564611658812,0.0007767870692929742,5.167564611658812,0.0007767870692929742
IHLIDXUSTPMATH,1994,4.993744755077779,0.0009027499899635377,4.993744755077779,0.0009027499899635377
IHLIDXUSTPMEDIINFO,2365,5.211697215343509,0.0007697844077811938,5.211697215343509,0.0007697844077811938
IHLIDXUSTPNURS,2365,5.5335205573506006,0.0005420480290035448,5.5335205573506006,0.0005420480290035448
IHLIDXUSTPPHSU,2365,5.318785441844855,0.0006605673210246865,5.318785441844855,0.0006605673210246865
IHLIDXUSTPPRMA,2365,5.336207959711091,0.0006502160597630798,5.336207959711091,0.0006502160597630798
IHLIDXUSTPPROJMANA,2365,5.415151190591643,0.000604964138181291,5.415151190591643,0.000604964138181291
IHLIDXUSTPRETA,2365,4.919745655898094,0.000987131139040603,4.919745655898094,0.000987131139040603
IHLIDXUSTPSALE,2365,5.28213567912917,0.0006880119246382178,5.28213567912917,0.0006880119246382178
IHLIDXUSTPSCREDE,2365,5.163667503965903,0.0007759162562924755,5.163667503965903,0.0007759162562924755
IHLIDXUSTPSEPUSA,2365,5.0638817048408,0.0009087793405839167,5.0638817048408,0.0009087793405839144
IHLIDXUSTPSOFTDEVE,2365,5.141431790726939,0.0008010672077024087,5.141431790726939,0.0008010672077024087
IUDSOIA,5450,2.794147571451648,0.011071876069128758,2.684679204046455,0.012413767795288943
IUDZLT2,2089,-9.730485080286098,1717.787697606252,-9.730485080285378,1717.787697606252
IUDZOS2,2090,10.167587980055801,2.9910640865744963e-05,9.040249447148147,3.6088167793764415e-05
KCPRS,5439,0.851868612150698,0.0712158607966851,0.8518687865188284,0.07121586029304391
KCPRU,5439,2.234097032631199,0.014672802954968964,2.234097092023117,0.01467280294829302
KCRORO,5598,-1.4598143366993241,0.6241874094430107,-1.4598019030083182,0.6241873734500566
KCROROE,5598,-1.512196085342037,0.6537641804667642,-1.5121960857765913,0.6537641804913752
KCROROG,5598,-1.6344686358128724,0.717286099904037,-1.6344688877889777,0.717286167797386
KCROROL,5597,-0.8123943497812945,0.439109052503536,-0.8123943513939197,0.439109052569248
KCROROS,5597,-1.2789117781054735,0.521957709646618,-1.2789117776634065,0.5219577096015907
LDGUST,692,-0.6778608964444631,0.27256001246969025,-0.6778649343515083,0.27256387796721615
LLBLCBW027NBOG,1124,4.378859969391001,0.0016135732189191702,4.378082593959671,0.0016376453756401209
LLBLCBW027SBOG,1124,4.873239687968181,0.0010188502586845265,4.867851706039936,0.0010738913178421007
LLBSCBW027SBOG,1124,4.725502705794878,0.001105635981217721,4.7093847528864154,0.001177713565411749
LTDACBW027SBOG,1124,3.599519684433092,0.0036025154502598686,3.5995195565619635,0.003602515843645966
M1,839,-3.5252883045117036,0.007686089185234533,-3.5252883045117036,0.007686089185234533
M2,839,4.6996851248282105,0.0012361483134556471,4.699609113505005,0.001236074081701008
MAICLAIMS,1125,-0.07779153878147584,0.1253390571272805,-0.07779153878283479,0.1253390571272805
MIICLAIMS,1125,-0.23567666930096864,0.15706217080814466,-0.23567667834321976,0.15706217098586242
MOCCLAIMS,1124,0.9901614014157002,0.04328959915010423,0.9901614048507326,0.04328959914994025
MORTGAGE15US,1125,2.4367927595642627,0.011826703934314559,2.436804788232092,0.01182666315432234
MORTGAGE30US,1125,2.548209547931749,0.010600724251622784,2.5482174212098925,0.010600738743030884
MORTGAGE5US,931,2.430049903774879,0.011183744017733678,2.430048992591806,0.011183747145148347
NASDAQ100,5428,2.9481726522745153,0.007396295946542514,2.9481728172914776,0.007396296079516452
NASDAQB4040GI,5483,3.2953382068139905,0.006140748166074566,3.295338304352395,0.006140748789403751
NASDAQBXN,1332,3.4957579839234674,0.004193582149295644,3.4672176246660964,0.004312887475168595
NASDAQCAPEXA,2936,3.168669351488722,0.00601119977917053,3.1687159264440186,0.006011078031826584
NASDAQCELS,4951,2.4863000097844714,0.012131701131215346,2.4863000031594717,0.012131700935686081
NASDAQCOM,5428,2.9729013848812387,0.007249805949843385,2.97290134130492,0.007249806175643739
NASDAQDRB,4931,3.1062115141223066,0.006508577235316034,3.106211687306515,0.006508575726207092
NASDAQEMCLOUD,1966,2.3409455247187765,0.01340015868978149,2.3409129042414816,0.013400221642232082
NASDAQGSOX,1262,2.546540061422263,0.010201003706867927,2.546540061422264,0.01020100370686793
NASDAQHERBAL,970,2.083115105709412,0.01564293656433271,2.0833941812323236,0.01564164865170772
NASDAQHXC,5427,2.5032141027582173,0.011525737110036762,2.503243885288258,0.011525629693464327
NASDAQHXCX,5427,2.503242373314145,0.01152437316169295,2.503271249100162,0.01152427010135782
NASDAQHXR,3053,2.884918581511367,0.0075486651976575505,2.8849185825831394,0.007548665190815867
NASDAQNBI,5425,2.7917991969805342,0.00840241774379708,2.7917740629922374,0.008402454833400201
NASDAQNDXL3,3460,1.8411123633738622,0.02156105256222953,1.8411108162993428,0.02156105743448014
NASDAQNDXT,5139,2.7486311478133962,0.00909988322815994,2.748630768284614,0.009099883605968419
NASDAQNDXTMC,1094,2.672032753334398,0.00882139507594591,2.6720327533344825,0.008821395075945484
NASDAQNDXX,5139,3.0831302462239583,0.0066424221491984,3.083130228967088,0.006642422293021645
NASDAQNFCFA,692,2.924303780993645,0.006542755119628196,2.9243037809936454,0.006542755119628197
NASDAQNQCN35,1529,2.2685108993419525,0.01348695073111027,2.2689934661308535,0.013486887054284635
NASDAQNQEM,5557,3.148660600339697,0.006086713488776783,3.1487187666842518,0.006086580632353166
NASDAQNQEURO50,3627,3.101323777666539,0.006103524647675151,3.101401891181839,0.0061034512854649435
NASDAQNQGI,5557,3.357930669242877,0.005036577447145929,3.357921630077232,0.005036579983888402
NASDAQNQINTEL,1955,2.6070804971479773,0.009964084878218498,2.6070805246428526,0.00996408468008237
NASDAQNQMAREITT,2885,3.0856553867301573,0.00694330829528074,3.0856553867887504,0.006943308295272128
NASDAQNQROBOUS,2021,2.6149289007776892,0.010056953914880455,2.6149290501144677,0.010056953497715418
NASDAQNQUS500LCT,2653,3.1796075310522434,0.005931778766299766,3.1795950826680945,0.005931787656197707
NASDAQNQUSB201030,3875,3.130853416135902,0.005974025306631873,3.130839007478448,0.005973950640350096
NASDAQNQUSB45,1528,3.3514729211900955,0.004579652735136423,3.3514729211900955,0.004579652735136423
NASDAQNQUSB451030,3875,2.951155325343975,0.006626682331133648,2.951158245626119,0.006626663427541892
NASDAQNQUSL10101015,3871,2.825549754405344,0.008005633283031416,2.825595634663873,0.008005492370961433
NASDAQNQUSS,3885,2.967662116091284,0.007233866529128068,2.9676621815292634,0.00723386632447444
NASDAQNSLITP,944,2.2143248384528142,0.014204177807135896,2.214324838452815,0.014204177807135895
NASDAQNYGBIG,738,2.7768775692420826,0.007648387795021653,2.7768775691735725,0.007648387795116107
NASDAQOMRXMUNI,3944,5.66380465497367,0.0005134129541407306,5.663821329833004,0.000513410006255199
NASDAQOMXS30,4426,3.0962548593057426,0.006334849713887905,3.0962548745310077,0.006334850136262289
NASDAQQGLDI,3459,3.4653942705915104,0.004008638909576187,3.4638880609440723,0.004016110894511422
NASDAQQMI,5379,2.976420728956495,0.00722156737318695,2.977550257694505,0.007230797287085124
NASDAQQSLVO,3381,2.8875915008029818,0.007358578992325535,2.8822418438593935,0.0073974421065389085
NASDAQSOX,5302,2.4866536451646533,0.011044268536732838,2.486636928046138,0.011044246974754908
NASDAQSRVRSCNR,2020,2.9348003686001345,0.007406099430663485,2.934798955468941,0.007406101974439134
NASDAQSRVRSCPR,2020,2.934532301952784,0.007409592085409245,2.9345307461406,0.007409594644446307
NASDAQTDEX,2322,0.7534864547448581,0.0578244848617312,0.7534865003676264,0.057824484094918055
NASDAQVOLI,2323,1.0447775826562118,0.045476222054631664,1.0447775826583228,0.04547622205460988
NASDAQVOLNDX,3897,3.0993894317257715,0.0058723363721824825,3.0993894317257715,0.0058723363721824825
NASDAQXAU,5220,2.2140405842101147,0.013823200614921793,2.2140746525221746,0.013823067281681749
NASDAQXCMP,5427,2.9728152359051565,0.007250514816373711,2.97281528317393,0.007250514988263584
NASDAQXNBI,5427,2.789448876498037,0.008403732080176685,2.7894457229498513,0.008403740593574951
NASDAQXND,1387,2.8293786217746844,0.007954444716056885,2.829535941881392,0.007954589287303557
NASDAQXNDX,5427,2.9471293048033993,0.0073936314980771875,2.9472765118991924,0.007393632646376104
NASDAQXNDXINR,1113,2.893624424585474,0.0070824895334057145,2.89420639792764,0.007080155579980542
NASDAQXOSX,3791,2.4078823779606493,0.012789160117384225,2.4079162530219627,0.012789065141438469
NASDAQXSOX,4175,2.5738719629346565,0.010566924506444841,2.573885120812364,0.010566893483925897
NASDAQXXAU,3791,2.3039690657133556,0.013438381947311626,2.304000367117246,0.013438257310062542
NDFACBW027SBOG,1124,-4.972610649959583,18.120044249094732,-4.972610649959479,18.120044249094047
NFCILEVERAGE,1124,3.6305040777919397,0.003468150037392784,3.6305026777264517,0.003468149552178655
NFINCP,1125,1.900513047205992,0.01894607273470852,1.9005130472059895,0.018946072734708035
NIKKEI225,5280,2.8634446074836153,0.007948648472500399,2.8634421907392063,0.007948654018537568
NYCCLAIMS,1124,1.2961352994278874,0.03186946403466857,1.2186448777266083,0.03219369463096977
NYICLAIMS,1125,-0.1652299721234327,0.15986707592760907,-0.22769099868588258,0.15807973000310435
OBFRVOL,2617,0.8487966562946815,0.04904164796428052,0.7760093854238963,0.05408406328130389
OBMMIC15YF,2392,2.7851156664705194,0.008547333668226286,2.7852316740989775,0.008547201748166634
OBMMIC30YF,2392,3.351769168437142,0.004761253545140463,3.3527673332626886,0.004761263802134719
OBMMIC30YFLVGT80FB700A719,2392,2.998079259167741,0.006804494577334446,2.997994685207384,0.00680456400325462
OBMMIC30YFLVGT80FB720A739,2392,3.0746760336644727,0.006233912616000536,3.074693008832111,0.006233912865998865
OBMMIC30YFLVGT80FGE740,2392,3.2913164198757707,0.004987094681982779,3.2913646401130867,0.004987102975017257
OBMMIC30YFLVGT80FLT680,2392,2.5363593047788537,0.010650507609831378,2.53635931845552,0.010650507585322643
OBMMIC30YFLVLE80FB700A719,2392,2.785936530927771,0.008447014722998164,2.7859417324501856,0.008447003551229869
OBMMIC30YFLVLE80FB720A739,2392,2.9459186600726586,0.0069333542991911745,2.946013295678085,0.0069330495400318935
OBMMIC30YFLVLE80FGE740,2392,3.313644787665094,0.0049167398163203245,3.313645764611575,0.004916740140245686
OBMMIC30YFLVLE80FLT680,2392,2.7262646661827312,0.008710560710533225,2.7262837380879876,0.008710150030953743
OBMMIC30YFNA,2392,3.0875188989883218,0.006140805767385056,3.0876600755388055,0.006140499172749953
OBMMIFHA30YF,2392,3.205164322792369,0.0054206675219213764,3.2076953769344,0.005420671718857815
OBMMIJUMBO30YF,2392,2.6808170055120026,0.009379272069002253,2.6808827946256555,0.009379047856799097
OBMMIUSDA30YF,2392,2.8713478262889516,0.00755763279681155,2.8724590700887918,0.007557626683286875
OBMMIVA30YF,2392,2.873694818216167,0.007376120898719049,2.8736785576797343,0.007376096300482164
ODSACBW027SBOG,890,4.309333477746479,0.0018017304064537514,4.309425725019873,0.0018016840306336874
OKICLAIMS,1125,0.02917823544988386,0.12138645547286865,0.02940238764808781,0.12137893331813122
OMBACBW027SBOG,890,3.414648793556898,0.0043238882530074775,3.4146718464768386,0.004323877457819447
OVXCLS,4838,1.42457604401985,0.028984448868708722,1.4246780063240043,0.028982913816218595
PAICLAIMS,1125,0.06985474007926583,0.09906957772126092,0.06985474007926583,0.09906957772126092
RESBALNSW,818,2.3443122975024204,0.013510126441829298,2.246527285908705,0.014380046245349946
RESPPALGUOXCH1NWW,1125,-10.373148532566345,5756.471381844919,-10.164379933166876,5668.278629162526
RESPPANWW,1125,4.07676132197918,0.002772749273535457,4.076761324471884,0.0027727492745884
RESPPMLLDONWW,1125,0.020248440235149573,0.22220306912889096,0.02024851921301922,0.2222030311417488
RESPPNTEPPNWW,1125,4.702997786736929,0.0012357858609789705,4.703000563758333,0.0012357836702657494
RIFSPPFAAD30NB,4058,1.1756753920601664,0.08265002363569299,1.1749452804232108,0.08264647949289175
RIFSPPFAAD60NB,3766,1.2196927804771496,0.06904934267540434,1.2196927804771498,0.06904934267540434
RIFSPPFAAD90NB,4722,1.3231749929425118,0.06352060013997256,1.3231754340852653,0.06352059700984647
RIFSPPNA2P2D07NB,5383,1.9248327093929967,0.03343494878185972,1.924834603036511,0.033434949398884035
RIFSPPNA2P2D30NB,5370,1.9136817102780974,0.03674567371748743,1.913791810480433,0.036745655781717734
RIFSPPNA2P2D90NB,3350,1.2606739706794017,0.05902452024079954,1.2607446944857261,0.059024385438155594
RIMLPBAARNB,2948,3.218299560576698,0.005417458228231783,3.218282033994779,0.005417549833133539
RREP15,1125,0.7530202231619673,0.05667359237283319,0.7527465781175816,0.05667599970636515
RREPT,701,0.3666512450705444,0.06715459372278203,0.36605687027418926,0.06716399356093895
RRPONTSYD,3282,-4.618124108133131,16.258118697937345,-4.644723538368877,16.256912836674047
RRPONTSYSAD,3287,-4.667231492434666,16.27247099658601,-4.640118351420235,16.329715063277597
RRPONTTLD,3284,-4.624744128194807,16.296595093678835,-4.644657744747242,16.248916791163502
RRPTSYD,3306,-4.584232919479506,16.326104785657257,-4.661333208697536,16.351575140187812
RRPTTLD,3311,-4.613060620208617,16.315708597404296,-4.661051886976084,16.334130601290305
RVXCLS,5425,1.4020937852220579,0.031355183788744696,1.4020937852220576,0.031355183788744696
SAVINGS,799,4.012784083988093,0.0022951250526841577,4.012784083988175,0.002295125052684177
SBCACBW027SBOG,1124,4.30140997986378,0.001802054219043831,4.301409517770397,0.0018020545710546235
SOFR180DAYAVG,1954,4.851261228227587,0.0031200406285275604,4.85126263867005,0.003120040131418007
SOFRINDEX,2081,9.726288961638408,3.445163161696981e-05,8.92311374159711,4.055129262121349e-05
SOFRVOL,2079,1.8427185177457166,0.020952314433561412,1.8432511153952726,0.020950044901724255
SP500,2513,3.1355250207947165,0.006063451622265855,3.135526863282003,0.006063449530991766
STLFSI,792,1.2914720144637015,0.03670155618336767,1.291473342269989,0.03670156082193465
STLFSI2,887,0.019440206721770707,0.13435880839806605,0.019441268593902123,0.13435881518345855
STLFSI3,929,-0.2070640858484647,0.16699742586703228,-0.20706422677952196,0.1669974423301543
STLFSI4,1124,0.05259784294308156,0.12790556991782237,0.052601132216710186,0.12790553533476395
T10Y3M,5398,1.4174031995446124,0.03453511851650671,1.4174030971363476,0.034535119185965066
T10YFF,5397,1.2592055648191067,0.04097643285048693,1.2592065713341887,0.04097635415162358
T10YIE,5398,2.7387134815147447,0.011692109331326955,2.7387152573966165,0.011692109335742992
T5YFF,5397,1.286496724672063,0.04082621191055973,1.2865685659873505,0.040826406873022095
T5YIFR,5398,2.571375701268473,0.01120942387384616,2.571375777034096,0.011209424235492392
TASACBW027SBOG,1124,4.11663961735819,0.0021983665329619335,4.116747457042418,0.002198234691942404
TGCRVOLUME,2080,2.5839291073628994,0.009751461924622512,2.5839291073628994,0.009751461924622512
THREEFF1,5393,1.9117654730943754,0.021842528039562475,1.9117394620455654,0.0218427840296443
THREEFF10,5393,3.1693613789653656,0.005947291430418592,3.170072758549284,0.005947294397592366
THREEFF2,5393,2.2192617809449566,0.01706326217878923,2.2193309963793575,0.01706327450845208
THREEFF3,5393,2.393609577200667,0.013875856757806133,2.39360958274026,0.013875856576597267
THREEFF5,5393,2.6910403425532086,0.009996056507477038,2.691026066558573,0.009996069513786046
THREEFF7,5393,2.918882196995912,0.007784805954343356,2.9188842285197816,0.007784807481311595
THREEFFTP1,5393,2.858550567345671,0.008247547400286841,2.858544008295525,0.00824754562580278
THREEFFTP10,5393,2.18595084767569,0.015711492232386538,2.18621420766354,0.015711613159957248
THREEFFTP5,5393,2.3447323095389456,0.01351578483610437,2.3447162680720326,0.01351583137746574
THREEFY1,5393,2.3810829978279373,0.014184767271406796,2.3810825789764247,0.014184772147467203
THREEFY10,5393,2.7765576133004592,0.008994777572437166,2.7765578792481316,0.008994777250005984
THREEFY2,5393,2.2094343162095957,0.020126750727152785,2.209434699658419,0.020126750558873568
THREEFY3,5393,2.2960835141324742,0.016432538404243524,2.296083796666572,0.016432537517772766
THREEFY4,5393,2.3808728977647,0.014428212042243645,2.3808728727015303,0.014428211899693637
THREEFY5,5393,2.460494036192059,0.013006907316348766,2.4604965042895226,0.013006900299049063
THREEFY6,5393,2.534282018271991,0.01188723693929049,2.534276927901611,0.011887242935227854
THREEFY7,5393,2.6022376471218718,0.010973029748695143,2.602237781641365,0.010973029314511714
THREEFY8,5393,2.6649218075915373,0.010201872208544646,2.6649167414911097,0.010201879779416067
THREEFY9,5393,2.7228410298625483,0.009551908968506181,2.7228294854402404,0.009551890938532943
THREEFYTP1,5393,3.408116377715345,0.004754902400987821,3.4080774480349807,0.004754932291310278
THREEFYTP10,5393,2.4190901355362175,0.012533825484329086,2.419103647352112,0.012533712592589648
THREEFYTP2,5393,2.9638832423386354,0.007418535176246271,2.9638696546359675,0.007418540178150139
THREEFYTP3,5393,2.7720717195254228,0.008971886162819518,2.772028718305662,0.008971954114166004
THREEFYTP5,5393,2.598593755912697,0.010604961208704968,2.598593484274214,0.010604962089829417
TLAACBW027NBOG,1124,3.9143262593623116,0.0025627890245644115,3.9143257716056894,0.002562789429006426
TLAACBW027SBOG,1124,4.220768019597,0.0018940606635875587,4.221179448491318,0.0018938623471999871
TLALCBW027SBOG,1124,4.1304498619894146,0.0021296636802228854,4.130360741065822,0.002129698611095523
TLBACBW027NBOG,1124,3.7990660338384528,0.002868688833509888,3.799066049609865,0.002868688795763511
TLBACBW027SBOG,1124,4.124655738562743,0.00207702518241983,4.124672560201774,0.002077017505473068
TMBACBW027NBOG,890,3.874651790335418,0.002808988526157511,3.874651388501184,0.0028089887840438517
TMBACBW027SBOG,890,4.099128199148155,0.0021746150979024513,4.099128512270857,0.002174615449977778
TNMACBW027SBOG,890,3.432808122686188,0.004260719407877326,3.4328110589588112,0.004260714306226115
TOTBKCR,1124,5.019375819452856,0.0008793848261249618,5.01937576251677,0.0008793848020599914
TOTBKCRNSA,1124,4.594884008667461,0.0013345342693040663,4.594884228337112,0.0013345341268757133
TOTCI,1124,3.96669890498286,0.002099379523822547,3.966944009389272,0.0020992795563624534
TOTCINSA,1124,3.697814398930963,0.0028987632727169037,3.6978135412253543,0.002898767395051735
TOTLL,1124,5.027225748769742,0.0008888309462496445,5.036653970375867,0.0009066417001824433
TOTLLNSA,1124,4.482679873113524,0.0014681303261125844,4.484055303326397,0.0014942995984908378
TOTRA,692,4.159038396517315,0.0023373604818482515,4.159038401848179,0.002337360482402984
TREAS10Y,1125,4.292219067955251,0.002737014991880011,4.041280245464943,0.0027555926249276164
TREAS1590,1125,-0.14125339751207497,0.2114697731452629,-0.14125339751124413,0.2114697731452621
TREAS1T5,1125,3.116445857561375,0.006065009378325762,3.0682874149483594,0.006152915478703865
TREAS5T10,1125,2.6132102473139693,0.008511659669100825,2.574943566707331,0.008950100745944522
TREAST,1125,4.774142443267975,0.0020195642154865246,4.774143248169572,0.0020221238771530245
TXICLAIMS,1125,0.05471095414990872,0.11108874132179095,0.05471095414995637,0.11108874132178949
USEPUINDXD,7883,-0.7767853555720726,0.29673374189700485,-0.7767795838420926,0.29673313833031884
VAICLAIMS,1125,-0.06305858344967634,0.1381406916742061,-0.061669932576326074,0.13813314189562678
VIXCLS,5459,1.1414306954563884,0.040104374244009144,1.141430695456392,0.0401043742440091
VXAPLCLS,4066,1.2783294111316714,0.03488218723159861,1.2783294111316714,0.03488218723159861
VXAZNCLS,4066,1.1829954297078333,0.034685602130360475,1.1829954297078333,0.034685602130360475
VXDCLS,5430,1.0383812285709129,0.04137238579355728,1.0383814889986234,0.04137239257250727
VXEEMCLS,3866,1.1200020552640038,0.03876751013725377,1.1200020552765857,0.03876751013711383
VXEWZCLS,3866,1.5399288703534746,0.026702114825741204,1.5399299261683161,0.02670210673787459
VXFXICLS,2747,1.4398632756940195,0.0314030397362979,1.4397966503226807,0.03140322374921808
VXGOGCLS,4066,1.1698951434164808,0.037241631780389056,1.1698951434164808,0.037241631780389056
VXGSCLS,4066,1.3582442434642197,0.033162530912151024,1.3583615938976614,0.03316104032772962
VXIBMCLS,4066,1.1614432681031488,0.036335167370488,1.1614432681031488,0.036335167370488
VXNCLS,5429,1.3240693924716724,0.034016393173229124,1.3240693924716058,0.03401639317322977
VXOCLS,4210,1.002673032238889,0.04639679625489626,1.002673032238889,0.04639679625489626
VXSLVCLS,2747,1.5234123522662615,0.026457754975607702,1.5234123522662615,0.026457754975607702
VXTYN,3865,1.5708553443914663,0.026035580958169005,1.5708553443914663,0.026035580958169005
VXVCLS,4692,1.6104777886049593,0.02494961182117926,1.6104777886049593,0.02494961182117926
VXXLECLS,2747,1.4378397782046444,0.030666193909371788,1.4378397782046444,0.030666193909371788
WAAA,1125,2.274747902352685,0.012725673053316313,2.274993397035163,0.012724280923532581
WACL,1125,3.4109984652971095,0.0043816905098526485,3.410998461093217,0.0043816905459224086
WALCL,1125,4.076612031853688,0.0027730347335571544,4.076612034378778,0.002773034733819199
WBAA,1125,2.525930884755015,0.009969661649305938,2.525930811637617,0.009969661857960298
WBUSAPPWNSAUS,1067,-0.09393796043244047,0.1219319347202187,-0.22476265668455747,0.1266276914573206
WCPF3M,1101,1.1981322943072201,0.053392893428189946,1.1983311881223238,0.05339282113551141
WCTCL,1125,3.9355861494350006,0.002833422200473981,3.734367887105204,0.00291631877371491
WDDNS,1122,1.5032040329133314,0.03887298495071995,1.2806079365691216,0.039727901670992945
WDFOA,1125,1.9750732048241881,0.06581310474425778,1.5099754147452775,0.06855813679834269
WDFUELUSGULF,1049,1.754720310568894,0.023874071013642317,1.7548176345990552,0.023873440375867656
WDTGAL,1125,-0.1072773251037016,0.1782110286283787,-0.10727924114909201,0.17821286286323756
WFII10,1124,1.065530847924751,0.04683327069387274,1.0655310592718021,0.0468332519309141
WFII20,1124,1.1074489937537273,0.04390350763410697,1.1076702562576908,0.04390095956416063
WFII30,856,1.1644524450482852,0.039013905101840406,1.1644524450482854,0.0390139051018404
WFII5,1124,0.9906398719606384,0.051317393545358615,0.9906396413271634,0.051317426307981834
WGS10YR,1124,1.8330507441206694,0.022796971051393968,1.8330509763894143,0.022796970164702588
WGS1YR,1124,1.4682761872719894,0.03912748751366979,1.468276197768446,0.03912748764829038
WGS20YR,1124,2.0271478141700388,0.017924963249863833,2.027147804657387,0.01792496332510825
WGS2YR,1124,1.4168676847800612,0.03681005694255067,1.416867685411404,0.03681007887658318
WGS30YR,1124,2.138309961539847,0.016480359434889298,2.1383100397597525,0.016480359214290648
WGS3YR,1124,1.4296650451360469,0.03634892037753574,1.4296655259236106,0.03634892965192175
WGS5YR,1124,1.5548226951215958,0.030930902490692903,1.5548227887811146,0.030930901983644104
WGS7YR,1124,1.6867138596226516,0.026603817883134998,1.6867137725994255,0.02660382266660656
WIMFSL,839,3.278685611904629,0.004541037043629995,3.278734787756019,0.004540963545890095
WJFUELUSGULF,1124,1.707887814685522,0.024932714990876802,1.707970448780568,0.024931766666169777
WLAD,1125,-9.134755228384286,957.4182409154087,-9.067329468676697,946.1061983289201
WLCFLL,1125,-8.17329998924335,1633.8598924885691,-8.405217940323856,1919.7112515219346
WLCFLPCL,1125,-8.686750697182147,790.2379974864396,-9.086372219110217,1006.6997821194597
WLDLCL,1125,2.6282590797930063,0.010070881264620768,2.6282590795468943,0.010070881265858318
WLEMUINDXD,7883,-1.4247654518436081,0.5622781668893754,-1.4247534743995487,0.5622758466122146
WLFN,1125,4.702548645599757,0.001259549230596586,4.702583171126105,0.0012595349904460497
WLODL,1125,0.019866111578660757,0.22235668333774958,0.01986623437192904,0.22235662405022982
WLODLL,1125,2.0224955604489723,0.017567173958844957,2.0224955604490296,0.017567173958844925
WLRRAA,1125,0.9824442221557642,0.048601699597907125,0.9824271477427196,0.048601805845927555
WLRRAFOIAL,1125,1.5443633991814014,0.026939812804653428,1.5443633991447847,0.026939812799260828
WLRRAL,1125,0.7552744748311824,0.05453972894407318,0.7558340208733817,0.054534285160049004
WLTIIT,1124,1.1444292233420976,0.04261890341161535,1.1444413792185975,0.042618488921439844
WLTLECL,1125,4.06737733345085,0.002801933879993281,4.0673773355331235,0.0028019338800377414
WM1NS,1122,1.7610198539757191,0.019660836147731262,1.7140525734399807,0.01859819555574038
WM2NS,1122,3.8517036123251103,0.002846445353559798,3.8517036123251103,0.002846445353559798
WOFDRBORBA,1125,0.39182333230896516,0.09791798226028939,0.3918314819472898,0.09791784945519384
WOFDRBORBL,1125,0.25144684189858413,0.11869817609829746,0.25108188855243335,0.11871561838999035
WOFSRBRBC,1125,4.0643088680588235,0.0028033020336483724,4.064308868997783,0.0028033020337692063
WPC,1125,-7.306129015487067,605.6728511656123,-7.588834817210894,741.6240549885975
WPROPANEMBTX,1124,1.49366400969623,0.029797780761259524,1.4937402133442688,0.029796696716350282
WRBWFRBL,1125,1.9993843006777465,0.017634510169178167,1.9993843006777465,0.017634510169178167
WREPOFOR,1125,1.8182688760487702,0.02120552861266851,1.8181601231481967,0.021205405636651627
WRESBAL,1125,2.199331616499464,0.014613105184901668,2.199331616499464,0.014613105184901668
WRESCRT,1125,4.250690857762982,0.0023533707842736634,4.250690856636695,0.002353370784603998
WRMFNS,1122,3.839169807407955,0.002700802290149283,3.839191736917993,0.0027007775839772478
WRMFSL,839,3.97150749685364,0.00237102902087869,3.97193624188565,0.0023700951701438
WRMORTG,613,2.5553222084022353,0.010320575453192779,2.555322148606851,0.010320575127769233
WSDEALL,1125,-9.619943125599733,2112.6120609267855,-9.619910729240845,2112.5843929287157
WSDONTL,1125,-9.660623250831579,2079.078228018007,-9.660172534446998,2079.053444901007
WSECOUT,1125,4.454509652238424,0.001945129374952229,4.470745183099997,0.001965627955451151
WSHOICL,1125,3.4005225920840196,0.0045569615225211175,3.400525434125469,0.004556956350687785
WSHOSHO,1125,4.278537568470952,0.002311088171497124,4.277657073842975,0.002317392240748504
WSHOTSA,1125,4.93467038487504,0.0017069134633095444,4.945281090470804,0.0017034136036115995
WSHOTSL,1125,4.781896090385788,0.00200969668882625,4.78189651367596,0.0020096998681864106
WSLB20,613,2.3450958234219406,0.01270031159383023,2.3457166745657303,0.012697091274950164
WSMTMNS,1122,5.090340529826062,0.0009136322379364671,5.088826319282398,0.0009137135175016187
WTB1YR,946,1.5471443496216526,0.03795846973795891,1.5471443475205584,0.037958469950799004
WTFORBAFL,1125,2.0883649264840933,0.016716508570495125,2.0891919893619972,0.016713586233421857
WTFSRFA,1125,4.269183040916462,0.002307264250081678,4.269183040310396,0.0023072642497478277
WTFSRFL,1125,4.081969328024804,0.0027488863735592468,4.081969328934788,0.0027488863735616923
WTREGEN,1125,0.15050623167672406,0.1297861889796399,0.15059040793778017,0.1297821083358753
