series,n,ll_G_exact,crps_G_exact,ll_H_exact,crps_H_exact
AAA10Y,5392,2.3999485531254514,0.012650963461095604,2.399948553125453,0.012650939030103728
AAAFF,5392,1.270745469079968,0.0406896316448143,1.270745469079968,0.04069239154775966
ABCOMP,1125,2.777940750375573,0.008247009793295467,2.777940750375573,0.008247009793294796
ABCOMPN,1125,3.022481256686993,0.006473062550232719,3.022481256686993,0.006473062734580509
ADPWES1T19ENERSA,853,7.003968959397708,0.00014544896952938267,7.003968959397708,0.00014544896952938267
ADPWINDCONNERSA,853,6.9672028470634775,0.00013462850522725307,6.967202847063481,0.00013462850522725372
ADPWINDMANNERSA,853,7.405492794009145,9.96158196214795e-05,7.405492801241927,9.961581951278397e-05
ADPWINDPROBUSNERSA,853,6.97363068862277,0.00012261980722125485,6.947604038951582,0.0001362303289801628
ADPWNUSNERNSA,853,5.52856109571127,0.0005154934640675861,5.5285610931344324,0.0005163024479989522
ADPWNUSNERSA,853,7.675656185202643,6.909071365693631e-05,7.675656185202643,6.909071365693631e-05
ALLACBW027SBOG,890,3.873708474111581,0.0038074593222332523,3.8737165310100936,0.0038074566548147136
AMBOR1M,797,3.5305583669221265,0.004748107595678674,3.3827400063988646,0.0052483071367272136
AMBOR3M,797,3.6116915284359576,0.00431083398264522,3.550856883337355,0.004412010939059843
ANFCI,1124,3.2708501069071834,0.005728560020158778,3.2708514036088023,0.005732008606359182
AOLACBW027NBOG,1124,3.386774430818499,0.004285778385368736,3.3867744308185066,0.004285566357558947
AOLACBW027SBOG,1124,3.8363316670459895,0.002781889377364145,3.8363316671897008,0.0027817659098585044
BAA10Y,5392,3.069517679967807,0.00637109582030504,3.0695176799815433,0.006370658723501573
BAAFF,5392,1.3088832234334298,0.03932550633386348,1.3088832234334298,0.03932550686346382
BAMLC0A0CMEY,785,3.3746935527382123,0.004524495007436602,3.3746935527382123,0.004524494999601292
BAMLC0A0CMSYTW,786,3.3673248678840615,0.004574615180525814,3.3673248678840615,0.0045746151777553605
BAMLC0A1CAAAEY,786,3.301809626265495,0.004837967741188358,3.301809626265495,0.004837967729088724
BAMLC0A1CAAASYTW,786,3.2917135980839674,0.004902777139288722,3.2917135980839674,0.004902777134286392
BAMLC0A2CAAEY,786,3.3197416093558467,0.004774345449362075,3.3197416093558467,0.004774345439080558
BAMLC0A2CAASYTW,786,3.3209051195122012,0.004768938614692569,3.3209051195122012,0.0047689386148794645
BAMLC0A3CAEY,786,3.3502392033687873,0.004653443686002091,3.3502392033687873,0.004653443690660361
BAMLC0A3CASYTW,786,3.321108701217641,0.004791817509257177,3.321108701217641,0.004791817511159269
BAMLC0A4CBBBEY,786,3.392733831078749,0.004440670498409019,3.392733831078749,0.004440670483459737
BAMLC0A4CBBBSYTW,786,3.40011452717102,0.004423905549787832,3.40011452717102,0.004423905542279993
BAMLC1A0C13YEY,786,3.229159477257628,0.00520124377813671,3.229159477257628,0.0052012437707597255
BAMLC1A0C13YSYTW,786,3.1956709539177153,0.005376295783000921,3.1956709539177153,0.005376295779034864
BAMLC2A0C35YEY,786,3.1994913244237426,0.005405215375294628,3.1994913244237426,0.005405215372989376
BAMLC3A0C57YEY,786,3.2374636689500176,0.005214495652944748,3.2374636689500176,0.005214495670085823
BAMLC4A0C710YEY,786,3.3374259084340205,0.004713519757154848,3.3374259084341182,0.004713519757046294
BAMLC4A0C710YSYTW,786,3.318739682622866,0.004800570733901158,3.318739682622866,0.0048005707456122365
BAMLC7A0C1015YEY,786,3.372421979451214,0.004547877277332223,3.3724219794605745,0.004547877274746005
BAMLC8A0C15PYEY,786,3.426584600069747,0.004261272366433582,3.426584600069782,0.0042612723753000115
BAMLCC0A0CMTRIV,786,4.41240885794712,0.0015811188006920952,4.4124088579478595,0.0015811185137303172
BAMLCC0A1AAATRIV,786,4.067587448851564,0.0022617393950441047,4.067587448854286,0.0022617393959737
BAMLCC0A2AATRIV,786,4.3484697021381225,0.0016917931985410224,4.3484697021413865,0.0016917931790196574
BAMLCC0A3ATRIV,786,4.411952337212012,0.001582440905060577,4.411952337212188,0.0015824408698742586
BAMLCC0A4BBBTRIV,786,4.430567262490933,0.0015504957946798586,4.4305672624911905,0.0015504933114293428
BAMLCC1A013YTRIV,786,5.634290488050404,0.0004668268457910665,5.6342904880506355,0.0004668093790753337
BAMLCC2A035YTRIV,786,4.936270045228744,0.0009400516175382638,4.936270045228744,0.0009400515856394074
BAMLCC3A057YTRIV,786,4.569622559459484,0.001354997462930988,4.569622559459491,0.0013549973739189485
BAMLCC4A0710YTRIV,786,4.338183117602663,0.0017004382619426172,4.338183117602663,0.001700381201467684
BAMLCC7A01015YTRIV,786,4.096166593052385,0.002177899203981262,4.096166593115023,0.0021778991972259652
BAMLCC8A015PYTRIV,786,3.6921630940089187,0.0032469979098399475,3.692163094023826,0.0032469979053411165
BAMLEM1BRRAAA2ACRPIEY,786,3.614133942642934,0.0035291563252093966,3.614133942642934,0.003529156065576537
BAMLEM1BRRAAA2ACRPIOAS,786,2.0606917964649853,0.0172113332287269,2.0606917964649853,0.017211791675007394
BAMLEM1RAAA2ALCRPIUSEY,786,3.6064362663129255,0.003565406498082943,3.6064362663129255,0.0035654058290850643
BAMLEM2BRRBBBCRPIEY,786,3.8127721696640284,0.002861029083575096,3.8127721696640284,0.002861028301391475
BAMLEM2BRRBBBCRPIOAS,786,2.4099469004119722,0.012007326234984387,2.4099469004119722,0.012007326235250096
BAMLEM2RBBBLCRPIUSOAS,786,2.370290258346327,0.012469515928289623,2.370290258346328,0.012469515928427405
BAMLEM3BRRBBCRPIEY,786,3.592579317069511,0.003447736834204611,3.592579317072167,0.003447374739752802
BAMLEM3BRRBBCRPIOAS,786,2.6193457624117964,0.009047478171831169,2.619345762411797,0.009047478162266274
BAMLEM4BRRBLCRPIEY,786,3.2310429252137656,0.004874970367625072,3.2310429252137656,0.004874969422732939
BAMLEM4BRRBLCRPIOAS,786,2.687034447553097,0.00885567526289431,2.687034447553097,0.008855675922231281
BAMLEM4RBLLCRPIUSEY,786,3.2795175950776607,0.004813639791303179,3.197927728972535,0.005001799335178923
BAMLEM4RBLLCRPIUSOAS,786,2.6431239874909958,0.009221631060361763,2.6431239874909958,0.009221602809048069
BAMLEMALLCRPIASIAUSEY,786,3.4796427019874097,0.0038785218621748643,3.4796427019874097,0.003878522171783543
BAMLEMCBPIEY,786,3.7644930003022807,0.002965084209089859,3.7644930003022807,0.002965083903963629
BAMLEMCBPIOAS,786,2.6260036601537293,0.009574990897955755,2.6260036601537293,0.009574990897924988
BAMLEMCBPITRIV,786,5.106917428347852,0.000793149689327564,5.106917428348069,0.0007929766241324548
BAMLEMCLLCRPIUSTRIV,786,5.050880130143646,0.0008397271399745997,5.0508801301438275,0.0008395839955588338
BAMLEMEBCRPIEEY,786,3.5528842501258247,0.0036514953455513894,3.5528842501258247,0.003651440636066782
BAMLEMEBCRPIEOAS,786,2.6201748686179047,0.009453065552221758,2.6201748686179065,0.009451367871703538
BAMLEMHBHYCRPIEY,786,3.5336774841702505,0.003654913195413173,3.5336774841723404,0.0036549005880083685
BAMLEMHBHYCRPIOAS,786,2.729239188032559,0.008325556387650252,2.729239188032559,0.008325596705430415
BAMLEMHBHYCRPITRIV,786,5.033188456754868,0.0008836190643821174,5.033188457059765,0.0008836751911277126
BAMLEMHYHYLCRPIUSOAS,786,2.7133976543590372,0.008392156480737276,2.7133976543590372,0.008392231771911993
BAMLEMIBHGCRPIOAS,786,2.2671831895710652,0.013914342791142318,2.2671831895710652,0.013914342791636357
BAMLEMPBPUBSICRPIEY,786,3.8034123134809854,0.002902559066131311,3.8034123134809854,0.002902553165776629
BAMLEMPBPUBSICRPIOAS,786,2.4889291356476546,0.011145689393632563,2.4889291356476546,0.011145689393657671
BAMLEMPUPUBSLCRPIUSOAS,786,2.441532385085865,0.011706930439635459,2.441532385085865,0.011706930439649994
BAMLEMRACRPIASIAEY,786,3.5423232098242416,0.0036967328549147647,3.5423232098242416,0.003696733384284414
BAMLEMRACRPIASIAOAS,786,2.3773590523772508,0.01207729384408553,2.377359052403919,0.012075888991610016
BAMLEMRACRPIASIATRIV,786,5.0263769506729,0.0008338578685940641,5.0263769506729,0.0008338215612205708
BAMLEMRECRPIEMEAOAS,786,2.477274297521476,0.011126356333905005,2.477274297521476,0.011126356334175714
BAMLEMRLCRPILAEY,786,3.668498845699016,0.003269071320899414,3.668498845699016,0.0032690693448509953
BAMLEMRLCRPILAOAS,786,2.679855350016292,0.008663153312610458,2.679855350016292,0.008663153312332398
BAMLEMRLCRPILATRIV,786,4.782328003046682,0.001102007344894131,4.782328003046682,0.001101787294913465
BAMLEMUBCRPIUSOAS,786,2.5849112210557386,0.009973596251666987,2.5849112210557386,0.009973596251698956
BAMLH0A0HYM2,786,2.3714292614592147,0.011719352645593449,2.3714292614592147,0.011720834529229047
BAMLH0A0HYM2EY,786,3.2056184351112345,0.005291680056726862,3.2056184351112456,0.0052919482777863385
BAMLH0A0HYM2SYTW,786,3.249500385940727,0.005063580756581232,3.249500385940739,0.005064840049019963
BAMLH0A1HYBB,786,2.0492672303353903,0.01616950945713681,2.0492672303353903,0.01616658010089278
BAMLH0A1HYBBEY,786,3.164064405642736,0.005550219698671589,3.1640644102311546,0.005550288330050393
BAMLH0A1HYBBSYTW,786,3.2288869018436954,0.0052059445589206065,3.2288869018437403,0.005206091363730869
BAMLH0A2HYB,786,2.289676461666222,0.012881512801876887,2.289676461666222,0.012881734995003473
BAMLH0A2HYBEY,786,3.081713735245309,0.005953943191353664,3.0817137352750503,0.005953947581946028
BAMLH0A2HYBSYTW,786,3.111084627203874,0.0057473484782734445,3.1110846279622146,0.00574744078960241
BAMLH0A3HYC,786,2.948338772445002,0.0069055173329251795,2.9483387724450623,0.006905521721487688
BAMLH0A3HYCEY,786,3.2833509837196257,0.004892880724887612,3.2842729210313544,0.004870309974199439
BAMLH0A3HYCSYTW,786,3.285348656712021,0.004825291410516254,3.2914643268862043,0.004789392881414594
BAMLHE00EHYIEY,786,3.2433468062875703,0.0052220763503180246,3.243346806311779,0.005222075671589296
BAMLHE00EHYIOAS,786,2.5776174937085976,0.009949455490965433,2.5776174937085976,0.009949455312677604
BAMLHE00EHYISYTW,786,3.2526671613370604,0.005086954206016942,3.2526683714061635,0.005086983710175283
BAMLHE00EHYITRIV,786,5.287797467354566,0.0007097184267558463,5.287809527340256,0.0007095765870824571
BAMLHYH0A0HYM2TRIV,786,4.927688243730668,0.0009918951670192708,4.927691196796378,0.0009918953453627694
BAMLHYH0A1BBTRIV,786,5.006746345928066,0.0009170019114593018,5.006746345954609,0.0009170022267543928
BAMLHYH0A2BTRIV,786,4.88880762446813,0.0010379353569312218,4.888808187394759,0.001037934705296318
BAMLHYH0A3CMTRIV,786,4.484825876157076,0.0014963617153830478,4.484825877304004,0.0014967739907209296
BOGMBASEW,818,2.7512737279118658,0.00814136373490968,2.7512737279123005,0.008141363635472878
BRMTG0101,1095,2.5049296137464525,0.0110306886706893,2.5049296137464525,0.011030592730491014
BRMTG0102,1095,2.621977888990706,0.00981954211850311,2.6219778889907093,0.009819542118490149
BUSAPPWNSANER,1067,0.10620036427736561,0.11371185769281333,-0.18542409419213027,0.12940093327847554
BUSAPPWNSAUS,1067,0.13291786339308995,0.11273649062262575,-0.2101957053604303,0.12901226756300718
BUSAPPWNSAUSYY,1012,-5.173177489213347,18.265662088730625,-5.422566229374063,21.00913989764671
CACCLAIMS,1124,1.1912092081941765,0.0402791386973045,1.1280334505360383,0.0419275335739681
CAICLAIMS,1125,0.41684147107195735,0.08929986281753358,0.41684147107195735,0.08929978922986741
CASACBW027NBOG,1124,2.1387097655735623,0.015496364419624048,2.1387097655735623,0.015496364418479215
CASACBW027SBOG,1124,2.4735535915747953,0.011299968573042904,2.4735535915747953,0.011299968573042905
CASLCBW027NBOG,1124,1.7157914777224297,0.024123751839053503,1.7157914777224297,0.02412375191560447
CASLCBW027SBOG,1124,2.1392720607370577,0.016081886382674146,2.1392720607375817,0.016081886446809187
CASSCBW027SBOG,1124,2.128469383713354,0.014527260882558275,2.128469383713354,0.014527112763419446
CBBCHUSD,3141,1.5854725841079094,0.026921823354242046,1.5854725841079704,0.026932977169145954
CBBTCUSD,4227,1.9982745733170302,0.018433392258146136,1.9990328486145323,0.018494930887306422
CBCCIND,1972,1.787985453061633,0.021942042812007456,1.7925642601604528,0.022115367739637935
CBETHUSD,3725,1.6756361694510546,0.025290471700856798,1.6764845309258567,0.025436586111260363
CBLTCUSD,3635,1.62431331133893,0.02688269039992684,1.62431331133893,0.026882677610647436
CC4WSA,1124,3.2484164413355745,0.005510220389303938,3.248416457574568,0.005510325495110028
CCLACBW027NBOG,1124,3.4143375028914957,0.00450979942976613,3.4143375028914957,0.00450979942976613
CCLACBW027SBOG,1124,4.28931079625618,0.0022795138741917684,4.28931079625618,0.0022795138741917684
CCNSA,1124,1.522538314881318,0.02630161355189319,1.5160686362068412,0.02625882770723293
CCSA,1124,2.0793056611161242,0.013271448675587133,2.0793056611161242,0.013271414349424516
CIBOARD,1124,3.8119334095261417,0.0024261965184928518,3.8119464774676373,0.0024260757033870007
CIBOARDNSA,1124,3.552055697654519,0.003275143744937254,3.5520556976545317,0.003275129891208835
CILSCBW027SBOG,1124,3.912857729817317,0.0021336686170174497,3.9128577298783007,0.0021813401615032504
CLSACBW027SBOG,1124,4.6589729672286095,0.0015119979064740605,4.60432075604235,0.001644377204417714
COMPAPER,1125,1.8814446806132556,0.020202414446360596,1.8814446806132556,0.020202414446360596
COMPOUT,1125,2.631556850604475,0.009359235251983964,2.631556850604475,0.00935923411040317
COMPUTN,1125,2.7366869039767736,0.008454593590046387,2.7366869039767736,0.00845281336904853
CPFF,4722,1.3694442290044915,0.04359096044629747,1.3694442290044915,0.04359091418521477
D2WATAL,1125,2.537245460199652,0.010726271901418222,2.537245460199652,0.010726271901478637
D2WLTGAL,1125,-0.08701662610736861,0.1772027524838204,-0.10727924113390157,0.1782128628545579
DAAA,5398,2.9459629354009986,0.00747960992595539,2.9459629354009986,0.007479609916210373
DBAA,5398,3.2044385135270566,0.005624298772604953,3.2044385135270566,0.005624263639298491
DCCCLAIMS,1124,1.4581574048899912,0.032069820637841855,1.4581574048899912,0.032069820637837095
DCICLAIMS,1125,-0.10544697505492415,0.13517140512849662,-0.10544697505492415,0.13517280390708383
DCOILBRENTEU,5457,2.405653656632362,0.013008683247142133,2.405653656632362,0.013008683500438396
DCOILWTICO,5410,-1.9360373547491465,0.9623382021618654,-1.9360373547491465,0.9623389461529676
DCPF1M,4058,1.1788147777182254,0.08265252932053023,1.178814777718457,0.08264381787101634
DCPF3M,4722,1.3275645755600807,0.0635165012399188,1.3275880067049584,0.06351545889083693
DDFUELLA,5402,2.36651670694918,0.013096832565190833,2.366516706949181,0.013096920001462588
DDFUELNYH,5046,2.4508622704416108,0.012231248220609723,2.4508622704416108,0.012231248775318544
DDFUELUSGULF,5046,2.4208792991966597,0.012662632024970966,2.4208792991966597,0.012662631889762249
DEXBZUS,5401,3.280749852897847,0.005261159242383912,3.280749852897847,0.005261159227025131
DEXCAUS,5401,3.8793448440444256,0.0029159544756419916,3.8793448440444256,0.002915954479829529
DEXDNUS,5401,3.827938810689235,0.0030465834606756004,3.827938810689235,0.003046583468082718
DEXHKUS,5401,6.681729315186038,0.00018562636202522223,6.681729331560302,0.00018562670440968
DEXINUS,5400,4.102697000255485,0.0023294336420471014,4.102697000255485,0.0023294337226861094
DEXJPUS,5401,3.693468272414447,0.0033929862715137617,3.693468272414447,0.0033929815049029734
DEXKOUS,5401,3.743185700177279,0.003430927992210234,3.743185700177279,0.003430927741546388
DEXMAUS,5401,4.19822707874924,0.0021183015295313887,4.19822707874924,0.0021183014282941826
DEXMXUS,5401,3.562553981490075,0.003994235971895301,3.562553981490075,0.003994235962493694
DEXNOUS,5401,3.4554521731653463,0.004375746442867212,3.4554521731653463,0.004375746489078811
DEXSDUS,5401,3.5238413803986295,0.004108525489259013,3.5238413803986295,0.004108525514270542
DEXSFUS,5401,3.187374874544057,0.0056890808048565816,3.187374874544057,0.005689080808985971
DEXSIUS,5401,4.331086066349046,0.0018193244197602517,4.331086066349046,0.0018193244093087913
DEXSZUS,5401,3.7181952649776147,0.003258571086661491,3.7181952649776147,0.003258567395908195
DEXTAUS,5398,4.411720093630377,0.0016512767992306204,4.411720093630377,0.0016512849356547835
DEXTHUS,5401,4.173797286596392,0.0021859915840280737,4.173797286596392,0.0021859915336103534
DEXUSAL,5401,3.5348744542063093,0.004125628619629828,3.5348744542063093,0.0041256285155242415
DEXUSEU,5401,3.825789533012637,0.003055902698003908,3.825789533012637,0.003055902700181917
DEXUSNZ,5401,3.4560590793995205,0.00437197861327129,3.4560590793995205,0.004371978633594491
DEXUSUK,5401,3.7507123266524314,0.0032511465864844802,3.7507123266524314,0.0032511466002780676
DFII10,5397,1.610503205613988,0.02808320564473136,1.610503205613988,0.028083369138237266
DFII20,5397,1.6068424566252733,0.02780111271445839,1.6068424566252733,0.027801314594687928
DFII30,4112,1.729113200500826,0.024186805150260147,1.729113200500826,0.024186768113151933
DFII5,5397,1.4675197562513245,0.032227308733522655,1.4675197562513245,0.03222781837056105
DFII7,5397,1.5060949949394715,0.030962772694128768,1.5060949949394717,0.030962765102448876
DGASNYH,5408,2.2783912374673716,0.014164164446794894,2.2783912374673716,0.0141641638395601
DGASUSGULF,5405,2.211635793485715,0.015446139065905766,2.211635793485715,0.015446140469674581
DGS10,5397,2.461694262471254,0.01277750796681182,2.461694262471254,0.012777509229865426
DGS20,5397,2.662733005825351,0.01022654251487133,2.662733005825351,0.010226684702060429
DGS3,5397,2.0234258162092664,0.021299526404959315,2.0234258162092664,0.02129952637628104
DGS30,5397,2.7287819783635867,0.009512051048625967,2.7287819783635867,0.00951205168319586
DGS5,5397,2.1617321438809314,0.017805301295420857,2.1617321438809314,0.017805301188380643
DGS7,5397,2.298309912517279,0.01506955625878318,2.298309912517279,0.015069584889291422
DHHNGSP,5421,1.576047680223136,0.029461466249763014,1.576047680223136,0.029461466267192277
DHOILNYH,5408,2.384240394409262,0.012896474412242074,2.384240394409262,0.012896356701628272
DJCA,2513,3.1978299767615472,0.005775741239183299,3.1978299767615472,0.0057757412021202
DJFUELUSGULF,5407,2.33898702719846,0.013783268647084963,2.33898702719846,0.013783268650290474
DJIA,2513,3.1988622088222813,0.005792774681714675,3.198862208823135,0.005792774591390586
DJTA,2513,2.7823817201685603,0.0082979115133817,2.7823817201685603,0.00829790215346561
DJUA,2513,3.0807990009107784,0.006412022039712334,3.080799001093746,0.006411987898319892
DLTIIT,5398,1.6750362464662083,0.026234197015498242,1.6750362464662083,0.026234694335932205
DNFINCP,1125,1.7214152215639422,0.0233137071566025,1.721415221563942,0.02331369627160798
DPROPANEMBTX,5399,2.282880840407303,0.014047123169165027,2.282880840407303,0.014047124306673398
DPSACBW027NBOG,1124,3.6839191558328976,0.0033423255226858305,3.6839191558328985,0.0033423255222589767
DPSACBW027SBOG,1124,4.4003845555810255,0.0016658954534888952,4.4003845555810255,0.001665925296151778
DPSDCBW027SBOG,1124,4.315394474724795,0.0018193889757490062,4.315394474724795,0.001819363134757621
DPSLCBW027NBOG,1124,3.398714926650474,0.0044053208208851115,3.398714926650474,0.004405318553143533
DPSLCBW027SBOG,1124,4.119097207297418,0.0021958620612049736,4.119097207297418,0.0021958620700254106
DPSSCBW027NBOG,1124,3.8264363860535218,0.002817675595107914,3.8264363860423902,0.0028176678832813203
DPSSCBW027SBOG,1124,4.421683771176892,0.001538701548038336,4.421683771176892,0.0015387009233573921
DRGASLA,5407,1.9534513767731638,0.019288852963396254,1.9534513767731638,0.01928879228406715
DSWP10,2958,2.5197998765336242,0.011583809378165486,2.5197998765336242,0.011583809379020028
DSWP2,2958,2.079775743774326,0.01826826063904993,2.0797757437743267,0.018268261144515276
DSWP3,2958,2.100567139520082,0.017750042083727866,2.100567139520082,0.01774999067191432
DSWP30,2958,2.726542910073396,0.009423020811464811,2.726542910073411,0.00942302065667754
DSWP5,2958,2.2418265503122963,0.015303154945778217,2.2418265503122963,0.015303154931856083
DTP10J26,2461,1.422080089918132,0.03564023248981415,1.4220800899181336,0.03564023298442317
DTP10J28,2127,1.4429961492310392,0.03281982868616717,1.4429961492310392,0.03281982764656433
DTP10J30,1610,1.4285154368278188,0.033345472572695906,1.4285158275733705,0.033345724391540495
DTP10L26,2481,1.3995017409603907,0.037048863636894115,1.3995017409603907,0.03704886358002549
DTP10L27,2251,1.4547737797048996,0.03253281842751758,1.4547737797048996,0.032532818068311785
DTP10L28,2002,1.4306861549701537,0.03316704287388477,1.4306861549701537,0.03316704283212347
DTP10L29,1749,1.4605556385212177,0.03245921414976784,1.4605556385212177,0.03245921386658285
DTP20J26,4004,1.548679435545908,0.030536377657908124,1.5486794355459084,0.030536612308304536
DTP20J27,4141,1.5973493975936783,0.028563407603836577,1.5973493975936783,0.028563617511053917
DTP20J29,4138,1.6561335871640332,0.02643992752342641,1.6561335871640332,0.026440178018904442
DTP30A28,5393,1.6100162045620952,0.028211003909389503,1.6100162045620956,0.02821112464757281
DTP30A29,5391,1.6089012484293073,0.028008325195031932,1.6089012484293073,0.028008360695390394
DTP30F40,4107,1.730165335535301,0.024180942955671133,1.730165335535301,0.024181097716493634
DTP30F43,3344,1.7460283917344683,0.023813729727744835,1.7460283917344683,0.02381372930028983
DTP30F45,2848,1.7510567139650564,0.02375708663903444,1.7510567139650568,0.023757086630599947
DTP30F50,1607,1.6246972029003988,0.027183138690823876,1.624940194234727,0.02719629473847944
DTP5A25,1195,0.8676607393188996,0.0551095479179913,0.8676607393189002,0.05510938299676583
DTWEXAFEGS,5153,4.050199066977986,0.0024279833255732466,4.050199066977986,0.002427983325753041
DTWEXB,3774,4.387125425091485,0.0017387136677585128,4.387125425091485,0.0017387136678948475
DTWEXBGS,5153,4.292065297348781,0.0018966607733802503,4.292065297348781,0.0018966607735000306
DTWEXEMEGS,5153,4.369982938795694,0.001764606723940102,4.369982938795695,0.0017646044932787483
DTWEXM,3774,4.041267778410327,0.00246303706663743,4.041267778410327,0.0024630370772974006
ECBESTRNUMTRANS,1749,0.9724468196730591,0.053905045495321054,0.7242490901871572,0.06042988344022777
ECBESTRTOTVOL,1749,0.8653067730209507,0.0567924950675786,0.7333404295000613,0.060638880046680846
EFFRVOL,2617,1.0375827287328987,0.04207253701388313,1.0413631441336926,0.04209313416414984
EVZCLS,4359,1.5054491419192064,0.030506847977645378,1.5054491419192102,0.030537466396602014
EXCSRESNW,818,2.1148002079456303,0.01664934728319668,2.140664304413558,0.01567688061749998
FINCP,1125,2.1921793338889444,0.014634339430291075,2.1921793338841464,0.01463415912345747
FINCPN,1125,2.372005706715204,0.012296661108162181,2.372005706715204,0.01229653592009969
FLICLAIMS,1125,0.09665264247347863,0.10589736437244203,0.09665264247347724,0.10589736437196838
GASDESECW,1125,3.0416163920204218,0.006101985952902904,3.0312716279709,0.0062490036660720035
GASDESGCW,1125,2.7730719120615275,0.007964692409077654,2.7730719122647867,0.007965186744422509
GASDESLSMWW,1016,2.7185977503519934,0.0085211848852132,2.71859775803783,0.008629087790336703
GASDESLSW,1016,2.8608249932532797,0.006919667438991228,2.860562872793158,0.00707856693144613
GASDESMWW,1125,2.7659495573262944,0.008304529160580868,2.765950202624617,0.008411037510927364
GASDESRMW,1125,3.058977392059462,0.0063164291608793855,3.058977392059462,0.0063164291608793855
GASDESW,1125,2.9378927630382012,0.006796630468437158,2.9335331273357634,0.006943084184709724
GASDESWCW,1125,3.0234216615214486,0.006308918234825612,3.0234216615222596,0.006308918235044566
GDBFRW,839,-0.05916399643231545,0.16272210501309617,-0.059336002042392054,0.1627236844491728
GVZCLS,4570,1.5106637321306005,0.02838190917644707,1.5113708596573094,0.02837869785597562
H8B3092NCBA,863,2.007546284868026,0.017982848945717413,2.007546284868026,0.017982848945717413
H8B3094NCBA,1124,2.6953843206099823,0.007819500161504787,2.6953843206099823,0.007819499635364465
H8B3094NCBD,1124,2.5000272744607934,0.009401064095787176,2.5000272744607934,0.0094010553048273
H8B3094NSMA,1124,2.1854776210319167,0.010153300095128036,2.1854776209580535,0.010151123083612403
HBUSAPPWNSAUS,1067,0.12390780222760227,0.11377733028033636,-0.2115670209896991,0.1292180996375546
IC4WSA,1125,0.2676172630084387,0.015529890984561485,0.2676172630096735,0.015529890984559029
ICNSA,1125,0.46287853055081507,0.06609394414613237,0.46287853055081507,0.06609394414597586
ICSA,1125,0.8786630361263127,0.03289614211717592,0.8786630361263127,0.03289614184706494
IHLIDXAU,2365,5.155939025931741,0.000776510774515713,5.159445417186778,0.0007765857414928567
IHLIDXAUTPSOFTDEVE,2365,4.942868153017273,0.0009511813738884308,4.942868153017273,0.0009511813738884308
IHLIDXCA,2365,5.32249434219653,0.0006499264367697695,5.3249921462151155,0.0006498945783360447
IHLIDXCATPSOFTDEVE,2365,5.035109830237393,0.0008725834234477632,5.035109830251921,0.0008725834234435099
IHLIDXDE,2365,5.763981928577211,0.0004162385017363701,5.782181673795895,0.00041649497834324556
IHLIDXDETPCIVIENGI,2365,5.380903034883887,0.0006118943684797399,5.380903034887491,0.0006118943685312899
IHLIDXDETPELECENGI,2365,5.259814232460195,0.0006990869449991822,5.25981423257171,0.0006990869449908796
IHLIDXDETPINDUENGI,2365,5.273268766491157,0.0007005154195070522,5.2783008582443784,0.000700437122859438
IHLIDXDETPSOFTDEVE,2365,5.552233294044897,0.0005232145785356799,5.552233294803616,0.0005232178157035856
IHLIDXFR,2365,5.380124366870758,0.0006385899019208462,5.380124368808143,0.0006385899051667051
IHLIDXFRTPSOFTDEVE,2365,5.1049623878441235,0.0008270167252855248,5.1049623878442505,0.000827016725285766
IHLIDXGB,2365,5.3034739390487085,0.0006650912380349587,5.306007074134215,0.0006677320703008501
IHLIDXGBTPBAFI,2365,4.659552557839987,0.0012796955293256022,4.659553788061195,0.001282418414845067
IHLIDXGBTPCIVIENGI,2365,4.314011711035154,0.001813029917569652,4.314011711064297,0.0018130299229240606
IHLIDXGBTPSOFTDEVE,2365,5.043640006019185,0.0008758774998374699,5.043652490324156,0.0008758739354999291
IHLIDXNEWNSAUS,2365,3.4606560560260173,0.004313112392848714,3.3801002543498706,0.00460822661337709
IHLIDXNEWUS,2365,3.6071797555072216,0.0035413641744854738,3.59950831970049,0.0036586472841117746
IHLIDXNSADE,2365,5.681946754221942,0.0004531268567619043,5.681946754221942,0.0004531268567619043
IHLIDXNSAFR,2365,5.285577323385106,0.0006637406638616802,5.300019117632335,0.0006680603855535805
IHLIDXNSAGB,2365,5.113011631294167,0.0007701541586557608,5.113011631294167,0.0007701541586557608
IHLIDXNSAUS,2365,5.51397771868217,0.0005266382402409578,5.530522479386023,0.0005295438423026563
IHLIDXUS,2365,5.632448984739951,0.0004785914817529005,5.642672113884415,0.0004779963604367936
IHLIDXUSCA,2365,5.54672212656925,0.0005289871156898595,5.546723675396375,0.0005289869039562744
IHLIDXUSTPACCO,2365,4.754172360691358,0.0013483401799077549,4.755314244223048,0.0013675287276359912
IHLIDXUSTPARCH,2365,5.37584494366663,0.0006231011924127098,5.37584494366663,0.0006231011924127098
IHLIDXUSTPAREN,2365,4.898229045787146,0.0010020777128853327,4.8983775656952275,0.0010057714276971621
IHLIDXUSTPBAFI,2365,4.8279325986964245,0.001108926297615159,4.827932598802159,0.0011089269542504103
IHLIDXUSTPCIVIENGI,2365,5.318768059922978,0.0006669476532443325,5.318768059922978,0.0006669476532443325
IHLIDXUSTPCONS,2169,5.553237871450399,0.0005502883526394836,5.553237871450399,0.0005502883526394838
IHLIDXUSTPCUSTSERV,2365,5.168296101790117,0.0008156187647785937,5.168296101790153,0.0008156187647785856
IHLIDXUSTPDENT,2239,5.127127444302613,0.0008137252282685599,5.1271274600334324,0.0008137252263709698
IHLIDXUSTPDRIV,2232,3.72557847375655,0.002954293720389877,3.652322821771727,0.003129673564197134
IHLIDXUSTPELECENGI,2365,5.168191139897109,0.0007713175759231498,5.168191139897109,0.0007713175759231498
IHLIDXUSTPFOPRSE,2365,5.3545747420718195,0.000655167962081776,5.355592554259742,0.0006549439791646601
IHLIDXUSTPHOTO,2365,4.930773867039549,0.0010043988596085333,4.930773867039549,0.0010043988596085333
IHLIDXUSTPHUMARESO,2365,5.266638829477604,0.0007050583569790009,5.266639446018962,0.0007050581751777423
IHLIDXUSTPINDUENGI,2365,5.137962249488548,0.0007986740334423729,5.137971469997803,0.0007987312320026801
IHLIDXUSTPITOPHE,1994,5.28259467278919,0.0006740761746584909,5.295482693639713,0.000674771045130278
IHLIDXUSTPLEGA,2365,5.228294298247966,0.000734188753176704,5.230015602959965,0.0007345886694626621
IHLIDXUSTPMANA,2365,5.060119409370448,0.0008384217053767325,5.066753871525746,0.0008591403609821143
IHLIDXUSTPMARK,2365,5.167564611658812,0.0007767870692929742,5.167564611658812,0.0007767870692929742
IHLIDXUSTPMATH,1994,4.993744755077779,0.0009027499899635377,4.993744755077779,0.0009027499899635377
IHLIDXUSTPMEDIINFO,2365,5.211629528258596,0.0007697888764659203,5.211697215343509,0.0007697844077811938
IHLIDXUSTPNURS,2365,5.533520557346526,0.0005420480290031246,5.5335205573506006,0.0005420480290035448
IHLIDXUSTPPHSU,2365,5.318785441844855,0.0006605673210246865,5.318785441844855,0.0006605673210246865
IHLIDXUSTPPRMA,2365,5.336207959711091,0.0006502160597630798,5.336207959711091,0.0006502160597630798
IHLIDXUSTPPROJMANA,2365,5.415149923096502,0.0006049641692126454,5.415151190591643,0.0006049641381812915
IHLIDXUSTPRETA,2365,4.919551866700162,0.0009872612808805156,4.919745655898094,0.000987131139040603
IHLIDXUSTPSALE,2365,5.282132213287718,0.0006880127403373301,5.28213567912917,0.0006880119246382178
IHLIDXUSTPSCREDE,2365,5.16366750396589,0.0007758929682611654,5.163667503965903,0.0007759162562924755
IHLIDXUSTPSEPUSA,2365,5.049847326308129,0.0008894729888128424,5.0638817048408,0.0009087793405839144
IHLIDXUSTPSOFTDEVE,2365,5.141431790726938,0.0008010672077024087,5.141431790726939,0.0008010672077024087
IUDSOIA,5450,2.963902155101971,0.011046599231690516,2.6912729512072184,0.01238413174493001
IUDZLT2,2089,-9.663308411617349,1778.3714231714664,-9.663308411617349,1778.3714219107446
IUDZOS2,2090,10.187934842212814,2.9981241883788098e-05,9.061822983768575,3.6045957135610045e-05
KCPRS,5439,0.856326248094745,0.0712595963668653,0.856326248094745,0.0712596024115137
KCPRU,5439,2.2407857884605673,0.014692060397355676,2.2407857884605673,0.014692058015321892
KCRORO,5598,-1.4564066547362977,0.6236740015959574,-1.4564066547362977,0.6236740015764015
KCROROE,5598,-1.5120994607050386,0.6537611572837536,-1.5120994607050386,0.6537611573236395
KCROROG,5598,-1.6344619815765247,0.7172805363940171,-1.6344619815765247,0.7172805921956772
KCROROL,5597,-0.8123939239660867,0.4391055560689486,-0.8123939239393941,0.43910854563179924
KCROROS,5597,-1.2753808314780537,0.5209172719238203,-1.2753808314780537,0.5209183177212866
LDGUST,692,-0.677866110039642,0.2725607892231402,-0.6778649343143301,0.27256387794427456
LLBLCBW027NBOG,1124,4.38836603999309,0.0015967668182540744,4.43684344718372,0.0016042154779268053
LLBLCBW027SBOG,1124,4.861972314113066,0.001009861795677731,4.9449241959079435,0.0010106751938063466
LLBSCBW027SBOG,1124,4.706970672457961,0.0011825727436167398,4.706970672456902,0.001182545816807971
LTDACBW027SBOG,1124,3.601116976167947,0.0035927786059424456,3.6011169761679516,0.00359277722993923
M1,839,-3.5711747581103848,0.010391194936755395,-3.5711747581103848,0.010391194936978291
M2,839,4.732445174015779,0.0012327106179435665,4.732445174015779,0.0012327102238489462
MAICLAIMS,1125,-0.05576605540093365,0.12793875965861273,-0.07779153878309175,0.12533905712735366
MIICLAIMS,1125,-0.2356766783413859,0.15706217111515916,-0.23567667834137923,0.15706217140234702
MOCCLAIMS,1124,1.0369424601497197,0.044569274765362155,1.036942460149791,0.04456927207815928
MORTGAGE15US,1125,2.436821881566896,0.011834157888946208,2.436821881566896,0.011834157859242883
MORTGAGE30US,1125,2.548459423905202,0.010640436059405435,2.548459423905202,0.010640435852289649
MORTGAGE5US,931,2.449971077840831,0.01141762290183686,2.4499710778460657,0.011417626590318612
NASDAQ100,5428,2.9551692532753275,0.007394257942246346,2.9551692532753275,0.007394258046902389
NASDAQB4040GI,5483,3.3000620966860357,0.006124628302639513,3.301685031897664,0.006134122615863873
NASDAQBXN,1332,3.5163877378802306,0.0042063705620464225,3.467217708956905,0.0043128843873075084
NASDAQCAPEXA,2936,3.180667055147337,0.0060105778578204245,3.1806670551473366,0.006010417799186182
NASDAQCELS,4951,2.4863006986401746,0.012131690708751827,2.4863006986401746,0.012131690508664207
NASDAQCOM,5428,2.9783530366080586,0.007249167545811287,2.9783530366080586,0.0072491716360880195
NASDAQDRB,4931,3.1155066268091605,0.0064986553158741574,3.1155066268091605,0.006498655113319913
NASDAQEMCLOUD,1966,2.3521568156003876,0.013377262124613511,2.3521568156003996,0.013377364132637267
NASDAQGSOX,1262,2.550619662256773,0.010214830651821822,2.5506196622571946,0.010214830654327689
NASDAQHERBAL,970,2.1293593540297766,0.015455365520076713,2.1293593540297766,0.015455365244570769
NASDAQHXC,5427,2.5107329882376583,0.011519372981510796,2.5107329882376583,0.011519372668233581
NASDAQHXCX,5427,2.510762618592007,0.011517730405740167,2.510762618592007,0.011517730144609712
NASDAQHXR,3053,2.8958931965697747,0.0075416879940691395,2.8958931965697747,0.007541673220847161
NASDAQNBI,5425,2.8020281996841527,0.008399055941432339,2.8020281996841527,0.008399055920961953
NASDAQNDXL3,3460,1.8576932318681192,0.021653765826385684,1.8576932318681192,0.021653899256891426
NASDAQNDXT,5139,2.753869902206843,0.009097012221059646,2.7538699022072284,0.009097012128291074
NASDAQNDXTMC,1094,2.672925855575261,0.008869367844884938,2.67292585557526,0.008869068929049666
NASDAQNDXX,5139,3.0890533988534354,0.006640377727475659,3.0890533988534354,0.006640406177533317
NASDAQNFCFA,692,2.92431138363024,0.006725126434414036,2.92431138363024,0.006724547228653454
NASDAQNQCN35,1529,2.2883470117035363,0.013573008272463244,2.288347011703537,0.013572951835517674
NASDAQNQEM,5557,3.148831995029733,0.006086556120705443,3.148831995029733,0.006086424812809665
NASDAQNQEURO50,3627,3.112369569514834,0.006087040207359709,3.112369569514834,0.006086956982028433
NASDAQNQGI,5557,3.3637368764576365,0.005037606672445399,3.3637368764576365,0.005037641908245505
NASDAQNQINTEL,1955,2.6195123050562468,0.009958067818775628,2.6195123050562477,0.009958067655277635
NASDAQNQMAREITT,2885,3.097387002416517,0.006953973017175389,3.097387002416517,0.006953956442240089
NASDAQNQROBOUS,2021,2.6303050906952814,0.010036859495160444,2.6303050906952827,0.010036859122439045
NASDAQNQUS500LCT,2653,3.1881995377538828,0.005916401494691837,3.191946999811491,0.005918881928438906
NASDAQNQUSB201030,3875,3.1322464367878933,0.006036843222089458,3.1322464367878933,0.006036835203516075
NASDAQNQUSB45,1528,3.3514729211864913,0.00457965273853725,3.3514729211864913,0.004579652738844688
NASDAQNQUSB451030,3875,2.983893844064997,0.0066352326590376565,2.9838938440651144,0.0066352326574750185
NASDAQNQUSL10101015,3871,2.8355140066108215,0.008051803026387113,2.8355140066108238,0.008051698823146792
NASDAQNQUSS,3885,2.9676539671439586,0.00723399120570844,2.9676539671439586,0.007233991563797191
NASDAQNSLITP,944,2.214442158009125,0.01421947114969259,2.214442158009129,0.01421936980515722
NASDAQNYGBIG,738,2.7966002273656363,0.007786649905725421,2.7966002273656874,0.007786864981742104
NASDAQOMRXMUNI,3944,5.6739300604241745,0.0005126141191388454,5.6739300604241745,0.0005126134542134664
NASDAQOMXS30,4426,3.0962976294618407,0.006334657226955395,3.0962976297781797,0.006334657773986507
NASDAQQGLDI,3459,3.4910006710788206,0.004054804532740552,3.4910006721897995,0.004058199796766241
NASDAQQMI,5379,2.978613195565458,0.0072135560765758154,2.978613195565458,0.007213556076575814
NASDAQQSLVO,3381,2.885776039634309,0.007431864144378745,2.8949925157036804,0.007501082244611335
NASDAQSOX,5302,2.495357870975658,0.011086930171678359,2.4953579476350862,0.011087017166719636
NASDAQSRVRSCNR,2020,2.935227350783961,0.007406085469619351,2.935227350784028,0.0074060910828279486
NASDAQSRVRSCPR,2020,2.9349598416185043,0.007409578691506621,2.9349598416185163,0.007409584149852173
NASDAQTDEX,2322,0.7905404870667914,0.06018427670318785,0.7905404870667914,0.060184273435541016
NASDAQVOLI,2323,1.0498845577322253,0.04716569363288985,1.0498845577322253,0.04716567992001854
NASDAQVOLNDX,3897,3.099389268672627,0.005872336808166691,3.099389316909759,0.005872336820078908
NASDAQXAU,5220,2.240652692883628,0.013924593361588394,2.2406526928838466,0.013924586387571939
NASDAQXCMP,5427,2.9782642049385784,0.007249919865805365,2.9782642049385784,0.0072499230481924345
NASDAQXNBI,5427,2.8009417753065535,0.00839576962447343,2.8009417753065535,0.008395769603051263
NASDAQXND,1387,2.843210367249061,0.008057010784907725,2.843210367249061,0.00805700904425633
NASDAQXNDX,5427,2.9535088799962588,0.00739369432339193,2.9535088799962588,0.0073936944775564095
NASDAQXNDXINR,1113,2.9171025364048817,0.007192146899813943,2.9171025364048817,0.00719178968623926
NASDAQXOSX,3791,2.412749757303924,0.01278526283806845,2.4127752785258925,0.012785160330574972
NASDAQXSOX,4175,2.577034840125152,0.010588296920530933,2.577034840125153,0.010588201592902316
NASDAQXXAU,3791,2.3119060885130662,0.01343805720444648,2.3119060885130662,0.013437606802801996
NDFACBW027SBOG,1124,-4.98050921439293,18.80377225986489,-4.98050921439293,18.803223785875137
NFCILEVERAGE,1124,3.582669811754841,0.0033635133113941356,3.6305026777264517,0.003468149552178655
NFINCP,1125,1.8923280889368217,0.019528703932272386,1.8923280889368213,0.019528688083683663
NIKKEI225,5280,2.865649566426133,0.007970496574663645,2.865649566426133,0.007970496721826478
NYCCLAIMS,1124,1.39922762479557,0.032651690203677385,1.3152222021041748,0.03251707850656295
NYICLAIMS,1125,-0.10613015853917011,0.16126794997461885,-0.2276909989268775,0.15807973004868406
OBFRVOL,2617,0.7837789122864786,0.0537299532529819,0.7760366382480697,0.054082992286088864
OBMMIC15YF,2392,2.798121203053298,0.008554842194740581,2.798121203053298,0.00855484187540924
OBMMIC30YF,2392,3.354508980347611,0.00476039001843292,3.354508980347611,0.004760535696008477
OBMMIC30YFLVGT80FB700A719,2392,2.998328229947457,0.006804846197467391,2.998328229947457,0.006804887622484704
OBMMIC30YFLVGT80FB720A739,2392,3.091983336306519,0.00622980654035413,3.091983336306519,0.0062298064864486
OBMMIC30YFLVGT80FGE740,2392,3.310342159141824,0.004981644341309194,3.310342159141824,0.004981644335431737
OBMMIC30YFLVGT80FLT680,2392,2.5424982880910343,0.010623009150286229,2.5424982880910343,0.010623011091315535
OBMMIC30YFLVLE80FB700A719,2392,2.7861073763197624,0.008446496120263039,2.7861073763197624,0.008446484778439305
OBMMIC30YFLVLE80FB720A739,2392,2.958288014986579,0.00698698032905559,2.958288014986579,0.006986980328961739
OBMMIC30YFLVLE80FGE740,2392,3.3223258997367764,0.004910603506942394,3.3223258997367773,0.004910604174240487
OBMMIC30YFLVLE80FLT680,2392,2.7498111400641836,0.008643164046012489,2.7498111400641836,0.008643119954626724
OBMMIC30YFNA,2392,3.098461878947328,0.006174965480125871,3.098461878947328,0.006174920945450879
OBMMIFHA30YF,2392,3.225799186169924,0.0054201120280645085,3.225799186169924,0.0054201120261286335
OBMMIJUMBO30YF,2392,2.6925496333774697,0.00932714281865736,2.6925496333774697,0.009327170856609989
OBMMIUSDA30YF,2392,2.890244560082267,0.007555317077396521,2.8902445600868445,0.007555302923826669
OBMMIVA30YF,2392,2.8953427707035773,0.00747693439908452,2.8953427707035773,0.007476934392071424
ODSACBW027SBOG,890,4.3376622399385605,0.0017637774165373055,4.337662258646451,0.0017637424835443211
OKICLAIMS,1125,0.03770114994297273,0.12061388741918187,0.03770115013681855,0.12061388740412994
OMBACBW027SBOG,890,3.4286255016127813,0.00425762921149385,3.4462376047307886,0.004278641438017661
OVXCLS,4838,1.4636582584899032,0.030074886425741524,1.4636582584899034,0.030075183958716337
PAICLAIMS,1125,0.06985473951533056,0.09906957779254268,0.06985473951533056,0.09906957779267
RESBALNSW,818,2.3222696421386537,0.013449327931677624,2.2715827486224223,0.013859626965183742
RESPPALGUOXCH1NWW,1125,-10.321365236977005,6030.8485717719705,-10.161902830034848,5663.30799613447
RESPPANWW,1125,4.06993343323436,0.0028015938233392707,4.06993343323436,0.0028015937976955804
RESPPMLLDONWW,1125,0.020763097546296218,0.22175866516195186,0.020763097546296218,0.22175866516195186
RESPPNTEPPNWW,1125,4.702696128971935,0.0012359809044878089,4.702696128971935,0.0012359772369482883
RIFSPPFAAD30NB,4058,1.1788147777182254,0.08265252932053023,1.178814777718457,0.08264381787101634
RIFSPPFAAD60NB,3766,1.2196927804109994,0.06904939319897543,1.2196927804771518,0.06904934267540434
RIFSPPFAAD90NB,4722,1.3275645755600807,0.0635165012399188,1.3275880067049584,0.06351545889083693
RIFSPPNA2P2D07NB,5383,1.936371498816615,0.03345907610183106,1.9364725424376652,0.033469593416006874
RIFSPPNA2P2D30NB,5370,1.9185586708687565,0.03673609118972326,1.9185586715424452,0.03673609858697063
RIFSPPNA2P2D90NB,3350,1.264834447902299,0.059016225352523495,1.264834447902299,0.059016225345761814
RIMLPBAARNB,2948,3.221045666353454,0.005467978803581448,3.221045666353454,0.005467978955659147
RREP15,1125,0.8466348535776264,0.05773063628179899,0.8466348535776264,0.05773065272405518
RREPT,701,0.5087776426704418,0.07149171396707948,0.5087776426704418,0.07149172458179753
RRPONTSYD,3282,-4.4770212555794275,16.174626177445376,-4.598052983072584,16.394612375097292
RRPONTSYSAD,3287,-4.512809863530513,16.040366645066133,-4.615588888785587,16.215537757613497
RRPONTTLD,3284,-4.488066965482854,16.178680718234546,-4.598098234570757,16.38908553841478
RRPTSYD,3306,-4.4459392395362585,16.238209749435782,-4.602499523229537,16.521299100191573
RRPTTLD,3311,-4.458533799235799,16.235401171162806,-4.60325489279826,16.51774973487986
RVXCLS,5425,1.4020937852179058,0.03135522727447281,1.4020937852179058,0.031355251163414206
SAVINGS,799,4.061920796095581,0.0022176975991867382,4.061920796095581,0.0022176986337478174
SBCACBW027SBOG,1124,4.327856168669071,0.0017733078639888195,4.327856168669071,0.0017732265598942541
SOFR180DAYAVG,1954,4.851263129336765,0.003118679816497553,4.851263129336765,0.003118679816497553
SOFRINDEX,2081,9.625561611596003,3.485643351022756e-05,8.936082199429299,4.041510122408656e-05
SOFRVOL,2079,1.861280589346085,0.020855145844155744,1.8612805893460853,0.020853954266882614
SP500,2513,3.153106103342378,0.00606513325835462,3.153106103354236,0.006065132956433934
STLFSI,792,1.2916426591992156,0.036664950086085536,1.2916426591992156,0.036664932163660714
STLFSI2,887,0.019414105175397607,0.13436291262394062,0.019414105175397656,0.13436291201835052
STLFSI3,929,-0.20686522866801527,0.16693456453160438,-0.20686522866801527,0.16693458353347335
STLFSI4,1124,0.05096318227933093,0.12804279756247366,0.05096318227933093,0.12804280142891292
T10Y3M,5398,1.4245018450935047,0.03447160688393499,1.4245018450935047,0.034471608512744625
T10YFF,5397,1.2659447221780111,0.04094618834436711,1.2659447221780111,0.04094619029545007
T10YIE,5398,2.758121899995806,0.011700767019073554,2.758121899995807,0.011700760887050526
T5YFF,5397,1.295423332520359,0.040751838148454574,1.295423332520359,0.04075183812702157
T5YIFR,5398,2.583383307298586,0.01119667411519096,2.583383307298586,0.011196674503919644
TASACBW027SBOG,1124,4.125932520275529,0.0021887845156615664,4.1259329313860444,0.002188613608994709
TGCRVOLUME,2080,2.5839282929664873,0.009751469022037211,2.5839282931244187,0.00975146886309715
THREEFF1,5393,1.9167452112470846,0.021810813113387034,1.9167452112470846,0.021810819729407578
THREEFF10,5393,3.1752044325390787,0.0059522703204354195,3.1752044325390814,0.005952272373549067
THREEFF2,5393,2.224409225862244,0.01706130043007912,2.224409225862244,0.01706129983492233
THREEFF3,5393,2.3986676362029553,0.013867418250145593,2.3986676362029553,0.013867478979225755
THREEFF5,5393,2.6960790830368166,0.00999278382977397,2.6960790830368166,0.009992776162087498
THREEFF7,5393,2.923983466195546,0.007790870168432392,2.9239834661955464,0.007790871225735533
THREEFFTP1,5393,2.8636640772445467,0.008246178667808673,2.8636640772445467,0.00824617866535656
THREEFFTP10,5393,2.191107121783896,0.015732682044423886,2.191107121783896,0.01573268231857602
THREEFFTP5,5393,2.3496651281242427,0.013512694620663401,2.3496651281242427,0.013512841486421498
THREEFY1,5393,2.387581818626607,0.014184448148814723,2.387581818626607,0.014184448500952426
THREEFY10,5393,2.781632081567176,0.008991574872581641,2.7816320815671762,0.008991580209641345
THREEFY2,5393,2.2149124344322817,0.020119775762025782,2.2149124344322817,0.020119805344050737
THREEFY3,5393,2.3010274805521105,0.016429476549071318,2.3010274805521105,0.016429480257117313
THREEFY4,5393,2.3858328180883386,0.014426763829009656,2.3858328180883386,0.014426763818347833
THREEFY5,5393,2.465580095579481,0.013006999025854062,2.465580095579481,0.013006998139441868
THREEFY6,5393,2.5393500478639712,0.011880878652969043,2.5393500478639712,0.011880893411916444
THREEFY7,5393,2.6073061208765633,0.010962532599079106,2.6073061208765633,0.0109625459756645
THREEFY8,5393,2.6699871090577796,0.010196245774547126,2.6699871090577796,0.010196245960504374
THREEFY9,5393,2.727904904714298,0.009547915612544172,2.727904904714298,0.009547915726374182
THREEFYTP1,5393,3.4132891455063814,0.0047538046161948585,3.4132891455063814,0.004753804598314035
THREEFYTP10,5393,2.424063846168527,0.012533383945893421,2.424063846168527,0.01253357838482407
THREEFYTP2,5393,2.9690114145709194,0.007416974269911763,2.9690114145709194,0.007416974263477217
THREEFYTP3,5393,2.777120240254984,0.008970245227281829,2.777120240254984,0.008970245169992999
THREEFYTP5,5393,2.6036317158164266,0.010605001183602952,2.6036317158164266,0.010604971208617245
TLAACBW027NBOG,1124,3.9087166202310586,0.002579240519522035,3.9087166202310586,0.0025792403063358113
TLAACBW027SBOG,1124,4.255734883469558,0.0018730004557654645,4.255734883469558,0.0018728471740857436
TLALCBW027SBOG,1124,4.161729141780734,0.0020857104707936534,4.161729141780734,0.002085666949906391
TLBACBW027NBOG,1124,3.7955843199791897,0.00288945267896672,3.7955843199791897,0.002889453840575657
TLBACBW027SBOG,1124,4.160328456303942,0.0020353246385571818,4.160328456303942,0.0020353277184921585
TMBACBW027NBOG,890,3.87454365988279,0.002809243047118957,3.8745437109266883,0.002809243277055736
TMBACBW027SBOG,890,4.086520447998981,0.0021748647815412543,4.098536105736325,0.0021756676779826297
TNMACBW027SBOG,890,3.4912418799689684,0.004137954652526384,3.4912418894191934,0.004143908337102901
TOTBKCR,1124,5.0650925135273255,0.0008419679197132627,5.065092513674923,0.0008511249774288978
TOTBKCRNSA,1124,4.620397561778006,0.0013099780638248645,4.620397561365279,0.0013112917741876658
TOTCI,1124,3.994881114810427,0.0020758398478412437,3.994897520592216,0.002075760226592002
TOTCINSA,1124,3.699213122425153,0.0028983907311067275,3.6992131224263765,0.0028983951680849876
TOTLL,1124,4.997725141327687,0.0008744975714935293,5.070167228555413,0.0008861460359612038
TOTLLNSA,1124,4.481576470441678,0.001456834030080796,4.502226063996943,0.0014799882402066846
TOTRA,692,4.149533853516987,0.002351965155037181,4.149533853516987,0.002351965150127003
TREAS10Y,1125,4.039332760075929,0.0027557469764846803,4.039332760075929,0.0027557469764846803
TREAS1590,1125,-0.14125339774924495,0.21146977317230053,-0.14125339774924495,0.21146977289124155
TREAS1T5,1125,3.115968831071738,0.006039783873746219,3.065549815670432,0.006189920707005571
TREAS5T10,1125,2.6130280634891583,0.00851182869172605,2.5851575965199958,0.008887679507143448
TREAST,1125,4.768035535765756,0.0020412687641909195,4.774143248169558,0.002022123877153171
TXICLAIMS,1125,0.05471095414497519,0.11098015054112469,0.05471095414497504,0.1109040799591145
USEPUINDXD,7883,-0.7736586758726933,0.29635210312244814,-0.7736586758726933,0.29635235587238384
VAICLAIMS,1125,-0.05645188441025679,0.13786331249672792,-0.05645188441025679,0.13786331274365943
VIXCLS,5459,1.141430692613926,0.04010474528500757,1.141430692613926,0.04010464591008699
VXAPLCLS,4066,1.278329405112721,0.034882187721457916,1.278329405112721,0.034882187716616775
VXAZNCLS,4066,1.1829954259605617,0.03468560290602951,1.182995425960562,0.03468560290594738
VXDCLS,5430,1.0828388297279457,0.04247139390327022,1.0828388297279457,0.042470917352302295
VXEEMCLS,3866,1.1629379371616588,0.03963149648034385,1.1629379371617812,0.03963129364673006
VXEWZCLS,3866,1.5404990402337213,0.027833219482215885,1.5404990402346461,0.02783302737493379
VXFXICLS,2747,1.4528809301953685,0.03202167802402283,1.4528809301953778,0.03202064576411675
VXGOGCLS,4066,1.1698951197715086,0.03724163532720729,1.1698951197715086,0.037241635326669166
VXGSCLS,4066,1.3750277965468256,0.0341911210077741,1.3750277965473134,0.034191183983710245
VXIBMCLS,4066,1.1614432665792287,0.03633516776139154,1.1614432665792283,0.03633516776478294
VXNCLS,5429,1.3240693924348368,0.03402940939918498,1.3240693924348368,0.03402934964252629
VXOCLS,4210,1.0026730289210937,0.0463975567548863,1.0026730289210937,0.04639792280001989
VXSLVCLS,2747,1.5484438338530686,0.02722165889256213,1.5484438338530861,0.027220275138994797
VXTYN,3865,1.5708553299908252,0.026035588768809643,1.570855336488431,0.026035584749488902
VXVCLS,4692,1.610962517454607,0.025416989032455865,1.610962517454607,0.025416755200983708
VXXLECLS,2747,1.4378397770872613,0.03066619394850209,1.4378397770872613,0.03066619394817506
WAAA,1125,2.344925621428656,0.012920510523208141,2.344925621428656,0.012920800218493926
WACL,1125,3.4013559242931906,0.0043795453182822195,3.4109986717554945,0.004381690397851855
WALCL,1125,4.069721559898562,0.0028019900260964035,4.069721559898562,0.0028019900707440225
WBAA,1125,2.5773445246435287,0.010200964034702345,2.577344524643536,0.010200763980629624
WBUSAPPWNSAUS,1067,0.08926871929209218,0.11463141341799178,-0.1884611804038346,0.12805173988347715
WCPF3M,1101,1.2001926366328364,0.0532142355634398,1.2001926366352214,0.053214179850998126
WCTCL,1125,4.084652337281869,0.002351482606947041,3.7860641187645703,0.0027890696693746424
WDDNS,1122,1.5642419361935822,0.039325177249536776,1.306795034495199,0.03943830453645054
WDFOA,1125,2.0295847813127015,0.06645236871974573,1.5292824109953878,0.07134865091938082
WDFUELUSGULF,1049,1.7693368079411296,0.023810541485066977,1.7693368079411302,0.023810541089979136
WDTGAL,1125,-0.08701662610736861,0.1772027524838204,-0.10727924113390157,0.1782128628545579
WFII10,1124,1.0655313294299589,0.04683472093737066,1.06553132942997,0.04683472093197562
WFII20,1124,1.1084265793386563,0.04456290230441156,1.1084265793386565,0.044562902626385514
WFII30,856,1.1643359926810528,0.03974093212280129,1.1643359926810537,0.03974085967508775
WFII5,1124,0.9907769574861107,0.05130231996921521,0.9907769574861107,0.051302368309641556
WGS10YR,1124,1.8330624153889092,0.022798692691238957,1.8330624153889092,0.02279869292359848
WGS1YR,1124,1.4682747939637075,0.03912727297376407,1.4682747939637075,0.03912727320820379
WGS20YR,1124,2.053443805595217,0.018121751158712632,2.053443805595217,0.018121751263468856
WGS2YR,1124,1.4170852719112441,0.03683441745145027,1.4170852719112441,0.03683444108902496
WGS30YR,1124,2.1383099999069133,0.016480538692606905,2.1383099999069133,0.016480538443674222
WGS3YR,1124,1.4296986371199674,0.036347742928290294,1.4296986371206757,0.03634774513378629
WGS5YR,1124,1.5548773912638578,0.030929156819144026,1.5548773912638578,0.030929154528372648
WGS7YR,1124,1.686722065387038,0.0266024288032857,1.686722065387038,0.026602430910877585
WIMFSL,839,3.327415978340819,0.004514180703561331,3.3274159783408335,0.004514092163786841
WJFUELUSGULF,1124,1.729169257905248,0.024798438235389002,1.7291692579053892,0.024798439081709527
WLAD,1125,-9.211810345626644,1030.519827429455,-9.060910692611392,1049.1257525991625
WLCFLL,1125,-8.171804544715032,1633.8594287580206,-8.410932465272916,1905.8423829795788
WLCFLPCL,1125,-8.687139672878454,784.9543416820711,-9.090337426584254,1007.6928832428396
WLDLCL,1125,2.6051174798515833,0.010029446971306918,2.6282590795468943,0.010070881265858318
WLEMUINDXD,7883,-1.4196108580795104,0.5603251668911562,-1.4196108580795102,0.5603235664192266
WLFN,1125,4.732957067908512,0.0012073681891533114,4.7329570679085124,0.0012073002774153905
WLODL,1125,0.020513016205792562,0.22179945949514115,0.020513016205792562,0.22179945949514115
WLODLL,1125,2.0098343900305595,0.017566446518054293,2.0224955604490296,0.017567173958844925
WLRRAA,1125,1.0161816013308231,0.048598343169046314,1.0161816013308231,0.048598940416737145
WLRRAFOIAL,1125,1.5667482573147946,0.02697359052722244,1.5667482573147946,0.02697307551855543
WLRRAL,1125,0.8561566911271222,0.056326751412202794,0.8561566911271222,0.056326754170071804
WLTIIT,1124,1.1444739938627313,0.042661340873469504,1.1444739938627313,0.04266134081372282
WLTLECL,1125,4.060595178334943,0.0028305237453084666,4.060595178334943,0.002830523749299004
WM1NS,1122,1.8555299267091125,0.019517899195199584,1.8585806457631617,0.0192779217037642
WM2NS,1122,3.8517765670034927,0.0028341270222750083,3.8517765670034927,0.0028341261982716194
WOFDRBORBA,1125,0.4389882316532624,0.0986962571877839,0.4291256839254823,0.09868216113522732
WOFDRBORBL,1125,0.2524979570510602,0.12143201589776893,0.28286115260774064,0.12176971469601575
WOFSRBRBC,1125,4.057289601928381,0.002835068182986696,4.057289601928381,0.00283506815658594
WPC,1125,-7.34887103721204,611.1439246569622,-7.589084581021537,741.6323086337942
WPROPANEMBTX,1124,1.4838806282611927,0.030127072973017373,1.4838806282611927,0.03012707402603018
WRBWFRBL,1125,1.9869147680586126,0.017601548961325323,1.9993843006777465,0.017634510169178167
WREPOFOR,1125,1.8200641453255837,0.021217350422978624,1.8200641453255837,0.021217200309576707
WRESBAL,1125,2.1992999422638824,0.01461350321595314,2.199331616499464,0.014613105184901668
WRESCRT,1125,4.241378740861909,0.002473698865249087,4.241378740861909,0.002473698865249043
WRMFNS,1122,3.840399380732339,0.002729655462246857,3.840399380732339,0.002729565214121302
WRMFSL,839,3.970654169565899,0.0024117405436663948,3.970654169764314,0.0024116115521040957
WRMORTG,613,2.555321482886819,0.010320603713834265,2.5553214828868196,0.010320603181275862
WSDEALL,1125,-9.633319282856762,2138.043832500047,-9.633319282856762,2138.042650303984
WSDONTL,1125,-9.642350648864983,2086.373127378494,-9.642350648864983,2086.156525808642
WSECOUT,1125,4.470745179988723,0.001965627965322967,4.470745179988723,0.001965627965319647
WSHOICL,1125,3.406562125314293,0.0045474868416924144,3.406562125314293,0.004547487076261061
WSHOSHO,1125,4.222736774540113,0.002343988956322963,4.277660406014531,0.0023174040785218478
WSHOTSA,1125,4.945281090470802,0.0017032288550101395,4.945281090470804,0.0017034136036115995
WSHOTSL,1125,4.78163344365517,0.0020222907125699327,4.78189650891518,0.0020096998681324303
WSLB20,613,2.323459612715406,0.012948162003253475,2.323459612715406,0.012948161184171681
WSMTMNS,1122,5.047808517133991,0.0009121970519600181,5.088831615744689,0.0009137063477925114
WTB1YR,946,1.5831920292867976,0.0374341927185254,1.5831920292867978,0.03743419254835025
WTFORBAFL,1125,2.0969619628964655,0.016841369262864413,2.0969619628967977,0.016841369262863577
WTFSRFA,1125,4.258582771667856,0.0024254694941290016,4.258582771667856,0.0024254694941289036
WTFSRFL,1125,4.074940409070746,0.002780191597653859,4.074940409070746,0.0027801915945998776
WTREGEN,1125,0.15351800174705854,0.12941855719282547,0.15351800174699923,0.12941843936494718
