series,n,ll_D0x,ll_Dx,ll_Ex,ll_Fx
AAA10Y,5392,2.420553346815463,2.420255611923636,2.4226582331895825,2.401250730220538
AAAFF,5392,1.285380466999747,1.2841422065602195,1.2897852441498519,1.2691373693432755
ABCOMP,1125,2.755825138304903,2.7529855923987014,2.7566451308114552,2.6131079611321826
ABCOMPN,1125,3.0111665898690436,3.0087567336146277,3.009852468465704,3.02032817839402
ADPWES1T19ENERSA,853,6.569946864876796,6.571345253217635,6.656916470201694,3.4806105608958324
ADPWINDCONNERSA,853,6.678295406408144,6.681030336153258,6.955345495595185,6.907426083734373
ADPWINDMANNERSA,853,7.03744851326247,7.0291497184333895,7.417544089806644,7.355646552775573
ADPWINDPROBUSNERSA,853,6.3999883198314516,6.377133982561724,7.075153403695559,1.2842138845657367
ADPWNUSNERNSA,853,5.178424857954392,5.175976639140924,5.558587067977765,5.115512210038577
ADPWNUSNERSA,853,7.150406205426731,7.149017846150929,7.658149385538655,7.32288959788949
ALLACBW027SBOG,890,3.992409319794396,3.9900549663937697,3.9852138689329784,3.7474524078708686
AMBOR1M,797,3.535439123061021,3.5327036881414773,3.5267936361356225,3.1860912061125233
AMBOR3M,797,3.6135242437885733,3.6029711434163407,3.597219972367568,3.4864782783992005
ANFCI,1124,2.5902402717327466,2.5934873724238496,2.954628217125575,3.0620066555717718
AOLACBW027NBOG,1124,3.359175364107457,3.349003460818318,3.37407125834431,1.3773578791980727
AOLACBW027SBOG,1124,3.79743365230257,3.7878226930064183,3.8224413815925105,3.692858573053596
BAA10Y,5392,3.08868666168263,3.087505538041515,3.0881413013813983,2.957873291210427
BAAFF,5392,1.3272086259914748,1.3262918233764835,1.3315537423294521,1.30451122642654
BAMLC0A0CMEY,785,3.297343512095202,3.2961611940786937,3.2932862694809795,2.2301108698341565
BAMLC0A0CMSYTW,786,3.26745382222622,3.2671498164605857,3.2648594282802517,2.214357357095186
BAMLC0A1CAAAEY,786,3.247158361531898,3.2460086969757445,3.243652790733152,2.4623318542519783
BAMLC0A1CAAASYTW,786,3.2322552422398023,3.2312129311810316,3.231597072401908,2.360590447798758
BAMLC0A2CAAEY,786,3.2453309180305214,3.244913803601151,3.2424845869052823,1.8939643482725728
BAMLC0A2CAASYTW,786,3.247787482910487,3.247046805435906,3.246109406029552,1.891480929421662
BAMLC0A3CAEY,786,3.275307570722253,3.275449258853052,3.2740663340740674,1.8053579345346047
BAMLC0A3CASYTW,786,3.242337075188063,3.2403738053743645,3.2386811009763425,2.064538300697656
BAMLC0A4CBBBEY,786,3.323366975876312,3.3224008418658655,3.3195296293063645,1.744569054085414
BAMLC0A4CBBBSYTW,786,3.3291747069782622,3.327381627333294,3.3236367309545947,1.7484454048771365
BAMLC1A0C13YEY,786,3.1636556378312912,3.1635452934978043,3.167102359849792,0.022901329560705858
BAMLC1A0C13YSYTW,786,3.128430340260302,3.124505949240196,3.127209268216863,1.2745020901093405
BAMLC2A0C35YEY,786,3.144927243098296,3.140543607746928,3.1392696263548427,2.055518325955575
BAMLC3A0C57YEY,786,3.1645663383049336,3.162291908219539,3.1599245885734133,2.1953670784195687
BAMLC4A0C710YEY,786,3.2786264019261773,3.274631119359211,3.271332668532026,2.1083896968913827
BAMLC4A0C710YSYTW,786,3.264247378972792,3.259860801106257,3.257179586544116,2.0908087818570893
BAMLC7A0C1015YEY,786,3.3094248031226225,3.3080277769176734,3.305023014232094,2.2337881897582483
BAMLC8A0C15PYEY,786,3.38729469784142,3.3823041509997256,3.380030560177103,2.3763828607385316
BAMLCC0A0CMTRIV,786,4.3913029769517395,4.387034452907675,4.385325920643917,3.3239786240484297
BAMLCC0A1AAATRIV,786,4.005128892870057,3.999807184813092,3.9987028560963065,3.1836562899394307
BAMLCC0A2AATRIV,786,4.3200208923228605,4.315018695394135,4.313691908497182,3.4068091683822153
BAMLCC0A3ATRIV,786,4.385493689750874,4.381142620776048,4.3796675098607345,3.385620161880007
BAMLCC0A4BBBTRIV,786,4.431122904711989,4.427597506888058,4.425564416843512,3.2357649385674785
BAMLCC1A013YTRIV,786,5.62740323906562,5.622659937197578,5.624029719474925,3.776294199199838
BAMLCC2A035YTRIV,786,4.915989605119432,4.91172580115922,4.910370962803992,3.9193399122627093
BAMLCC3A057YTRIV,786,4.561436387696266,4.557724931086197,4.555514172308387,3.4890646313999216
BAMLCC4A0710YTRIV,786,4.332637282460004,4.328381985155591,4.326027574476754,3.131520573852923
BAMLCC7A01015YTRIV,786,4.063107355085377,4.059723848720241,4.057186774524463,2.937193993676485
BAMLCC8A015PYTRIV,786,3.679643946215412,3.674810475850132,3.673055537204077,2.6964170809233443
BAMLEM1BRRAAA2ACRPIEY,786,3.565395988695687,3.5618935600116366,3.5638232670602847,3.5221929174383293
BAMLEM1BRRAAA2ACRPIOAS,786,1.9753286124445848,1.9613316005649808,2.0182008304406502,-0.3490648361742298
BAMLEM1RAAA2ALCRPIUSEY,786,3.5650025246011094,3.563966349531069,3.565067332526562,3.5084543717780914
BAMLEM2BRRBBBCRPIEY,786,3.7884299378272432,3.7846929547973294,3.7835710470868613,3.1811427015958436
BAMLEM2BRRBBBCRPIOAS,786,2.308844175422988,2.298099217948599,2.312717381733106,1.8727299160522524
BAMLEM2RBBBLCRPIUSOAS,786,2.279954560532415,2.267020915150913,2.2780579797490703,1.8384405509029178
BAMLEM3BRRBBCRPIEY,786,3.6699750555824977,3.670542768848188,3.677165324473079,1.7420380923989573
BAMLEM3BRRBBCRPIOAS,786,2.6254892422287632,2.6222203651537073,2.6179829649193262,2.5857342178224143
BAMLEM4BRRBLCRPIEY,786,3.390767234984563,3.3890417776179107,3.3854317500303455,3.094356927682543
BAMLEM4BRRBLCRPIOAS,786,2.7547945787998662,2.753371167157997,2.7479237514867583,2.6561058124098493
BAMLEM4RBLLCRPIUSEY,786,3.3680319866161867,3.3667031851764473,3.362695354531688,3.0885768050012774
BAMLEM4RBLLCRPIUSOAS,786,2.691040508928198,2.689718855199391,2.6831626994717217,2.6219835036898345
BAMLEMALLCRPIASIAUSEY,786,3.4657712625570576,3.456628240358421,3.4530874631167823,3.037927336991085
BAMLEMCBPIEY,786,3.741203575044702,3.7328912637556413,3.734758027302821,2.495626359788075
BAMLEMCBPIOAS,786,2.5605099691036988,2.550259836815771,2.5537334731387427,2.4264844100704006
BAMLEMCBPITRIV,786,5.121789627834465,5.120580842045857,5.127316272173061,4.513839371352734
BAMLEMCLLCRPIUSTRIV,786,5.065166059472507,5.060434411467381,5.065443008562435,4.476827429958542
BAMLEMEBCRPIEEY,786,3.5820377063970374,3.56884579304927,3.5624015003948433,-0.9617017786251115
BAMLEMEBCRPIEOAS,786,2.64165093614539,2.640316066744752,2.641545839352909,2.5766669582131683
BAMLEMHBHYCRPIEY,786,3.6176956117626515,3.6158166676109484,3.6257792097562636,0.3282523531841967
BAMLEMHBHYCRPIOAS,786,2.7519636158850473,2.7519806879968396,2.746380593176149,2.740277863389275
BAMLEMHBHYCRPITRIV,786,5.042669257308914,5.042886090309212,5.061230741489811,1.8325413125967072
BAMLEMHYHYLCRPIUSOAS,786,2.7141187713785797,2.7143403863077085,2.7093307810788745,2.7058050658440362
BAMLEMIBHGCRPIOAS,786,2.1769239706096037,2.164471097547699,2.2001561880497804,1.0810101804596934
BAMLEMPBPUBSICRPIEY,786,3.7698472704875305,3.7626424395670384,3.7691935830049967,3.5306248199850994
BAMLEMPBPUBSICRPIOAS,786,2.4131280579039855,2.402623153357053,2.4287116827583675,1.2861025684078344
BAMLEMPUPUBSLCRPIUSOAS,786,2.3489925104221325,2.3397667362786465,2.367534084840449,1.2314502506859888
BAMLEMRACRPIASIAEY,786,3.513395763726638,3.5100513015129255,3.5077656973443987,3.4340161713246196
BAMLEMRACRPIASIAOAS,786,2.3570188031610093,2.3446773435571937,2.3842476489427673,0.011644079499021185
BAMLEMRACRPIASIATRIV,786,5.0454908204479585,5.0427831937131575,5.040096542761812,4.938422418026285
BAMLEMRECRPIEMEAOAS,786,2.412153605456776,2.407582482484179,2.412339322788691,2.4497469035968122
BAMLEMRLCRPILAEY,786,3.659671465538035,3.6599112401810925,3.666204561630934,-0.8584601574794642
BAMLEMRLCRPILAOAS,786,2.6504626133208524,2.644083421819989,2.624402364578981,2.6335981405912285
BAMLEMRLCRPILATRIV,786,4.803012215024209,4.802850554294144,4.815891364962625,2.539682253509833
BAMLEMUBCRPIUSOAS,786,2.521633532050314,2.5134990165896207,2.51945897338361,2.3944006747469553
BAMLH0A0HYM2,786,2.4042532237607315,2.404341093838563,2.399155094040875,2.39914691149841
BAMLH0A0HYM2EY,786,3.1625691877001114,3.1593133082958924,3.1593461898052624,1.921623319524328
BAMLH0A0HYM2SYTW,786,3.218980140823416,3.2183900053279983,3.2162166707604882,1.8702221061133077
BAMLH0A1HYBB,786,2.0473522782740368,2.046304135977779,2.0425197167762645,2.0400909407147645
BAMLH0A1HYBBEY,786,3.106830717829948,3.1016366235004744,3.100258549829799,0.7845991469121524
BAMLH0A1HYBBSYTW,786,3.1631781793151337,3.156452265526103,3.1531617809494454,2.0194039561064354
BAMLH0A2HYB,786,2.311221294024017,2.3114519187988494,2.306490388588901,2.3086460896062198
BAMLH0A2HYBEY,786,3.0624537726192544,3.0615542327855936,3.0622075478749076,2.1609531090512313
BAMLH0A2HYBSYTW,786,3.1049918026439594,3.1016224272700934,3.0994162529954807,1.640762252803006
BAMLH0A3HYC,786,2.987777780401528,2.9878844018188317,2.9822900169456665,2.9661644006100025
BAMLH0A3HYCEY,786,3.309181944381653,3.3099521627708643,3.3063034931640876,0.7153935906829473
BAMLH0A3HYCSYTW,786,3.313052371549508,3.3136023679201583,3.309513085077083,1.20669633836976
BAMLHE00EHYIEY,786,3.3085942720327206,3.305980605023487,3.3157042581160017,-1.1827904896791661
BAMLHE00EHYIOAS,786,2.6321226603292316,2.6338614511429452,2.6264018280979142,2.573124468817793
BAMLHE00EHYISYTW,786,3.3212485109473864,3.316472708203548,3.3266610113222828,2.7203482146853037
BAMLHE00EHYITRIV,786,5.3994118722209645,5.390807264007885,5.413034085584898,4.165375502329126
BAMLHYH0A0HYM2TRIV,786,4.93296174078501,4.929413683919303,4.9322311836471275,3.09873511520338
BAMLHYH0A1BBTRIV,786,4.9917215135404405,4.983287584526238,4.985944895876635,2.6532697953399462
BAMLHYH0A2BTRIV,786,4.895879220468963,4.892464498082858,4.895875863085751,3.545131564064977
BAMLHYH0A3CMTRIV,786,4.498280922694462,4.494156486082582,4.490972767779356,2.703152036371865
BOGMBASEW,818,2.888839703333608,2.887555517070522,2.9027143270573874,2.6608461249794826
BRMTG0101,1095,2.482835457524293,2.485217344748924,2.42533462132612,1.5094841855269883
BRMTG0102,1095,2.6110859213711732,2.606938315186097,2.6045735468773694,-1.730231053078618
BUSAPPWNSANER,1067,0.25127436945152676,0.24790477533105368,0.3001054746150924,-0.2442291820320321
BUSAPPWNSAUS,1067,0.3149475092069725,0.3109944052310462,0.3594350980267996,-0.2534031962245579
BUSAPPWNSAUSYY,1012,-4.497054454055466,-4.490603033430093,-4.436277035992461,-5.676804431954272
CACCLAIMS,1124,1.0704598296560337,1.070126332336355,1.2828407736073173,1.0944336518490692
CAICLAIMS,1125,0.3852764124556267,0.38373085113730815,0.4614750627131769,0.32145778352822196
CASACBW027NBOG,1124,2.13404671022706,2.133138071630276,2.1393321755044927,2.125171956685715
CASACBW027SBOG,1124,2.447996572100117,2.4514827632028924,2.479523408680746,1.7685299983531941
CASLCBW027NBOG,1124,1.6701081716860167,1.6690082345669088,1.6960123624643024,1.7110593453553702
CASLCBW027SBOG,1124,2.0620682330923032,2.063017217330902,2.102614692298755,1.1860502925229415
CASSCBW027SBOG,1124,2.152486935168662,2.1483735193192834,2.1719916857776327,1.2344258317404342
CBBCHUSD,3141,1.6401884546910408,1.6386118191260615,1.6403161823985792,-1.779867671067909
CBBTCUSD,4227,2.048556143380679,2.0481735179641682,2.0472134549593535,1.9364729118477624
CBCCIND,1972,1.8825528158278277,1.8820271107329638,1.8677232292465042,-2.7920188777328985
CBETHUSD,3725,1.7128765497106946,1.712452538603059,1.713245901720129,1.6723999343689662
CBLTCUSD,3635,1.6563240777611383,1.6547962774570126,1.6547787091642148,1.595522757140556
CC4WSA,1124,3.1748892852746526,3.1852905960231714,3.3336976668763993,3.124375420821021
CCLACBW027NBOG,1124,3.410148282902211,3.411698834360261,3.4083646188823025,2.6487418125630637
CCLACBW027SBOG,1124,4.339026071386515,4.345189501819495,4.3489930345084415,3.16620296441694
CCNSA,1124,1.7220369482516111,1.723286212284062,1.6280431387267527,0.9737979482382452
CCSA,1124,2.503363809885271,2.495820348401833,2.5246662104607083,0.3612053808857274
CIBOARD,1124,3.8870569286061447,3.873461753812697,3.8646427017615,3.63642436231126
CIBOARDNSA,1124,3.609804076651376,3.605670706422401,3.6066433715840778,3.510618690880112
CILSCBW027SBOG,1124,4.210676622952726,4.1765901943866,4.194275130736798,3.5986590299379655
CLSACBW027SBOG,1124,4.775589969277879,4.781427564892041,4.780543668109808,3.4540130533801414
COMPAPER,1125,1.8054409537171765,1.8023878959496935,1.8057175193278332,-1.8438454355287466
COMPOUT,1125,2.648818611351785,2.6457419341240844,2.6489327416705852,2.4332788886301957
COMPUTN,1125,2.6901645482042156,2.6899685143405163,2.6071797652484534,1.5719918883985087
CPFF,4722,1.3602838983911554,1.3588841162055068,1.4451439865350153,1.3251682499552402
D2WATAL,1125,2.5258878714127997,2.526506881206419,2.5235339054955057,2.515258289971775
D2WLTGAL,1125,-0.014330053737507863,-0.0017095629175180945,-0.0028411755265078556,-2.684941883330996
DAAA,5398,2.9406554675205756,2.9404260543605223,2.9429906134273267,2.9509254520961323
DBAA,5398,3.202902655465063,3.202587567220931,3.203838441514534,3.209567246453811
DCCCLAIMS,1124,1.6116711070023508,1.605020395410181,1.5991219433813,-0.5180527669163842
DCICLAIMS,1125,-0.04614765610280024,-0.04941702839801862,-0.013475564149948955,-0.10958782148519729
DCOILBRENTEU,5457,2.420863243501386,2.420507740035041,2.417124311012186,2.408020811965157
DCOILWTICO,5410,-1.9040147188091696,-1.9040207346388047,-1.9059635964055817,-1.9324177824938966
DCPF1M,4058,1.1523056033033248,1.1515809143595568,1.251293272587018,-4.078647732364523
DCPF3M,4722,1.277219422562334,1.275813906973925,1.3735664370604785,-3.824257269212449
DDFUELLA,5402,2.3755051406121517,2.3754423654586976,2.3739683122396578,2.3690311821677663
DDFUELNYH,5046,2.462951123509494,2.4612049220862957,2.459728994290446,2.21663612509881
DDFUELUSGULF,5046,2.432339374228324,2.431381845613535,2.4297211551600206,2.4220955849432237
DEXBZUS,5401,3.294204428214691,3.2939936877567177,3.2773944010345275,3.2789219135308145
DEXCAUS,5401,3.8826375441858922,3.882132532033344,3.8747576860394233,3.8803090521953707
DEXDNUS,5401,3.830146172866336,3.8296566544491566,3.8277899524823007,3.831384011599359
DEXHKUS,5401,6.791609496779318,6.790120697452911,6.75893144289921,6.636034068099686
DEXINUS,5400,4.148572223437756,4.14833169818978,4.1500648671757085,3.3770326865251596
DEXJPUS,5401,3.712525231073974,3.71217395053141,3.71046079588994,3.697056646741187
DEXKOUS,5401,3.7543626370937777,3.753943910945081,3.7539115133772674,3.7336049969558465
DEXMAUS,5401,4.169761082818322,4.168341177509082,4.04170128524648,4.20003403793291
DEXMXUS,5401,3.574920413418835,3.57330175656534,3.547944117640873,3.563968888792605
DEXNOUS,5401,3.461697884419659,3.461420810998846,3.459677743964557,3.4588631447262643
DEXSDUS,5401,3.5258304999264722,3.525572870217178,3.523904369010273,3.527889740271154
DEXSFUS,5401,3.186151051599884,3.185680540681321,3.1686816877135024,3.1885368640277405
DEXSIUS,5401,4.337580214820376,4.337247896232248,4.327824384867973,4.333760101047081
DEXSZUS,5401,3.7289334751545353,3.7286683241505765,3.727051361765723,3.7151040605084527
DEXTAUS,5398,4.452751777149694,4.45273737407249,4.445102376757292,4.383584890168686
DEXTHUS,5401,4.193655381582377,4.193196762508171,4.187634964923328,4.171081733378548
DEXUSAL,5401,3.5334831143158456,3.5330944907657957,3.533247476445958,3.539469339276969
DEXUSEU,5401,3.824236209419915,3.8237281324466856,3.8211188874557105,3.8292490011613136
DEXUSNZ,5401,3.4621906830790996,3.461771809857836,3.4611149770655523,3.461060486620749
DEXUSUK,5401,3.7533829586204472,3.752986204146528,3.7508848997854174,3.7551026502647593
DFII10,5397,1.6158095210403813,1.6152759616086245,1.613522248123882,1.600879050541286
DFII20,5397,1.612736995379091,1.6119454027529965,1.6121881440100245,1.5864740112391131
DFII30,4112,1.7261594061124392,1.7258690406314188,1.7250083001687577,1.7327144078537493
DFII5,5397,1.4812010288721447,1.4804464084338729,1.4795759723945452,1.4392416106028605
DFII7,5397,1.514975860077542,1.5143778907533183,1.5155003848524828,1.4952588091842685
DGASNYH,5408,2.2962227274832014,2.2951871810253768,2.293969627052703,2.273828485719918
DGASUSGULF,5405,2.2208340759049405,2.220456368640352,2.1947752287834827,1.5332351992951259
DGS10,5397,2.4629264069085184,2.462079964935717,2.4609985925784175,2.4646047845708536
DGS20,5397,2.6666562922457513,2.6663059183460813,2.6655668599855877,2.6670880190187716
DGS3,5397,2.0300267761406223,2.029717237998915,2.0310595851298214,2.019647468772034
DGS30,5397,2.7311685032487376,2.7308549091279284,2.7297889793340486,2.7332793974184373
DGS5,5397,2.1674027649569854,2.1668774482887376,2.1673484750297054,2.1596293973485516
DGS7,5397,2.302111914841685,2.301678681250543,2.301758917478226,2.301331611931174
DHHNGSP,5421,1.6710161444072078,1.6705744766461286,1.667886270827029,0.843667087642407
DHOILNYH,5408,2.3932492615778824,2.3930097133486594,2.392782453203408,2.3881291596307146
DJCA,2513,3.2140904764863145,3.2135420639297854,3.2108657043863342,3.1982828676585258
DJFUELUSGULF,5407,2.3452738957568484,2.3437662330832048,2.3420501398872933,2.3323657289453434
DJIA,2513,3.2230670343368386,3.222617145930476,3.21376276244218,3.171798260773673
DJTA,2513,2.800894087845639,2.8002899653572983,2.7972997491080553,2.791869965344068
DJUA,2513,3.07902139702047,3.0733043489184237,3.0713341447020834,-1.4695684784970455
DLTIIT,5398,1.675895794051007,1.6754387836678672,1.6747780088868918,1.6780010033087736
DNFINCP,1125,1.7557081749063415,1.7565662317592123,1.7575074565399995,1.7034098997643232
DPROPANEMBTX,5399,2.3275144715098164,2.3266892658069387,2.328059744588591,2.282613287360123
DPSACBW027NBOG,1124,3.652439762876526,3.6460639247681375,3.6527975098106595,1.741484044584607
DPSACBW027SBOG,1124,4.339738941493638,4.333648370117438,4.37776934711975,2.5605828279206846
DPSDCBW027SBOG,1124,4.245931711811979,4.236349577894871,4.291515134358598,-0.31134359631397196
DPSLCBW027NBOG,1124,3.374457495780186,3.368503936577258,3.3886006086132094,3.1858284220521114
DPSLCBW027SBOG,1124,4.039269443870389,4.03057655903582,4.101664262006075,2.1085052509585105
DPSSCBW027NBOG,1124,3.8586026546557526,3.854434860025451,3.851201391947535,3.649318447949525
DPSSCBW027SBOG,1124,4.419784894687616,4.41626125397895,4.421957714661101,4.1457233932185
DRGASLA,5407,2.0035557704412446,2.0034781897192304,2.000986365432249,1.9504606183113216
DSWP10,2958,2.519675719442404,2.5170485551558905,2.514492786592937,2.5060994025352907
DSWP2,2958,2.091981714262262,2.090225434837178,2.08776759964782,2.075239190929357
DSWP3,2958,2.106622285874024,2.104054389908561,2.1007569748214796,2.095050472345723
DSWP30,2958,2.725967648328062,2.7238381194094035,2.7203654270761977,2.713768206100078
DSWP5,2958,2.241114310219486,2.240216353864599,2.2370471960905736,2.2419239900373302
DTP10J26,2461,1.4641342580488612,1.4627748197449846,1.464212842151089,-0.646852254777475
DTP10J28,2127,1.4576670683952468,1.4568162749748055,1.4268534657250638,1.4531621653663898
DTP10J30,1610,1.4060873754425347,1.4044197778021745,1.4021471498390508,1.3115844272506196
DTP10L26,2481,1.426452191430649,1.4258193886022565,1.4251116255859972,1.3929462374105128
DTP10L27,2251,1.4618538449936878,1.459379425211567,1.455386874207144,1.4317252460262093
DTP10L28,2002,1.4457723515159913,1.4446405821041375,1.441727259499959,1.4265941885804616
DTP10L29,1749,1.4441715798218753,1.443415012761567,1.4400510933921131,1.4569814229617921
DTP20J26,4004,1.5542979604246379,1.5544521748702205,1.5533027205782148,1.555359567411387
DTP20J27,4141,1.6048588857486763,1.6044597575338884,1.6023547150380217,1.6004571849901739
DTP20J29,4138,1.663704356501733,1.6633402968623343,1.6609783002015637,1.658423167578257
DTP30A28,5393,1.6152530083458172,1.6150799630826636,1.6139954755763357,1.6150695132073416
DTP30A29,5391,1.6145974892782875,1.6146041409246807,1.613477931225386,1.6139074219110943
DTP30F40,4107,1.7279898145862038,1.7271438540033526,1.7248408356471547,1.7292864968624178
DTP30F43,3344,1.7418392640173013,1.739699926851614,1.738027899172559,1.7437548773297182
DTP30F45,2848,1.7530822370903851,1.7519345450029657,1.7489889161568497,1.7515186289709246
DTP30F50,1607,1.5984302571943958,1.5967766662475877,1.595517337287029,-1.2197418862841256
DTP5A25,1195,0.9246050685707314,0.9172025860842978,0.9168609998981876,0.8395340257022796
DTWEXAFEGS,5153,4.053722271293623,4.053037932199829,4.051785832707258,3.7369154698082467
DTWEXB,3774,4.39000983753997,4.389635505235464,4.379689230049135,4.391264009491244
DTWEXBGS,5153,4.29854200858929,4.297764559701744,4.295001303303935,2.9854345826130824
DTWEXEMEGS,5153,4.3763495485046775,4.375960022368139,4.3666852601463075,4.366468526959049
DTWEXM,3774,4.047049100221085,4.04605441502231,4.044958168892743,4.048068643203325
ECBESTRNUMTRANS,1749,1.0750392452974011,1.070417528349844,1.0777615058711438,-1.989724195192414
ECBESTRTOTVOL,1749,0.9000452127784696,0.8980951765464117,0.910040714954812,-0.11925749316987126
EFFRVOL,2617,1.117156869756462,1.1163556812280127,1.1415337424423733,0.9613465237136966
EVZCLS,4359,1.5361806118194095,1.535256221353191,1.5482944273412138,1.2889986409267982
EXCSRESNW,818,2.2051636884791037,2.199701914554615,2.2184780292741695,2.0934002231990463
FINCP,1125,2.204701509078936,2.2080691996171105,2.1668573924768713,2.174816874696317
FINCPN,1125,2.317066200262407,2.3144448997697813,2.334412640656429,2.1768067341489674
FLICLAIMS,1125,0.20142056388933996,0.20126512999435126,0.2210360605816774,0.0665014720843134
GASDESECW,1125,3.0197602893021984,3.014013246512408,3.1318446208498214,2.945808375413381
GASDESGCW,1125,2.8185082349333244,2.8149025855378538,2.8900984048087714,2.745587935938993
GASDESLSMWW,1016,2.735353443700339,2.735941125532813,2.829353752339346,2.683214705150829
GASDESLSW,1016,2.9266496115668943,2.91591541934203,3.028343580321109,2.820036264550927
GASDESMWW,1125,2.7639225341085005,2.764009336562111,2.8622846846748304,2.7074610977590594
GASDESRMW,1125,2.910168373605437,2.9095598475894637,3.0930889377872512,3.035262122869762
GASDESW,1125,2.928656140313351,2.9241230687886266,3.043950748028713,2.8871640904158022
GASDESWCW,1125,2.93216261248174,2.9285713627206698,3.0658495983984024,2.961009752076511
GDBFRW,839,0.02742441053271047,0.04061573634317141,0.04187986226234321,-0.9887743645063137
GVZCLS,4570,1.5426116513122723,1.5423078410449715,1.5443875369823106,0.9903779984137353
H8B3092NCBA,863,1.9417531812476447,1.941852222897424,1.956456246499052,1.3187852255017312
H8B3094NCBA,1124,2.8050544452356405,2.8016502777464796,2.717885497494053,2.6323535374410385
H8B3094NCBD,1124,2.586286781265176,2.582133980629559,2.6076726509971837,2.469900801014884
H8B3094NSMA,1124,2.510271945617126,2.524135495304024,2.5329760339276737,2.115382141757378
HBUSAPPWNSAUS,1067,0.3069305766506658,0.30353324114548424,0.3544018125583434,-0.24788542043731523
IC4WSA,1125,2.129069225924182,2.1420937768572648,2.217735805811513,-0.03003899435294134
ICNSA,1125,0.6193334725380835,0.6171888268256008,0.6434578488372599,0.42727973578130896
ICSA,1125,1.3771300542449953,1.386000284236021,1.3889104685784606,0.7726859796053157
IHLIDXAU,2365,4.922515207050716,4.923586563202088,5.137577859148506,5.123602508816179
IHLIDXAUTPSOFTDEVE,2365,4.682979380741013,4.683467309627416,4.915744191265135,4.921459134886964
IHLIDXCA,2365,5.134626711206879,5.129455002499962,5.301767602080932,3.3746088565938703
IHLIDXCATPSOFTDEVE,2365,4.866352137226247,4.866774000673683,4.981340036120482,4.863172496651855
IHLIDXDE,2365,5.526749866281597,5.521829357795922,5.747730598637672,4.768725862607044
IHLIDXDETPCIVIENGI,2365,5.08004433300453,5.078854283421668,5.361313202649262,4.9110437131202165
IHLIDXDETPELECENGI,2365,4.982176509680725,4.981629263671781,5.2426755712440976,2.825141198510958
IHLIDXDETPINDUENGI,2365,5.071256340342876,5.069217460753333,5.260277342146388,5.180654799431888
IHLIDXDETPSOFTDEVE,2365,5.32464314365836,5.322721088313718,5.541657774842653,1.947414353652061
IHLIDXFR,2365,5.102969924890591,5.103342014841013,5.240124657026053,5.005303182756891
IHLIDXFRTPSOFTDEVE,2365,4.900725068258354,4.901870705153041,5.088675688503288,3.131737900707067
IHLIDXGB,2365,5.042860395469315,5.042298248569298,5.295496380041673,5.179471150235774
IHLIDXGBTPBAFI,2365,4.419060646509403,4.418390600939434,4.652506789925987,4.004094376591447
IHLIDXGBTPCIVIENGI,2365,4.058041654821585,4.057068964712945,4.302418704249264,4.245474184342502
IHLIDXGBTPSOFTDEVE,2365,4.833987710836327,4.830707631620394,5.039984982565343,4.3164392306465675
IHLIDXNEWNSAUS,2365,2.8798738253475396,2.880347573727588,3.46899311337053,0.6525049581499139
IHLIDXNEWUS,2365,3.326945387127344,3.321789855618173,3.6481759257472115,-0.7064784535232141
IHLIDXNSADE,2365,5.339593739752793,5.3394873547078525,5.511825556207007,5.291363786630144
IHLIDXNSAFR,2365,4.886504675583876,4.8875865038795805,5.2698380480871085,5.199232992223358
IHLIDXNSAGB,2365,4.65566158363193,4.6566885434399135,5.094778739003392,4.900018621885816
IHLIDXNSAUS,2365,5.34884781765962,5.346787905972211,5.528190659509495,4.207658641191052
IHLIDXUS,2365,5.543516844992397,5.54040319982675,5.6373044666993,5.4985613792034345
IHLIDXUSCA,2365,5.41109449129072,5.411491412709567,5.501731501411265,5.509439912808614
IHLIDXUSTPACCO,2365,4.529037473320611,4.533793076649792,4.813334299159956,2.3659414742151514
IHLIDXUSTPARCH,2365,5.159246599109303,5.159939679150826,5.347889009098676,5.3390891124734425
IHLIDXUSTPAREN,2365,4.660610622317536,4.659191169809923,4.90859568663041,1.305384368593688
IHLIDXUSTPBAFI,2365,4.689536808919982,4.689223498811148,4.83624660444167,2.5375790865124697
IHLIDXUSTPCIVIENGI,2365,5.1231314130787595,5.123241507442147,5.305459214377397,5.299367361989524
IHLIDXUSTPCONS,2169,5.298076900286897,5.296298372254085,5.417304255269849,4.759322865926054
IHLIDXUSTPCUSTSERV,2365,5.024347678928077,5.022818023987675,5.1805535548245025,5.081330616708185
IHLIDXUSTPDENT,2239,4.876985276283005,4.8735504499861415,5.12193501062593,5.08666971993655
IHLIDXUSTPDRIV,2232,3.967306738661568,3.9779569634523964,4.02746350774027,3.2608516211133054
IHLIDXUSTPELECENGI,2365,5.043851507943066,5.0459453166793145,5.156651732482975,5.148509311824164
IHLIDXUSTPFOPRSE,2365,5.130897240928478,5.126003701925724,5.34622883048221,-0.13085662694976247
IHLIDXUSTPHOTO,2365,4.7385945863025105,4.738259859758196,4.915628499880675,4.181802448639766
IHLIDXUSTPHUMARESO,2365,5.125712484050343,5.123617145182262,5.264051394857081,5.2434100604538
IHLIDXUSTPINDUENGI,2365,5.05820052449585,5.056993508076226,5.14694882266631,4.761699315838052
IHLIDXUSTPITOPHE,1994,5.100054903399922,5.094183460919373,5.278143917481205,4.958713544162361
IHLIDXUSTPLEGA,2365,5.0491247791888885,5.047496461232365,5.229217921893572,4.714250908319706
IHLIDXUSTPMANA,2365,5.016579711071028,5.011513281985428,5.108417339760486,4.7926622084329304
IHLIDXUSTPMARK,2365,5.023365267681662,5.022867635592807,5.153536238177245,5.1489548680220185
IHLIDXUSTPMATH,1994,4.793903338128438,4.79458547793526,4.984166144688349,4.970213349793399
IHLIDXUSTPMEDIINFO,2365,5.059622937031727,5.0566476189400795,5.206227737011241,4.863155631166346
IHLIDXUSTPNURS,2365,5.391242875786742,5.391263515911211,5.522193895508224,5.5255855954628
IHLIDXUSTPPHSU,2365,5.16706284874728,5.166767317633581,5.306407177450965,3.050575073170152
IHLIDXUSTPPRMA,2365,5.238185189296292,5.238726628627542,5.275431494540215,5.030439647311888
IHLIDXUSTPPROJMANA,2365,5.2886470238695535,5.284133749191211,5.408303969279819,3.7691116902289035
IHLIDXUSTPRETA,2365,4.762235699750847,4.76187175899292,4.9075129483819095,4.865995391075877
IHLIDXUSTPSALE,2365,5.099114016003117,5.09839858759529,5.269231058360322,5.210064967474054
IHLIDXUSTPSCREDE,2365,5.108658311607392,5.1108539517574245,5.1798406404849935,5.123234233866662
IHLIDXUSTPSEPUSA,2365,4.904641278089556,4.906884481191424,5.078991540796857,4.979159277551436
IHLIDXUSTPSOFTDEVE,2365,4.960762625443819,4.960977058811665,5.1442143936983165,5.07864581962626
IUDSOIA,5450,3.1105692381551715,3.110004289010912,3.140732552382512,1.6865155086156445
IUDZLT2,2089,-9.516035382266413,-9.520646055686175,-9.514598310244569,-9.649653144491616
IUDZOS2,2090,10.284489514919064,10.288444695103752,10.26674898878895,3.5723772834538012
KCPRS,5439,0.8609451759383739,0.8606126510530492,0.878243636054558,0.8576696901505758
KCPRU,5439,2.285935273351273,2.2846320176787867,2.2828666787245058,2.1311804189737367
KCRORO,5598,-1.5360230735010871,-1.536663365546736,-1.4388939731491497,-1.4618570589041247
KCROROE,5598,-1.595712584303817,-1.5964778181092416,-1.49364509085668,-3.0989083610392236
KCROROG,5598,-1.761446127341333,-1.7620344915192934,-1.640631541528824,-1.6348866886169215
KCROROL,5597,-0.9320370679153407,-0.932046460181331,-0.7657796508778346,-0.8234804317949527
KCROROS,5597,-1.349800548878109,-1.3502433706502035,-1.249522036109665,-1.2789595838236647
LDGUST,692,-0.6188920299924978,-0.6025193463300254,-0.5930235641024472,-3.3654479267500776
LLBLCBW027NBOG,1124,4.404576963619423,4.39700541284447,4.39880182064209,4.302418635448168
LLBLCBW027SBOG,1124,4.903102382199943,4.8991946077943656,4.913964497650286,4.712188158845519
LLBSCBW027SBOG,1124,4.832599920863263,4.830605194424618,4.829998261494571,3.8902775319757996
LTDACBW027SBOG,1124,3.5758622685749626,3.5757810513966124,3.581285193440499,3.582141738955605
M1,839,1.5643915105086053,1.5350496848996806,1.5370005615328592,-1.4023149385376104
M2,839,4.803034029675169,4.7997287918660785,4.802516504835673,4.738797760097295
MAICLAIMS,1125,0.005876565487354485,0.0011585718397906012,0.02029956144353914,-1.2232275704405622
MIICLAIMS,1125,-0.2455998663156808,-0.2491206523447633,-0.23611219112944884,-0.306891671987567
MOCCLAIMS,1124,1.131314466309101,1.1294513015710532,1.0487557192402062,0.5415803487680889
MORTGAGE15US,1125,2.44589184910116,2.442933316678188,2.441198742721103,2.397112474994542
MORTGAGE30US,1125,2.5534565059003196,2.552000165813117,2.555184424255908,2.5155831413662577
MORTGAGE5US,931,2.4686108718468023,2.4613691206763737,2.469105512104804,2.0241020335504634
NASDAQ100,5428,2.9704039946713485,2.9700441510950353,2.970826834313135,2.957532432678959
NASDAQB4040GI,5483,3.332865860003,3.3318788591836137,3.3344565533552317,2.4206350445949556
NASDAQBXN,1332,3.601080697106403,3.6042986115634705,3.604876935084958,3.4198812595009715
NASDAQCAPEXA,2936,3.1959068400519333,3.195451981344873,3.1955598755234162,3.1179750274732974
NASDAQCELS,4951,2.480110639325683,2.4802313629598416,2.46291414490316,2.465888839641478
NASDAQCOM,5428,2.9926062175784036,2.992378841255777,2.9928641645389598,2.9728970698815957
NASDAQDRB,4931,3.118129918518938,3.117829503342696,3.1172471474463608,1.6995777452199468
NASDAQEMCLOUD,1966,2.338679097209567,2.3378859930213913,2.325744318300292,2.349921445482458
NASDAQGSOX,1262,2.5577148499382183,2.553672106745694,2.5534291337741895,0.6708149851715729
NASDAQHERBAL,970,2.15075191857319,2.1471893462424063,2.1462808816297865,2.036458559371735
NASDAQHXC,5427,2.5181333023811234,2.517431734716015,2.5168174394477867,1.9314229722218437
NASDAQHXCX,5427,2.518141772964932,2.5173843723874145,2.516774089876444,1.930978245295599
NASDAQHXR,3053,2.913689327572742,2.9117517784342786,2.9081431414819843,-1.1626259474631855
NASDAQNBI,5425,2.8054812048187525,2.8052614423502926,2.8048498411123814,2.8049265440659332
NASDAQNDXL3,3460,1.8855128685186742,1.884384054542548,1.8845182192678687,1.8389271434869308
NASDAQNDXT,5139,2.7585117602212836,2.7570634406662715,2.758353004896254,2.5902043952855953
NASDAQNDXTMC,1094,2.690840772423589,2.687255251490059,2.6880779003242234,2.692635679437635
NASDAQNDXX,5139,3.0934169564806866,3.092714425098915,3.09310398067305,2.920577801280789
NASDAQNFCFA,692,2.9495999929955214,2.9496386173036493,2.9475620138999448,2.3092560591427516
NASDAQNQCN35,1529,2.3212939850412644,2.3199974299606216,2.316077230007797,-0.08048177874803297
NASDAQNQEM,5557,3.164408455613963,3.164208336464668,3.1654396010574115,2.7502396798667235
NASDAQNQEURO50,3627,3.133020439637682,3.1325473619809157,3.1324782192059804,3.117407307500347
NASDAQNQGI,5557,3.3765412482069803,3.376141311392131,3.375514437734533,3.2847787657976593
NASDAQNQINTEL,1955,2.6274479261994026,2.6247690857973756,2.6239437261514924,2.6223608009830683
NASDAQNQMAREITT,2885,3.1049267180101245,3.102994554782958,3.100353662923353,-0.8969897404482322
NASDAQNQROBOUS,2021,2.624086673137477,2.622090317597088,2.619900327760124,2.5962870462686274
NASDAQNQUS500LCT,2653,3.2145639334104272,3.213266939147795,3.212255204192608,3.190257745829669
NASDAQNQUSB201030,3875,3.1385773569549884,3.1381561024270432,3.135659595691814,3.1307581302677083
NASDAQNQUSB45,1528,3.3267400847871214,3.3260083578761543,3.3223533822337865,3.337501242041606
NASDAQNQUSB451030,3875,3.0154735722346455,3.01538480563506,3.0107519719754103,2.9823504137218078
NASDAQNQUSL10101015,3871,2.857733835440771,2.854978533791122,2.855159830494122,2.836319168793373
NASDAQNQUSS,3885,2.96542519050444,2.9647982943503144,2.9642296313899896,2.9662251042533883
NASDAQNSLITP,944,2.200987922372383,2.2000034499342163,2.2107555449795804,2.2234183378703882
NASDAQNYGBIG,738,2.838019314023909,2.828056500017407,2.8257758826972452,2.826442492800334
NASDAQOMRXMUNI,3944,5.68600126686484,5.685291523970158,5.688551714682391,5.665613219356289
NASDAQOMXS30,4426,3.0961391932796234,3.095600872107886,3.0816336888087963,3.0952517626270066
NASDAQQGLDI,3459,3.5395350412881768,3.538303694361871,3.538065798297239,3.4874830690366054
NASDAQQMI,5379,2.9836847644618083,2.983341817820834,2.983542666226772,2.913221644006345
NASDAQQSLVO,3381,2.9307546375366518,2.9304937162244253,2.9304914585873654,2.849862817876496
NASDAQSOX,5302,2.4963109690601493,2.496581048520589,2.4988757706155176,1.9550883083613815
NASDAQSRVRSCNR,2020,2.935302716716787,2.934332326952925,2.9313763813690668,2.9366883822458356
NASDAQSRVRSCPR,2020,2.9336431142193735,2.9325042070145497,2.9294961193911018,2.936173539820742
NASDAQTDEX,2322,0.8215277592685034,0.8189509851465112,0.824032955862987,-0.6655527911397129
NASDAQVOLI,2323,1.076417674086474,1.0759453021704373,1.0745565662322651,0.9346021881921778
NASDAQVOLNDX,3897,3.097211979751167,3.095345002244333,3.095076482135609,3.0208122252799985
NASDAQXAU,5220,2.2893770458336467,2.2875108827181836,2.2882566679621994,2.232068153301472
NASDAQXCMP,5427,2.991372512791326,2.991164856449923,2.991628788244766,2.9728467127753433
NASDAQXNBI,5427,2.805235711350424,2.804703173383862,2.8042980470891536,2.5173330556618208
NASDAQXND,1387,2.815972402204147,2.815397455909358,2.7757350427153478,2.7257679475014878
NASDAQXNDX,5427,2.9685798130036045,2.9683053768845875,2.9690195778139636,2.957962866479417
NASDAQXNDXINR,1113,2.8943461018063728,2.8946030160211906,2.89860246920671,2.934543090013837
NASDAQXOSX,3791,2.4070850376769974,2.4059655896995955,2.400650685675007,2.392560960833472
NASDAQXSOX,4175,2.581964964042918,2.580161725977604,2.5820466239398323,2.5765190251488264
NASDAQXXAU,3791,2.315288672794583,2.3145300948874006,2.315258761739783,2.3177312095517197
NDFACBW027SBOG,1124,-5.0063139230013265,-5.013139788561738,-4.998474415431679,-5.313974756048459
NFCILEVERAGE,1124,2.2627539611590626,2.256341066678266,3.6874135801661456,1.7159881965620656
NFINCP,1125,1.9249196552505634,1.9247216112903984,1.9289630220723402,1.88437465303683
NIKKEI225,5280,2.8726268489408895,2.871751135869359,2.84563111109296,2.8616821039561167
NYCCLAIMS,1124,1.4575673455826572,1.4534394778459925,1.4566984112424164,1.272978810396165
NYICLAIMS,1125,-0.13665703043906766,-0.1382279548769086,-0.11416694098764746,-0.2613356888699615
OBFRVOL,2617,1.1217131142149324,1.1199390642635059,1.13877262413734,0.010166646982136207
OBMMIC15YF,2392,2.762023935352323,2.7605058974637706,2.7970873385445185,2.7941415483495677
OBMMIC30YF,2392,3.3731476994715477,3.371826192959087,3.369626265118276,3.365195815435194
OBMMIC30YFLVGT80FB700A719,2392,2.950314759144445,2.9482329833578635,2.985271772808829,3.0000871383763195
OBMMIC30YFLVGT80FB720A739,2392,3.061069990152169,3.0601392669071403,3.0836538582424415,2.889548825772554
OBMMIC30YFLVGT80FGE740,2392,3.3196884462975773,3.319407057570055,3.318866466517753,3.0331041448230525
OBMMIC30YFLVGT80FLT680,2392,2.4729543809579417,2.472481958620793,2.561743505546417,2.5430791141937417
OBMMIC30YFLVLE80FB700A719,2392,2.7129285119000466,2.71231462089985,2.771305994836329,2.7871639656776117
OBMMIC30YFLVLE80FB720A739,2392,2.924798085045007,2.9220609048434634,2.949925085592837,-1.0398112733123153
OBMMIC30YFLVLE80FGE740,2392,3.335604316385768,3.3349380212248256,3.3339520956317847,3.3305085401859116
OBMMIC30YFLVLE80FLT680,2392,2.684815413638728,2.682137261903164,2.7522713690979472,0.33305283724051443
OBMMIC30YFNA,2392,3.0778754377441215,3.0774881011301916,3.0925913614096054,3.0974222098193875
OBMMIFHA30YF,2392,3.2128395839707804,3.2112408012742923,3.232647269369824,2.182913394383577
OBMMIJUMBO30YF,2392,2.60971267748807,2.6083323705514685,2.6824830790503396,2.70031842118117
OBMMIUSDA30YF,2392,2.8330746684378525,2.8306511054119725,2.888320827608756,2.6726684483146004
OBMMIVA30YF,2392,2.8794705571961385,2.8767454409684725,2.896759909127807,2.883935021309961
ODSACBW027SBOG,890,4.275848829641131,4.274755408314444,4.3190129069833425,4.325166723956607
OKICLAIMS,1125,0.03738089338238622,0.0361221764563046,0.11737910916129633,0.029961319372331225
OMBACBW027SBOG,890,3.462016526745482,3.461305934993419,3.4515737390547803,2.9593747548178695
OVXCLS,4838,1.5376079241243765,1.5370011631894311,1.536565619849504,1.465904879510203
PAICLAIMS,1125,0.16099055538730633,0.1634421208281258,0.16649279250132193,0.057858452612974384
RESBALNSW,818,2.3393871324650832,2.3345360035163507,2.352426550188694,-2.880362375894254
RESPPALGUOXCH1NWW,1125,-10.128297819202377,-10.119843714843592,-10.120943914319131,-12.462415790694697
RESPPANWW,1125,4.081533931851026,4.081393426770617,4.086104925978677,4.0313484332209875
RESPPMLLDONWW,1125,0.03849343401140352,0.04351114429425092,0.09656337541387855,-1.595168829586464
RESPPNTEPPNWW,1125,4.63357037912684,4.630975960545254,4.66784032400847,4.668705101749677
RIFSPPFAAD30NB,4058,1.1523056033033248,1.1515809143595568,1.251293272587018,-4.078647732364523
RIFSPPFAAD60NB,3766,1.2065432301586014,1.2060792242801845,1.2952274747194252,1.2162699430324004
RIFSPPFAAD90NB,4722,1.277219422562334,1.275813906973925,1.3735664370604785,-3.824257269212449
RIFSPPNA2P2D07NB,5383,1.9215585979744847,1.9200767791358804,1.9884562315842598,-3.3213426273906608
RIFSPPNA2P2D30NB,5370,1.886880745751493,1.885401054834326,1.951686616047417,-3.4693960366089334
RIFSPPNA2P2D90NB,3350,1.1930034306443578,1.1990077570300546,1.275733446219164,1.245723911703478
RIMLPBAARNB,2948,3.2145487193372135,3.2142057912265067,3.2171314439717897,3.2303898619701483
RREP15,1125,0.9758791789740514,0.9716916549877884,0.9879574604204704,0.3471941204857721
RREPT,701,0.7027199086066269,0.6937653913109678,0.709557217010573,-0.010825271178646931
RRPONTSYD,3282,-4.259748028859263,-4.259370659428827,-4.246372682964878,-5.025883979937237
RRPONTSYSAD,3287,-4.260335294751151,-4.2595405219606794,-4.245824892121035,-4.6644025922858905
RRPONTTLD,3284,-4.2616315330380665,-4.261182814156862,-4.248094651946868,-5.02605167748875
RRPTSYD,3306,-4.265127953955973,-4.2651432713035105,-4.25241809109508,-5.03346873027531
RRPTTLD,3311,-4.26541816306236,-4.265119885424557,-4.252040707003034,-5.0342681127413975
RVXCLS,5425,1.4138966823050687,1.4127780249756785,1.4137752333895517,1.2864533970546366
SAVINGS,799,4.088717133924416,4.083113548493078,4.111483945338239,3.7289708663984102
SBCACBW027SBOG,1124,4.310384360352656,4.309208598806713,4.3057049943489485,4.304248513026829
SOFR180DAYAVG,1954,5.004979845786369,4.999566118409929,4.958938066294529,1.9988113348399488
SOFRINDEX,2081,9.82823846470415,9.830396406398478,9.837202933295323,6.1868208490231735
SOFRVOL,2079,1.8463364814977878,1.8462804017154584,1.8964670946720346,1.8680778065523995
SP500,2513,3.176691751237495,3.175678098764665,3.173205344840005,3.1492102407202447
STLFSI,792,1.3082587620115171,1.2978936651301727,1.293280843996005,1.2136782974458373
STLFSI2,887,0.08853799779589065,0.08420956181645294,0.09926492437735367,-1.8212064993457977
STLFSI3,929,-0.21685569533533977,-0.2158712778028889,-0.18809349646267146,-4.565834558694909
STLFSI4,1124,0.11349723700995405,0.11234187537866412,0.12229017556894775,-0.4022561355618265
T10Y3M,5398,1.426073454285701,1.4251695056674893,1.4245476642225665,1.4271948567151955
T10YFF,5397,1.2849991972102066,1.2840113891563982,1.286453344924289,1.264464619625202
T10YIE,5398,2.771547350274846,2.769187544469042,2.7663695211387584,1.657308523298169
T5YFF,5397,1.3168793058461776,1.315448577454046,1.3188155364539376,1.293664806834783
T5YIFR,5398,2.5948215691209597,2.5939502575721916,2.6052667423965374,2.3384983055484745
TASACBW027SBOG,1124,4.111007698117501,4.1111688595273055,4.108356628948938,4.093206219061419
TGCRVOLUME,2080,2.59973192492852,2.599041941828032,2.6160815628892986,2.5678854592057885
THREEFF1,5393,1.9213613349362577,1.9210830295991774,1.9221464938474793,1.902195131734163
THREEFF10,5393,3.1607771618004388,3.1602302315557576,3.1740275773576307,3.175579543028124
THREEFF2,5393,2.2324431589876115,2.2318110230680466,2.233470742054325,2.218089493384836
THREEFF3,5393,2.3990927988389488,2.398378490217168,2.4015857766821673,2.396512415829787
THREEFF5,5393,2.6895220661611754,2.688876919378422,2.6967912238151204,2.696536118608418
THREEFF7,5393,2.9106729804848848,2.910127868110537,2.9216448776081747,2.924551784485415
THREEFFTP1,5393,2.855405291885743,2.854882783188488,2.863275951389574,2.8560270215702483
THREEFFTP10,5393,2.1749185955423593,2.174492790349249,2.1873599503756296,2.191243522265378
THREEFFTP5,5393,2.3378183857638546,2.3373469158569193,2.3465461015486397,2.348606568327939
THREEFY1,5393,2.4020050671012703,2.4014459515429474,2.401181857136642,2.371520908313643
THREEFY10,5393,2.7771650866642923,2.776427875314828,2.7819819975833244,2.7817864946763806
THREEFY2,5393,2.2214649324139946,2.221258369745615,2.220270950068536,2.2000946098547356
THREEFY3,5393,2.309857183533851,2.3090599806717944,2.3090694140165517,2.292591241345114
THREEFY4,5393,2.3916176626143826,2.3908370203816824,2.3915949186118177,2.38080304956799
THREEFY5,5393,2.470715178587536,2.4699204488631468,2.4714868987535934,2.462236308171343
THREEFY6,5393,2.543554117921672,2.5427905667603037,2.5452385464884224,2.537182628998887
THREEFY7,5393,2.6072099943380227,2.6063569175918415,2.609587186865435,2.6061499188336263
THREEFY8,5393,2.667993775042079,2.6671694818874823,2.6712065090073933,2.66935974050795
THREEFY9,5393,2.7262857317698796,2.725542683322625,2.7304229972588723,2.727688436413263
THREEFYTP1,5393,3.4031892182419545,3.4026546804231628,3.4109697080625834,3.407194701193126
THREEFYTP10,5393,2.4109856831496606,2.410526050223807,2.419666524007343,2.4231635526384214
THREEFYTP2,5393,2.9588930911719467,2.958342248789554,2.9667459096787936,2.961465884671783
THREEFYTP3,5393,2.7671601038617317,2.7666102906023373,2.7749485489949928,2.770906642514781
THREEFYTP5,5393,2.5923037651224536,2.591888779661851,2.600032861249139,2.5994540913887665
TLAACBW027NBOG,1124,3.91840901079523,3.915443622399517,3.9302234923551533,3.913553565523221
TLAACBW027SBOG,1124,4.272600669110073,4.271549460624542,4.303362217751671,4.212449859990811
TLALCBW027SBOG,1124,4.096764800385327,4.08825779120818,4.157642730658469,4.131262515031085
TLBACBW027NBOG,1124,3.8044576111857804,3.801836462033667,3.8116315046107387,3.797569250793967
TLBACBW027SBOG,1124,4.166841551847864,4.165135223311826,4.195459314839763,4.134448693951486
TMBACBW027NBOG,890,3.8176026227949342,3.8150522653122367,3.8372880565966825,3.8667164243066967
TMBACBW027SBOG,890,4.110199688955226,4.107319909743575,4.110552260077884,4.087321905328941
TNMACBW027SBOG,890,3.5085623061143627,3.5051179435121975,3.514010383667223,-0.16874409136230514
TOTBKCR,1124,5.085064898702978,5.076676755291126,5.0768553281874755,4.669014292363006
TOTBKCRNSA,1124,4.624209845681026,4.619154637175472,4.617464947238859,4.548052784081702
TOTCI,1124,4.081205157815756,4.065905248639479,4.033569518354989,2.8179666716769494
TOTCINSA,1124,3.762283835953849,3.7584967827421027,3.688830572094283,3.669347273846557
TOTLL,1124,5.077704566354437,5.0677194642889765,5.080747757114464,4.619935595255813
TOTLLNSA,1124,4.486378476146987,4.480473836379856,4.480613901127545,4.131005700935235
TOTRA,692,4.127915727199059,4.129152221186915,4.137227171754415,4.130480144451779
TREAS10Y,1125,4.3953893133545865,4.390448946868495,4.281705330191702,-1.3254575538620494
TREAS1590,1125,0.04826663530025564,0.049293215767156714,0.06837982249560672,-0.16206547218071124
TREAS1T5,1125,3.179318563565545,3.1785222993745195,3.12937918119633,2.9996589179692243
TREAS5T10,1125,2.834485875814887,2.8334465331800325,2.853670024353284,2.552301356414777
TREAST,1125,4.879051364127976,4.894520677337645,4.856007314633597,-0.6251997564462959
TXICLAIMS,1125,0.1976315362714659,0.1971014731872688,0.27178912918124004,0.041226700265653
USEPUINDXD,7883,-0.8504882873482658,-0.8511115273418742,-0.7713398804413273,-3.322262299815447
VAICLAIMS,1125,-0.010107382252644282,-0.011423792682940189,0.05088307880227,-0.05235331379815874
VIXCLS,5459,1.1785089084781006,1.1766231987378404,1.177413788263014,1.0163185822436567
VXAPLCLS,4066,1.3323221119982547,1.3319361009860335,1.3339243423513596,-0.0015862278348344311
VXAZNCLS,4066,1.374858872590377,1.3732409499626106,1.3729482043504808,0.7699938046420324
VXDCLS,5430,1.1598627874642269,1.1584500964525388,1.1708374409305502,1.0894630400747989
VXEEMCLS,3866,1.2137814356966665,1.2125841760703366,1.2258473464081476,1.1621002391261193
VXEWZCLS,3866,1.5714258707883102,1.571073510519491,1.578168702903924,1.5346043821851076
VXFXICLS,2747,1.4761887817279569,1.4760887361806385,1.4522024332460017,1.4243581194836845
VXGOGCLS,4066,1.291030356526558,1.2906114949187002,1.2967189055624422,-1.9759896100366283
VXGSCLS,4066,1.4077691578231366,1.4075610052263263,1.4091032713932485,0.756699193870584
VXIBMCLS,4066,1.335294353914231,1.3348982469575996,1.3398883589538788,0.8111640213552934
VXNCLS,5429,1.336668790705646,1.3356680317113796,1.3365379000234288,1.296104239305186
VXOCLS,4210,1.0238755722106583,1.0207183368011559,1.0272747398675828,0.5423133656087779
VXSLVCLS,2747,1.630939930800984,1.630640962482737,1.6230840092000443,1.5455520806182217
VXTYN,3865,1.5803802074210287,1.580078491712157,1.5517094954279418,1.5511498875747016
VXVCLS,4692,1.6741153939539355,1.673432606732816,1.6718626943330708,-2.6948794385984587
VXXLECLS,2747,1.4327396453839056,1.431899413928233,1.421222536576055,1.4042241580631352
WAAA,1125,2.3500810833740506,2.3491161316908715,2.3475281692144137,2.173187662355539
WACL,1125,3.2945593300805927,3.285327081333346,3.3834560067870476,2.2584327187488866
WALCL,1125,4.073992879516065,4.074187449112451,4.079039525047791,4.031087264683252
WBAA,1125,2.5844194914339353,2.5841309327083515,2.586556560424239,1.820693501981877
WBUSAPPWNSAUS,1067,0.2803931764632192,0.2797662465504305,0.33543425280494354,-0.2197190732909469
WCPF3M,1101,1.320150719769397,1.3248616466902947,1.339948877489367,1.0464493514069146
WCTCL,1125,4.120829249516029,4.14496100149485,4.135159873738539,2.187444484448921
WDDNS,1122,1.5757053994806094,1.5779823896232583,1.5690121124815293,1.3324159410882124
WDFOA,1125,2.1183626112180183,2.1307691099066255,2.1440620127273387,1.2831994412386931
WDFUELUSGULF,1049,1.736631861255159,1.732268677992266,1.7493674502052619,1.7747044819340994
WDTGAL,1125,-0.014330053737507863,-0.0017095629175180945,-0.0028411755265078556,-2.684941883330996
WFII10,1124,1.0542877465528262,1.050715878327998,1.0495964521571872,0.16700591803422982
WFII20,1124,1.0959319694764385,1.0968753689010076,1.0926193433653932,1.0674990405025613
WFII30,856,1.1937504561221495,1.188766837400873,1.184314786775051,1.1555880530424831
WFII5,1124,0.9703661967337697,0.9718780141208965,0.9746074790171487,0.8965169763105596
WGS10YR,1124,1.818036149860823,1.8208865939760956,1.8247690029870074,1.7780786296478128
WGS1YR,1124,1.5100247836996132,1.5216901472313424,1.5140819444436797,1.2540109030368982
WGS20YR,1124,2.0187043886366496,2.020022486797978,2.023267824140362,-0.03240970714306323
WGS2YR,1124,1.4308749983582625,1.4389415822568352,1.4422771090937299,1.3973921558233127
WGS30YR,1124,2.1158042321879815,2.1169984023832047,2.1175395012864144,2.0594828560518015
WGS3YR,1124,1.415276586152765,1.4225921385497136,1.3786284556996753,1.4029178172406627
WGS5YR,1124,1.5433644066906753,1.548882454589302,1.5292216873584168,1.475284566384935
WGS7YR,1124,1.6656540891996443,1.6697070722923468,1.67471320264322,1.6510400561609304
WIMFSL,839,3.317841785880097,3.3126683310199083,3.318362185093172,-0.8487613264683072
WJFUELUSGULF,1124,1.7062047071785809,1.7017056660483958,1.718618117248027,1.6997666778195692
WLAD,1125,-9.094459129941008,-9.08432066764387,-8.897285797158103,-9.250961691123136
WLCFLL,1125,-8.033019661642797,-8.054785422462318,-8.000537130730516,-10.296953025320981
WLCFLPCL,1125,-7.114086441929422,-7.043211354950821,-7.040267763552389,-8.913291068966226
WLDLCL,1125,2.62883420827576,2.624748979447822,2.611704406498239,2.608966829391754
WLEMUINDXD,7883,-1.4988246258712472,-1.4991909211762589,-1.416865532054839,-1.6943360579382178
WLFN,1125,4.7001766917387595,4.700192952354853,4.738530896066261,4.735833815492853
WLODL,1125,0.0410336773854834,0.046014444989902765,0.09922494829234732,-1.6934731801785488
WLODLL,1125,1.9986351634413972,1.9961579485390972,1.9757862877104393,2.0195736991641327
WLRRAA,1125,1.0774766756960772,1.0756292786966666,1.0632035332061613,1.0093750956185332
WLRRAFOIAL,1125,1.5795592172308555,1.5779373489248085,1.612313882750477,1.0361528314294313
WLRRAL,1125,0.9835313869457685,0.9790529188004166,0.9959032499281735,0.35884808271523044
WLTIIT,1124,1.141301872591302,1.1402266377651384,1.1369050376555396,1.065871705297368
WLTLECL,1125,4.064339462905591,4.063953587398258,4.0684521664515945,4.022034619093531
WM1NS,1122,1.8141272025293091,1.8144887533942509,1.8139026136580707,1.8733762739574527
WM2NS,1122,3.8380024643267325,3.834289236636483,3.8310783814912326,0.14570600122256042
WOFDRBORBA,1125,0.4986377224141244,0.4946308681173883,0.4984005904681322,0.28009545577746686
WOFDRBORBL,1125,0.29215959800310104,0.28742049453278573,0.29075584967188467,0.12793204512191644
WOFSRBRBC,1125,4.066572589655456,4.052445981193464,4.054499057304369,4.021895531252683
WPC,1125,-6.378016622570059,-6.378856165942702,-6.4242910083002664,-8.064625916208163
WPROPANEMBTX,1124,1.4865913137236315,1.481467060044092,1.4870718335681272,1.4426018062085346
WRBWFRBL,1125,1.976633441893175,1.9734246431088045,1.9498971207618971,1.9980647331445593
WREPOFOR,1125,1.8250389271713277,1.8241523825287493,1.8255124908759726,1.8308156031724403
WRESBAL,1125,2.196479329825523,2.192788557887864,2.1930475511603538,2.2046185417557056
WRESCRT,1125,4.255656453549342,4.252697405463986,4.235132868749036,4.176254795512383
WRMFNS,1122,3.9019887170902323,3.9021991510831353,3.902768792855471,3.8040387436553216
WRMFSL,839,4.023188859488169,4.020201398995367,4.019270302611203,3.93112314656526
WRMORTG,613,2.5415334283936395,2.540232179471618,2.5387525224581116,2.5033661074763467
WSDEALL,1125,-9.692658585960762,-9.694151706419548,-9.656924081740348,-9.683599076421318
WSDONTL,1125,-9.679707192045319,-9.68292884106817,-9.6454101456155,-9.636506266693283
WSECOUT,1125,4.428696908570151,4.425823777243956,4.401123209850346,-0.1545862399668899
WSHOICL,1125,3.514620504358975,3.51207778472673,3.5647271647827075,-0.4093489285351172
WSHOSHO,1125,4.248413557087041,4.246089966559478,4.2200910682432875,3.652384971429239
WSHOTSA,1125,4.996293779905562,5.00361344111595,4.993925377631344,0.3894691608410197
WSHOTSL,1125,4.875290527404449,4.878449541946392,4.864554376789763,4.07180417815958
WSLB20,613,2.3139708357348754,2.315104595834846,2.3143035504491447,2.293094202820308
WSMTMNS,1122,5.049756725483786,5.049124874143144,5.064808657970553,4.779524569900463
WTB1YR,946,1.6515076972819376,1.6621994837601164,1.6657518935154614,1.4383711555502467
WTFORBAFL,1125,2.109021955971716,2.108878899718272,2.1167956463276307,1.5266230868001058
WTFSRFA,1125,4.280319313869055,4.276600655979343,4.260057674773757,4.194324250019496
WTFSRFL,1125,4.09016966866496,4.078379584730837,4.080685101856404,4.03889082188926
WTREGEN,1125,0.2541988955489732,0.2600327304389119,0.28037735285175,-2.669392035596208
