series,n,ll_POOL_crps,crps_POOL_crps
AAA10Y,5392,2.4268813121752073,0.012426646522200345
AAAFF,5392,1.2550047618071947,0.04033989494237225
ABCOMP,1125,2.7932379767733626,0.008153288159484393
ABCOMPN,1125,3.045355032170418,0.00634988296585501
ADPWES1T19ENERSA,853,6.497678101269435,0.0002596702347588016
ADPWINDCONNERSA,853,6.782375075649305,0.0001761107720657934
ADPWINDMANNERSA,853,7.163919737878104,0.00014785834485292183
ADPWINDPROBUSNERSA,853,6.614314760202911,0.0002330718622329233
ADPWNUSNERNSA,853,5.347605195602624,0.0006594770949582337
ADPWNUSNERSA,853,7.244827292968597,0.00012257731548672893
ALLACBW027SBOG,890,3.8897804511799703,0.003658375273906661
AMBOR1M,797,3.4002731798170767,0.005882245295460066
AMBOR3M,797,3.5211331941815875,0.004685056389757737
ANFCI,1124,3.058846595793946,0.006577960794340888
AOLACBW027NBOG,1124,3.396128208308837,0.00420262979854209
AOLACBW027SBOG,1124,3.7592690058393337,0.0028482680028150006
BAA10Y,5392,3.109827357637469,0.006221311294429141
BAAFF,5392,1.2989863162762656,0.03883618436000844
BAMLC0A0CMEY,785,3.3655255009015166,0.0046223386847988705
BAMLC0A0CMSYTW,786,3.3565023593865364,0.0046793679061128595
BAMLC0A1CAAAEY,786,3.3075823865852727,0.004907968637709812
BAMLC0A1CAAASYTW,786,3.298575343556319,0.004980094256993772
BAMLC0A2CAAEY,786,3.313589778146904,0.004869973810062964
BAMLC0A2CAASYTW,786,3.312672951628386,0.004868519004567892
BAMLC0A3CAEY,786,3.338187802704137,0.004765642753215179
BAMLC0A3CASYTW,786,3.3126071996399937,0.004899700637635452
BAMLC0A4CBBBEY,786,3.3872063148944505,0.004534725046624356
BAMLC0A4CBBBSYTW,786,3.3877342734011364,0.0045279510340161455
BAMLC1A0C13YEY,786,3.2286226555930573,0.005327187347766809
BAMLC1A0C13YSYTW,786,3.1909772435671955,0.005526646266533585
BAMLC2A0C35YEY,786,3.19426090841942,0.005536624496223092
BAMLC3A0C57YEY,786,3.2263131365372417,0.00534410935415384
BAMLC4A0C710YEY,786,3.331766514012629,0.004805077858489664
BAMLC4A0C710YSYTW,786,3.3139227117283863,0.004893960886499337
BAMLC7A0C1015YEY,786,3.3625862744830144,0.004638833927512359
BAMLC8A0C15PYEY,786,3.4390100639455,0.004322241326223794
BAMLCC0A0CMTRIV,786,4.432200211168494,0.0015958751761676146
BAMLCC0A1AAATRIV,786,4.064851814611724,0.0023078992567883735
BAMLCC0A2AATRIV,786,4.361005136288684,0.0017139327209673282
BAMLCC0A3ATRIV,786,4.430582498023106,0.0015994132755317854
BAMLCC0A4BBBTRIV,786,4.454380593881452,0.0015614019935846605
BAMLCC1A013YTRIV,786,5.65252004296025,0.0004683661290642901
BAMLCC2A035YTRIV,786,4.946652772713874,0.0009529826003143306
BAMLCC3A057YTRIV,786,4.5869689788973975,0.0013698272665449858
BAMLCC4A0710YTRIV,786,4.357612501510909,0.0017142034735346738
BAMLCC7A01015YTRIV,786,4.107183956029608,0.0022032163773288023
BAMLCC8A015PYTRIV,786,3.7153452615269424,0.0032821127955288245
BAMLEM1BRRAAA2ACRPIEY,786,3.6316002776863705,0.00354351420693014
BAMLEM1BRRAAA2ACRPIOAS,786,2.061649166381137,0.017302973665476902
BAMLEM1RAAA2ALCRPIUSEY,786,3.619008115060733,0.0035900331174921036
BAMLEM2BRRBBBCRPIEY,786,3.8680924343912535,0.002827334985834941
BAMLEM2BRRBBBCRPIOAS,786,2.3959273904764995,0.012318463247500997
BAMLEM2RBBBLCRPIUSOAS,786,2.355618175984555,0.01278719398340593
BAMLEM3BRRBBCRPIEY,786,3.703244527662564,0.0033477923065763047
BAMLEM3BRRBBCRPIOAS,786,2.672628607826858,0.009288826636800111
BAMLEM4BRRBLCRPIEY,786,3.3838889839222333,0.0046663651228365565
BAMLEM4BRRBLCRPIOAS,786,2.7765721698618404,0.008491938762568303
BAMLEM4RBLLCRPIUSEY,786,3.3614608526540035,0.004790382247121269
BAMLEM4RBLLCRPIUSOAS,786,2.729782158200971,0.0088413030452628
BAMLEMALLCRPIASIAUSEY,786,3.5438425063662935,0.0039262428977535355
BAMLEMCBPIEY,786,3.8307037700673665,0.0029376326859350196
BAMLEMCBPIOAS,786,2.626559446041248,0.009806043753221624
BAMLEMCBPITRIV,786,5.145905370788391,0.000784879438066441
BAMLEMCLLCRPIUSTRIV,786,5.09317329576669,0.0008293000760425933
BAMLEMEBCRPIEEY,786,3.5634518484837097,0.0035550572066735194
BAMLEMEBCRPIEOAS,786,2.7076987713508602,0.009194067025190744
BAMLEMHBHYCRPIEY,786,3.677786655653426,0.003487656225196359
BAMLEMHBHYCRPIOAS,786,2.8063913959015516,0.008212786205620359
BAMLEMHBHYCRPITRIV,786,5.074071403948687,0.0008612597411221886
BAMLEMHYHYLCRPIUSOAS,786,2.774666909091469,0.008485273017388018
BAMLEMIBHGCRPIOAS,786,2.2556966964475853,0.014195084855281988
BAMLEMPBPUBSICRPIEY,786,3.8380390725910303,0.0028908438050450867
BAMLEMPBPUBSICRPIOAS,786,2.478341990653039,0.011392895644230867
BAMLEMPUPUBSLCRPIUSOAS,786,2.4227279054834194,0.011978139551775088
BAMLEMRACRPIASIAEY,786,3.5606141652996928,0.003746067786983242
BAMLEMRACRPIASIAOAS,786,2.4137592458129227,0.012129508173475488
BAMLEMRACRPIASIATRIV,786,5.074716635316387,0.0008290254241354445
BAMLEMRECRPIEMEAOAS,786,2.4761845269520077,0.01140147110607094
BAMLEMRLCRPILAEY,786,3.6813132940380155,0.003266247957924645
BAMLEMRLCRPILAOAS,786,2.7145856872083893,0.008912979702171555
BAMLEMRLCRPILATRIV,786,4.823673500936551,0.001085265716316717
BAMLEMUBCRPIUSOAS,786,2.5893787298631743,0.010214227029385275
BAMLH0A0HYM2,786,2.452751641335974,0.011692255316131247
BAMLH0A0HYM2EY,786,3.2417272368863483,0.005352877470179895
BAMLH0A0HYM2SYTW,786,3.2932040584998554,0.0051236832755316795
BAMLH0A1HYBB,786,2.0994888399339326,0.01653008486652718
BAMLH0A1HYBBEY,786,3.1849333397568436,0.005659964494605615
BAMLH0A1HYBBSYTW,786,3.2435180228834977,0.005332496619888321
BAMLH0A2HYB,786,2.36703976361524,0.01282174613101585
BAMLH0A2HYBEY,786,3.1150535425450263,0.006066406940046567
BAMLH0A2HYBSYTW,786,3.153886402891474,0.005855679041620147
BAMLH0A3HYC,786,3.0342639507067406,0.006737688566532382
BAMLH0A3HYCEY,786,3.3592243738735688,0.004763266019095594
BAMLH0A3HYCSYTW,786,3.367707017389001,0.004724083245304613
BAMLHE00EHYIEY,786,3.2987292597439604,0.004924882519448983
BAMLHE00EHYIOAS,786,2.660994926682865,0.009634526612796802
BAMLHE00EHYISYTW,786,3.3764706900864687,0.004853772559941706
BAMLHE00EHYITRIV,786,5.399797422657831,0.0006704693750309538
BAMLHYH0A0HYM2TRIV,786,4.952610516629318,0.0009754510514288252
BAMLHYH0A1BBTRIV,786,5.013605375778735,0.0009061673167898642
BAMLHYH0A2BTRIV,786,4.9181571297022275,0.0010189826481334409
BAMLHYH0A3CMTRIV,786,4.563414976023131,0.0014520748794544106
BOGMBASEW,818,2.905477962974936,0.007947980305106687
BRMTG0101,1095,2.5331804000258105,0.010778372527076854
BRMTG0102,1095,2.6370859597671936,0.009549125084536848
BUSAPPWNSANER,1067,0.22359161161389354,0.11513848554265776
BUSAPPWNSAUS,1067,0.2606037423568785,0.1129916621929585
BUSAPPWNSAUSYY,1012,-5.3288785346361704,16.73049067096193
CACCLAIMS,1124,1.2990965166866024,0.04034802172971353
CAICLAIMS,1125,0.35030517917922843,0.09010643281570443
CASACBW027NBOG,1124,2.153455143703985,0.015392483227309366
CASACBW027SBOG,1124,2.436181940388822,0.011509634093656082
CASLCBW027NBOG,1124,1.7258721891343023,0.024037402778718443
CASLCBW027SBOG,1124,2.080802373644473,0.01631956798234036
CASSCBW027SBOG,1124,2.208777564871918,0.014354873068101945
CBBCHUSD,3141,1.6003115854692553,0.026318263544715254
CBBTCUSD,4227,1.9855549362186247,0.01841727460011024
CBCCIND,1972,1.8028444872666993,0.02182050152086254
CBETHUSD,3725,1.7088265477931912,0.0247587268686862
CBLTCUSD,3635,1.628678406573526,0.026289765412175776
CC4WSA,1124,3.3427361203671415,0.006190287354513494
CCLACBW027NBOG,1124,3.34990377747404,0.004503865528726344
CCLACBW027SBOG,1124,4.218780123711901,0.00237953577946843
CCNSA,1124,1.703562316354409,0.025469759313877016
CCSA,1124,2.529717725040667,0.012522671465075333
CIBOARD,1124,3.919024629718641,0.0023421438446562582
CIBOARDNSA,1124,3.587414687760617,0.003181788378350586
CILSCBW027SBOG,1124,4.0252360577954205,0.002131287063009993
CLSACBW027SBOG,1124,4.668964254607105,0.0014671507740704507
COMPAPER,1125,1.8703166059582426,0.020463743680990933
COMPOUT,1125,2.6928354331920032,0.009062907084276752
COMPUTN,1125,2.756088418835232,0.00851730007716762
CPFF,4722,1.3902184134642441,0.0430894928480341
D2WATAL,1125,2.511227362822589,0.010734712431660246
D2WLTGAL,1125,-0.04643551873172046,0.17018402255572374
DAAA,5398,2.9611282032691824,0.007338050762491674
DBAA,5398,3.227726067031868,0.005509461781464887
DCCCLAIMS,1124,1.3901137908938073,0.032330931535151736
DCICLAIMS,1125,-0.07760474529530272,0.13441127212163226
DCOILBRENTEU,5457,2.4245132100816695,0.012705289420913212
DCOILWTICO,5410,-2.0391874291361045,0.9404871287565928
DCPF1M,4058,0.8172700435998284,0.08698999533273992
DCPF3M,4722,1.1172590864332559,0.06512387226637294
DDFUELLA,5402,2.3833806179055608,0.01286752197319149
DDFUELNYH,5046,2.4654852208265745,0.011967623096443631
DDFUELUSGULF,5046,2.4385255999646143,0.012393905449299875
DEXBZUS,5401,3.293259973174707,0.005183845852781882
DEXCAUS,5401,3.8852649105840342,0.0028828770109020074
DEXDNUS,5401,3.8401889147387736,0.00300142931502651
DEXHKUS,5401,6.735188906968085,0.00018288541026338228
DEXINUS,5400,4.121621935990015,0.0023135185759344777
DEXJPUS,5401,3.7162079698898816,0.0033387076237870704
DEXKOUS,5401,3.756147235961545,0.0033817740240356022
DEXMAUS,5401,4.21596843300315,0.002087233351053873
DEXMXUS,5401,3.586829838232024,0.003917237326294483
DEXNOUS,5401,3.4753776911867558,0.004298951823884239
DEXSDUS,5401,3.539571380056878,0.004043997710980678
DEXSFUS,5401,3.2059407700363356,0.005575704676956601
DEXSIUS,5401,4.349930287110315,0.0017883865457600876
DEXSZUS,5401,3.734807818264154,0.0032060229691437438
DEXTAUS,5398,4.452967031849897,0.0016088353856407254
DEXTHUS,5401,4.19275830191461,0.002156323216395332
DEXUSAL,5401,3.5425503352039724,0.004068837205524625
DEXUSEU,5401,3.8370756186946906,0.0030109047718565977
DEXUSNZ,5401,3.4708836755120895,0.004314573278394354
DEXUSUK,5401,3.7683535132582855,0.0031977558559153746
DFII10,5397,1.5955700971478872,0.02744314088534788
DFII20,5397,1.6073325037886206,0.027071891505095484
DFII30,4112,1.7436626556422796,0.023822129476266142
DFII5,5397,1.454480231497632,0.03174154367941639
DFII7,5397,1.483259859902883,0.030312466898645186
DGASNYH,5408,2.298110208616192,0.013799973592281743
DGASUSGULF,5405,2.1822243444706526,0.015229808095925784
DGS10,5397,2.4604537061482605,0.012527202851671793
DGS20,5397,2.6675873047213625,0.01002203446277009
DGS3,5397,2.011510358781836,0.020891125446605076
DGS30,5397,2.7360761290570763,0.009326853897648106
DGS5,5397,2.151053467891215,0.017442055379788175
DGS7,5397,2.291228254015461,0.01477162962317986
DHHNGSP,5421,1.6125398315605093,0.027515702402362334
DHOILNYH,5408,2.4049894668003144,0.01266102160486604
DJCA,2513,3.2255836336343213,0.005673301661186426
DJFUELUSGULF,5407,2.3440762947642804,0.013559226251581156
DJIA,2513,3.2273257974040197,0.0056849055901861695
DJTA,2513,2.8278850596814755,0.008149854969381472
DJUA,2513,3.051665688262587,0.006368638560954053
DLTIIT,5398,1.6742386393416804,0.025535392412742695
DNFINCP,1125,1.7605064162905117,0.02280980788462546
DPROPANEMBTX,5399,2.3362824584664055,0.01354734716706578
DPSACBW027NBOG,1124,3.696035264197331,0.0033453076178159504
DPSACBW027SBOG,1124,4.378517910364048,0.0016758221366811063
DPSDCBW027SBOG,1124,4.236661493659971,0.001866510371536118
DPSLCBW027NBOG,1124,3.41439763499299,0.0044330219124902445
DPSLCBW027SBOG,1124,4.072087838003891,0.0022506819080788678
DPSSCBW027NBOG,1124,3.88076318079121,0.0027643661445380164
DPSSCBW027SBOG,1124,4.446293765105245,0.0015349443197533908
DRGASLA,5407,1.9922207249886847,0.018648929918981576
DSWP10,2958,2.55000157796537,0.011282359248463485
DSWP2,2958,2.121752766472509,0.01770171637335879
DSWP3,2958,2.142623222368088,0.01718900735971741
DSWP30,2958,2.7497873182126735,0.009233743414551996
DSWP5,2958,2.2764075897809457,0.01486141407825999
DTP10J26,2461,1.4402116079104634,0.03428773872128079
DTP10J28,2127,1.4839429190820543,0.03182671307314826
DTP10J30,1610,1.4345550768557838,0.032514439780658135
DTP10L26,2481,1.438271024107426,0.03623279689230188
DTP10L27,2251,1.4993412670941384,0.03164939045425313
DTP10L28,2002,1.4700085781877088,0.03210134056391355
DTP10L29,1749,1.4743979888920082,0.031676632890930166
DTP20J26,4004,1.55955850128099,0.03011310378982603
DTP20J27,4141,1.6018097530655278,0.02824419772490409
DTP20J29,4138,1.6672897285369521,0.026008260225781375
DTP30A28,5393,1.6021308076188845,0.027518942019550335
DTP30A29,5391,1.6066568114387125,0.027235722284100962
DTP30F40,4107,1.7458444967909763,0.02376582931403398
DTP30F43,3344,1.7720894835659722,0.02331565325744295
DTP30F45,2848,1.7860687577458567,0.023079641776639754
DTP30F50,1607,1.621407574078598,0.026455809450217124
DTP5A25,1195,0.9756660075171537,0.05199185653322237
DTWEXAFEGS,5153,4.065913037206133,0.002385339361527345
DTWEXB,3774,4.405845797555941,0.0017109099847034401
DTWEXBGS,5153,4.310682034996995,0.0018613148587511205
DTWEXEMEGS,5153,4.3884415601504205,0.0017330612638016614
DTWEXM,3774,4.053725399067897,0.0024239216865038393
ECBESTRNUMTRANS,1749,1.0230667009503212,0.05416671461956378
ECBESTRTOTVOL,1749,0.905619136390679,0.05691415305880589
EFFRVOL,2617,1.0814035518653773,0.042156108023983015
EVZCLS,4359,1.4927851367071319,0.029574500009528153
EXCSRESNW,818,2.175079468064829,0.01689775170048481
FINCP,1125,2.239606567970129,0.014202218316557894
FINCPN,1125,2.3707939415229595,0.012576333939549983
FLICLAIMS,1125,0.12060659142914758,0.10589401114585867
GASDESECW,1125,2.98858439833593,0.0065197345617493225
GASDESGCW,1125,2.787214473816346,0.00810699819313671
GASDESLSMWW,1016,2.7506476542058294,0.008734374787960122
GASDESLSW,1016,2.9009803205180087,0.007254587455148107
GASDESMWW,1125,2.739461111549695,0.008742575124796061
GASDESRMW,1125,3.0477962988516105,0.006596823303479511
GASDESW,1125,2.9268026028717484,0.007155358521741042
GASDESWCW,1125,2.9910673840357123,0.00660481875112569
GDBFRW,839,0.06441982097061259,0.15353707474511138
GVZCLS,4570,1.528915596602956,0.028380798024344792
H8B3092NCBA,863,2.0022846474552867,0.018358483870776213
H8B3094NCBA,1124,2.754507102588753,0.007646942717435189
H8B3094NCBD,1124,2.5752285662621466,0.009614445684769334
H8B3094NSMA,1124,2.5877388069428093,0.00930826960776345
HBUSAPPWNSAUS,1067,0.24657085043891455,0.113537479693327
IC4WSA,1125,0.7718195160685746,0.01531794895477635
ICNSA,1125,0.5333835216054315,0.06620484892408021
ICSA,1125,1.0356062322445287,0.0312820485445586
IHLIDXAU,2365,5.044108324361523,0.0008682424968493111
IHLIDXAUTPSOFTDEVE,2365,4.817950067391151,0.0010656679383369738
IHLIDXCA,2365,5.192615948119783,0.000736520891121807
IHLIDXCATPSOFTDEVE,2365,4.893928007530846,0.0009901915741396124
IHLIDXDE,2365,5.589598744784231,0.0004966478655897353
IHLIDXDETPCIVIENGI,2365,5.188539080848244,0.0007397281032081581
IHLIDXDETPELECENGI,2365,5.061817467923028,0.0008433755227312457
IHLIDXDETPINDUENGI,2365,5.150643213646487,0.0007793555618541315
IHLIDXDETPSOFTDEVE,2365,5.385819212970657,0.0006188676868979952
IHLIDXFR,2365,5.088080761059038,0.0008334853067921447
IHLIDXFRTPSOFTDEVE,2365,4.967527839775284,0.0009475720633625131
IHLIDXGB,2365,5.175259418358579,0.0007632759897280368
IHLIDXGBTPBAFI,2365,4.5570854908735745,0.001434101207626559
IHLIDXGBTPCIVIENGI,2365,4.207664125169619,0.0019732573108474133
IHLIDXGBTPSOFTDEVE,2365,4.920914469550294,0.0009808161652511205
IHLIDXNEWNSAUS,2365,3.4580127196851183,0.0045557242866494305
IHLIDXNEWUS,2365,3.600803595465395,0.0037687151951311024
IHLIDXNSADE,2365,5.375873070271743,0.0005939728094343817
IHLIDXNSAFR,2365,5.091454110604316,0.0008178153521720112
IHLIDXNSAGB,2365,4.889739234242937,0.0009714461406397488
IHLIDXNSAUS,2365,5.410931772625482,0.0006016403996707632
IHLIDXUS,2365,5.55996245114955,0.0005127851340315448
IHLIDXUSCA,2365,5.438460462528126,0.000577919253190915
IHLIDXUSTPACCO,2365,4.716506190872767,0.0015707028172766925
IHLIDXUSTPARCH,2365,5.249895290029957,0.0007032566971346669
IHLIDXUSTPAREN,2365,4.783474741162966,0.0011537067762373968
IHLIDXUSTPBAFI,2365,4.744531917251124,0.001220726533764849
IHLIDXUSTPCIVIENGI,2365,5.222552177941597,0.0007314099512310907
IHLIDXUSTPCONS,2169,5.232486067280471,0.0007260116145182832
IHLIDXUSTPCUSTSERV,2365,5.076036035092299,0.0008869529255301223
IHLIDXUSTPDENT,2239,5.063586364787036,0.0008944306071086192
IHLIDXUSTPDRIV,2232,3.9015935681194875,0.002969922885899975
IHLIDXUSTPELECENGI,2365,5.110843724375002,0.0008122608340024978
IHLIDXUSTPFOPRSE,2365,4.947444579503316,0.0009096076083041815
IHLIDXUSTPHOTO,2365,4.729949410762231,0.0012047352373298602
IHLIDXUSTPHUMARESO,2365,5.203815430553169,0.0007532441788487952
IHLIDXUSTPINDUENGI,2365,5.085271292083381,0.0008429740028373758
IHLIDXUSTPITOPHE,1994,5.168174772679024,0.0007566206189848463
IHLIDXUSTPLEGA,2365,5.1143763413996295,0.0008249841326388453
IHLIDXUSTPMANA,2365,5.038246574932545,0.0008914968177349429
IHLIDXUSTPMARK,2365,5.10132052808894,0.0008272046020306877
IHLIDXUSTPMATH,1994,4.908005184393609,0.0009967093897316755
IHLIDXUSTPMEDIINFO,2365,5.102220852870805,0.0008512436036301871
IHLIDXUSTPNURS,2365,5.463216871867351,0.0005759042034193739
IHLIDXUSTPPHSU,2365,5.205436258588243,0.0007319811824748355
IHLIDXUSTPPRMA,2365,5.214689468307224,0.0007234156642954166
IHLIDXUSTPPROJMANA,2365,5.322797117410734,0.0006567153063249291
IHLIDXUSTPRETA,2365,4.851727624133531,0.001061162118111335
IHLIDXUSTPSALE,2365,5.186873483971,0.0007554329278372813
IHLIDXUSTPSCREDE,2365,5.128947281276461,0.0008048571678589687
IHLIDXUSTPSEPUSA,2365,4.979276238249847,0.0010089965686825087
IHLIDXUSTPSOFTDEVE,2365,5.0491987574741435,0.0008820674752053754
IUDSOIA,5450,3.0429483612675434,0.010701842209842955
IUDZLT2,2089,-9.769806067052583,1717.7876976062514
IUDZOS2,2090,9.597640685981911,3.935121637960221e-05
KCPRS,5439,0.7868484931977582,0.07098708918165672
KCPRU,5439,2.2733919172931754,0.01426748521755791
KCRORO,5598,-1.4596733428939277,0.619869860985873
KCROROE,5598,-1.5361633650372286,0.650690695082557
KCROROG,5598,-1.6625086179771784,0.7187827696766823
KCROROL,5597,-0.8077989261984965,0.4348092439230506
KCROROS,5597,-1.289058240689824,0.5186733883596262
LDGUST,692,-0.6349172673792771,0.2603894256601634
LLBLCBW027NBOG,1124,4.373206310841772,0.001616626371715101
LLBLCBW027SBOG,1124,4.8108585470479355,0.001058613658297776
LLBSCBW027SBOG,1124,4.788353703982738,0.001164019298212157
LTDACBW027SBOG,1124,3.6198700709063276,0.0035805962519482068
M1,839,-1.1667265587114832,0.008580548632541122
M2,839,4.775693905871697,0.0012003681422470527
MAICLAIMS,1125,-0.018894980043793228,0.12557078082017473
MIICLAIMS,1125,-0.23520607377888322,0.1572152075471777
MOCCLAIMS,1124,1.1243108794416357,0.04324392402731302
MORTGAGE15US,1125,2.4773244258203744,0.01151608441768747
MORTGAGE30US,1125,2.5746698046264163,0.010372339650643412
MORTGAGE5US,931,2.5246842914573135,0.011239647040220383
NASDAQ100,5428,2.9764912543553645,0.00730293932383931
NASDAQB4040GI,5483,3.314557306338088,0.006072572401099767
NASDAQBXN,1332,3.599030199253401,0.004150032943220401
NASDAQCAPEXA,2936,3.1949888699025553,0.005908811037276176
NASDAQCELS,4951,2.4772120456494973,0.011963249105837676
NASDAQCOM,5428,2.998103289591518,0.007159635310610266
NASDAQDRB,4931,3.1109789654428703,0.006426273466443716
NASDAQEMCLOUD,1966,2.3581556157182817,0.013105248395306718
NASDAQGSOX,1262,2.5816144879490155,0.010184989407794517
NASDAQHERBAL,970,2.1406447987740767,0.015834718100173756
NASDAQHXC,5427,2.5277299203165224,0.011301186415753542
NASDAQHXCX,5427,2.527985528784234,0.011299674016421441
NASDAQHXR,3053,2.9028354477774627,0.007395710927185183
NASDAQNBI,5425,2.826299093967002,0.008211305190214383
NASDAQNDXL3,3460,1.8941123321319973,0.021182580617262522
NASDAQNDXT,5139,2.764683437635813,0.00897378550068921
NASDAQNDXTMC,1094,2.7219926230742155,0.008826523126722599
NASDAQNDXX,5139,3.0889367469077538,0.006585726412803217
NASDAQNFCFA,692,3.022424594055941,0.006678740787467693
NASDAQNQCN35,1529,2.3472332364573174,0.013103795118440209
NASDAQNQEM,5557,3.154546669047091,0.005998255498678223
NASDAQNQEURO50,3627,3.142324344804028,0.00601381850484394
NASDAQNQGI,5557,3.373570109503621,0.004979175075515379
NASDAQNQINTEL,1955,2.6558247009606957,0.009717101145281137
NASDAQNQMAREITT,2885,3.06676567666991,0.006923058379789787
NASDAQNQROBOUS,2021,2.654176433751871,0.009810805434831194
NASDAQNQUS500LCT,2653,3.2211326009934997,0.005813955917090722
NASDAQNQUSB201030,3875,3.153813162444735,0.0059017370906691655
NASDAQNQUSB45,1528,3.362149550608602,0.004675333114726153
NASDAQNQUSB451030,3875,3.0298707196546997,0.006580378595744095
NASDAQNQUSL10101015,3871,2.8700894914092414,0.007925651830920937
NASDAQNQUSS,3885,2.9846750575268044,0.007093511045364593
NASDAQNSLITP,944,2.2555826805529713,0.014218908581392615
NASDAQNYGBIG,738,2.905567485502275,0.007650552355588817
NASDAQOMRXMUNI,3944,5.677622562199034,0.0005063028756532932
NASDAQOMXS30,4426,3.098444981742697,0.006235342382320997
NASDAQQGLDI,3459,3.537720545709893,0.003978077647810451
NASDAQQMI,5379,2.9785412529458024,0.007127618246917389
NASDAQQSLVO,3381,2.9464750789612806,0.007257007833362559
NASDAQSOX,5302,2.5461813367691963,0.0109046660835836
NASDAQSRVRSCNR,2020,2.957015320535386,0.007296300123827959
NASDAQSRVRSCPR,2020,2.956568515639364,0.0073003281656241386
NASDAQTDEX,2322,0.8050541941467182,0.05764573344595886
NASDAQVOLI,2323,1.0509852931957238,0.04558956264314651
NASDAQVOLNDX,3897,3.1217815035769467,0.005963720698754107
NASDAQXAU,5220,2.2536823874798655,0.013620355881396541
NASDAQXCMP,5427,2.997931854289694,0.007160764578545261
NASDAQXNBI,5427,2.824437469881252,0.008197859129505443
NASDAQXND,1387,2.850618479317678,0.007890811827650784
NASDAQXNDX,5427,2.976525198959927,0.007303872838222668
NASDAQXNDXINR,1113,2.9456694444314033,0.007037295860712255
NASDAQXOSX,3791,2.42546928583828,0.0124488293660133
NASDAQXSOX,4175,2.60465993354908,0.010444971340531323
NASDAQXXAU,3791,2.339335699906676,0.013232172795942465
NDFACBW027SBOG,1124,-4.972610649980391,18.120044249078664
NFCILEVERAGE,1124,3.64488421394956,0.00333857054144554
NFINCP,1125,1.9336647168880423,0.018996467267156553
NIKKEI225,5280,2.876503492805169,0.007801776352018064
NYCCLAIMS,1124,1.4862523009140354,0.031725101769417785
NYICLAIMS,1125,-0.21702530074981496,0.15816091718493228
OBFRVOL,2617,0.8645086376964867,0.04832591600768763
OBMMIC15YF,2392,2.8100425256287944,0.008584238621336714
OBMMIC30YF,2392,3.392387427689151,0.004674072761541622
OBMMIC30YFLVGT80FB700A719,2392,3.013855302938004,0.006762437767728939
OBMMIC30YFLVGT80FB720A739,2392,3.113257044133976,0.006165501769748834
OBMMIC30YFLVGT80FGE740,2392,3.3578827150128197,0.004864779381546011
OBMMIC30YFLVGT80FLT680,2392,2.5618895066834755,0.010636961502218973
OBMMIC30YFLVLE80FB700A719,2392,2.783155602287269,0.008498089573789405
OBMMIC30YFLVLE80FB720A739,2392,2.9641988762413636,0.006932126011336792
OBMMIC30YFLVLE80FGE740,2392,3.357440734708825,0.00481084830506607
OBMMIC30YFLVLE80FLT680,2392,2.7537544560924467,0.008680471999284857
OBMMIC30YFNA,2392,3.1170810837531753,0.006081020853345966
OBMMIFHA30YF,2392,3.258583345431087,0.005338003144013201
OBMMIJUMBO30YF,2392,2.6946031112482913,0.009358532989924357
OBMMIUSDA30YF,2392,2.8967788398560836,0.007636163337869514
OBMMIVA30YF,2392,2.931472497646546,0.007365899577813169
ODSACBW027SBOG,890,4.3302808155393056,0.0017682564155262585
OKICLAIMS,1125,0.055497530921320336,0.12042880424628694
OMBACBW027SBOG,890,3.466300738543416,0.004198717065143807
OVXCLS,4838,1.5061144798776325,0.029035391510000695
PAICLAIMS,1125,0.14246160727454754,0.09943639333214153
RESBALNSW,818,2.2924194763482406,0.015603272317798681
RESPPALGUOXCH1NWW,1125,-11.333006259407696,6924.84193665985
RESPPANWW,1125,3.99364573354487,0.0028714752718032345
RESPPMLLDONWW,1125,0.08777179624007883,0.21704105908374227
RESPPNTEPPNWW,1125,4.59100691012642,0.0014061648693562397
RIFSPPFAAD30NB,4058,0.8172700435998284,0.08698999533273992
RIFSPPFAAD60NB,3766,1.2503568522778463,0.06938305701738172
RIFSPPFAAD90NB,4722,1.1172590864332559,0.06512387226637294
RIFSPPNA2P2D07NB,5383,1.4175295801569692,0.038388939712422916
RIFSPPNA2P2D30NB,5370,0.996359324661345,0.04365800898112109
RIFSPPNA2P2D90NB,3350,1.2924326548420917,0.05902333746266987
RIMLPBAARNB,2948,3.2482746920745784,0.005382489799670262
RREP15,1125,0.8937714280263738,0.0563225957579206
RREPT,701,0.6911415642646087,0.06794201491124258
RRPONTSYD,3282,-4.482474138184784,15.876265490275495
RRPONTSYSAD,3287,-4.5023757762833405,15.98577898386251
RRPONTTLD,3284,-4.483675614643927,15.866120064792733
RRPTSYD,3306,-4.486153073589406,15.948915740562043
RRPTTLD,3311,-4.4894160906109475,15.928561033925927
RVXCLS,5425,1.4243798956511688,0.031497563399857924
SAVINGS,799,4.136239597258007,0.0021751952564147904
SBCACBW027SBOG,1124,4.3019325610245644,0.0017810041569578572
SOFR180DAYAVG,1954,4.808245371263973,0.0031890219745107405
SOFRINDEX,2081,9.159188334506377,4.489818309458475e-05
SOFRVOL,2079,1.8784021379310194,0.020891155603292175
SP500,2513,3.185809949514394,0.0059478217423550965
STLFSI,792,1.3106291525557827,0.036274423374833366
STLFSI2,887,0.0017756409075034383,0.13134777699755165
STLFSI3,929,-0.2931770610885381,0.16614279466906007
STLFSI4,1124,0.08687710596490197,0.12498260114537968
T10Y3M,5398,1.4163521732860993,0.03379067720655211
T10YFF,5397,1.254108320302114,0.040442003664651324
T10YIE,5398,2.769431893468431,0.011453984071264548
T5YFF,5397,1.2797069852679337,0.04038735056910205
T5YIFR,5398,2.6017947733692424,0.011054723918970217
TASACBW027SBOG,1124,4.071056320383279,0.0022226599905131985
TGCRVOLUME,2080,2.614234607587242,0.009817139707134652
THREEFF1,5393,1.9138614846933044,0.021668580805310485
THREEFF10,5393,3.1821134532328386,0.005885546067680703
THREEFF2,5393,2.22812347957858,0.016827980178997195
THREEFF3,5393,2.404999384454518,0.013659545227506151
THREEFF5,5393,2.7033257224483376,0.009853010355269556
THREEFF7,5393,2.930391829711028,0.007693628694258091
THREEFFTP1,5393,2.8626779409219587,0.008162360360017346
THREEFFTP10,5393,2.1971269341409236,0.015571910363804026
THREEFFTP5,5393,2.353839117406382,0.01334181088224391
THREEFY1,5393,2.3870340558264873,0.014095525278139117
THREEFY10,5393,2.7892486715301956,0.008851917648751956
THREEFY2,5393,2.21629494617644,0.01990293005036535
THREEFY3,5393,2.303367761414914,0.016202315665099474
THREEFY4,5393,2.3886847015040584,0.014209464828442573
THREEFY5,5393,2.4691482225948995,0.01280181717445285
THREEFY6,5393,2.5440522639844225,0.01169437443991362
THREEFY7,5393,2.612721601787196,0.010791119827432952
THREEFY8,5393,2.6761981424269505,0.010036866072405809
THREEFY9,5393,2.734830398888133,0.009398824832126675
THREEFYTP1,5393,3.4116577501525573,0.004706072208994917
THREEFYTP10,5393,2.4282572146043075,0.012375203163734668
THREEFYTP2,5393,2.967919548372032,0.007341581592393449
THREEFYTP3,5393,2.7769407292198625,0.00887458054486087
THREEFYTP5,5393,2.6055818567243456,0.010474756111771769
TLAACBW027NBOG,1124,3.958428254538066,0.002561946286712029
TLAACBW027SBOG,1124,4.2808586439056535,0.0018448890490379288
TLALCBW027SBOG,1124,4.136011252228211,0.002115297078776197
TLBACBW027NBOG,1124,3.839932741886749,0.002887099910100792
TLBACBW027SBOG,1124,4.182301446572409,0.0020163959703245428
TMBACBW027NBOG,890,3.8808814349060654,0.002798767824962332
TMBACBW027SBOG,890,4.124010882111132,0.0021410172367496007
TNMACBW027SBOG,890,3.5070590306255536,0.004075733382588787
TOTBKCR,1124,5.028197484879945,0.000851979802292797
TOTBKCRNSA,1124,4.626106884602107,0.0012905264013875991
TOTCI,1124,4.231468438525202,0.002049037798497386
TOTCINSA,1124,3.730981858590781,0.0028300901216758954
TOTLL,1124,4.977200393911676,0.0008979870981789577
TOTLLNSA,1124,4.478591041681482,0.001473721589188439
TOTRA,692,3.998303554192777,0.0025820703907028105
TREAS10Y,1125,4.077087789945019,0.003174236279913423
TREAS1590,1125,-0.3602380042706251,0.19905123240974051
TREAS1T5,1125,3.1407439456389628,0.006057627890695634
TREAS5T10,1125,2.7987129515272615,0.00852434868632545
TREAST,1125,4.60022011580645,0.0022434876746678075
TXICLAIMS,1125,0.10962050119409285,0.1101910132495568
USEPUINDXD,7883,-0.8082999989113644,0.29862032406471184
VAICLAIMS,1125,0.02641890163216111,0.13317967383368556
VIXCLS,5459,1.1641271300327634,0.04022030985376547
VXAPLCLS,4066,1.291616738262047,0.03495347175483273
VXAZNCLS,4066,1.2435664702337057,0.034514416554477595
VXDCLS,5430,1.1324855573657364,0.041493873823770414
VXEEMCLS,3866,1.1984297728342514,0.038957391282931554
VXEWZCLS,3866,1.5810424996555357,0.02680750356153538
VXFXICLS,2747,1.4761987901567928,0.030694328866123808
VXGOGCLS,4066,1.187258396659737,0.037241469809567634
VXGSCLS,4066,1.394090383165434,0.032956435142147036
VXIBMCLS,4066,1.2229023583414242,0.03624267569467506
VXNCLS,5429,1.3448474998184827,0.034140204278390304
VXOCLS,4210,1.0231320475626715,0.04653449276547454
VXSLVCLS,2747,1.5973314921912458,0.026604706099668016
VXTYN,3865,1.6109227731056583,0.02622537432312971
VXVCLS,4692,1.6184577505676292,0.0250568615834266
VXXLECLS,2747,1.4522557840609713,0.030876075121134095
WAAA,1125,2.3953347083192984,0.01265407694550179
WACL,1125,3.3420040503549333,0.004609059553588602
WALCL,1125,3.993269103211505,0.0028726287297585313
WBAA,1125,2.6399032783305096,0.009904318928918228
WBUSAPPWNSAUS,1067,0.20944121101150914,0.11249383637173457
WCPF3M,1101,1.2562451260153147,0.05185771833938206
WCTCL,1125,4.099332937380888,0.002889240375968596
WDDNS,1122,1.3648769559008076,0.039524646244891326
WDFOA,1125,1.9331376070400685,0.06860784098749827
WDFUELUSGULF,1049,1.7792963287800678,0.02343447808085976
WDTGAL,1125,-0.04643551873172046,0.17018402255572374
WFII10,1124,1.0782459570734526,0.04531281913537594
WFII20,1124,1.1279935301763955,0.04308850363166642
WFII30,856,1.2295834407343122,0.03930706084421616
WFII5,1124,0.911734155969339,0.05187332199288315
WGS10YR,1124,1.83899648265377,0.02222245829040535
WGS1YR,1124,1.4736780696839764,0.03830445776672785
WGS20YR,1124,2.0595047117397525,0.01768546047734009
WGS2YR,1124,1.4216989440743788,0.03613666278036145
WGS30YR,1124,2.153139399153048,0.016098463347460568
WGS3YR,1124,1.3992410012268028,0.03581669542806338
WGS5YR,1124,1.5286840758158204,0.030413957672334145
WGS7YR,1124,1.687986797208233,0.025935983906813096
WIMFSL,839,3.4303344137097023,0.004374713046666323
WJFUELUSGULF,1124,1.7330607890829495,0.024449657088345646
WLAD,1125,-9.367206303847272,1046.2009401753746
WLCFLL,1125,-8.265621914011676,1886.521693050646
WLCFLPCL,1125,-8.892181541113299,885.3748906039231
WLDLCL,1125,2.6296807591042883,0.010113959911269852
WLEMUINDXD,7883,-1.4207445865262436,0.5597050368667921
WLFN,1125,4.728481193359186,0.0011981439536971807
WLODL,1125,0.08651503256439673,0.21699140162157135
WLODLL,1125,2.0185944946459444,0.017634644146472894
WLRRAA,1125,1.0398820037060121,0.04796863098862048
WLRRAFOIAL,1125,1.6038081066187382,0.026878256403476436
WLRRAL,1125,0.9047044909808818,0.05495066579307991
WLTIIT,1124,1.1729630112786187,0.041226690740835424
WLTLECL,1125,3.9832825760840094,0.002904609629027129
WM1NS,1122,1.8521207948313478,0.019418961246606487
WM2NS,1122,3.8830379238543644,0.0028024571374371935
WOFDRBORBA,1125,0.3107316294507825,0.10162434410578255
WOFDRBORBL,1125,0.20667119291280062,0.12161957811923287
WOFSRBRBC,1125,3.960906913037654,0.0029425605003167207
WPC,1125,-7.253608025314944,619.4648303773406
WPROPANEMBTX,1124,1.5220417448783263,0.029272226676667942
WRBWFRBL,1125,1.9981997958837148,0.017733517445839
WREPOFOR,1125,1.8315906258421262,0.02129701289996028
WRESBAL,1125,2.2046185640179172,0.014674138958872509
WRESCRT,1125,4.128197023052611,0.0025548155584595605
WRMFNS,1122,3.8938585111447113,0.0026594465624040086
WRMFSL,839,4.026804373240485,0.002338306455099933
WRMORTG,613,2.5941226125690124,0.010022432229691375
WSDEALL,1125,-9.73126657457987,2270.1093531891047
WSDONTL,1125,-9.686701294692515,2086.776833736224
WSECOUT,1125,4.197403433962691,0.002354211266890038
WSHOICL,1125,3.231440201276384,0.005087113084974639
WSHOSHO,1125,4.013248544728462,0.0027005405699109205
WSHOTSA,1125,4.8148036757120405,0.001921391957107195
WSHOTSL,1125,4.655263859302965,0.0021925834519032177
WSLB20,613,2.367903584932361,0.012625655895779637
WSMTMNS,1122,5.047790306256588,0.0009499459699375249
WTB1YR,946,1.5441872612512497,0.03786586588246088
WTFORBAFL,1125,2.1227356598686185,0.016369616302701822
WTFSRFA,1125,4.145095816295778,0.0025023541001260633
WTFSRFL,1125,3.9800444360615033,0.002875568212105852
WTREGEN,1125,0.11048018253191196,0.12906740717185786
