series,ll_laplace,ll_prophet_raw,ll_prophet_sandwich,n,stratum
AB2140AAVOL,-4.317456324550203,-4.479431880029574,-4.323002839584232,3000,rho<-0.2|cts
AB2140AAAMT,-7.642016111015795,-7.848917136823651,-7.653192580273085,3000,rho<-0.2|cts
AB14AAVOL,-5.086090051458966,-5.253820778874736,-5.0701330008047085,3000,rho<-0.2|cts
AB14AAAMT,-8.54884601375514,-8.667408990162784,-8.51297745574453,3000,rho<-0.2|cts
AB1020AAVOL,-3.794830355913449,-3.9958731224029105,-3.7706452491402955,3000,rho<-0.2|cts
AAA10Y,2.656072492259827,2.0563204865967206,2.636725829015194,3000,rho~0|cts
AB1020AAAMT,-7.277256649554464,-7.477991147721502,-7.25978139659683,3000,rho<-0.2|cts
AAAFF,1.7668736923416415,1.2918627510895062,1.7478254644285192,3000,rho~0|cts
AB4180AAVOL,-3.8987253143405307,-4.070205754722899,-3.9157534001718974,3000,rho<-0.2|cts
ABGT80AAVOL,-4.718439072263279,-4.836989044665393,-4.720741926752785,3000,rho<-0.2|cts
AB4180AAAMT,-7.385639088027079,-7.592523147775141,-7.404404688266863,3000,rho<-0.2|cts
AB59AAVOL,-5.222055013467216,-5.339314311002985,-5.100256656477929,3000,rho<-0.2|cts
ABGT80AAAMT,-7.942534819315703,-8.101851513610436,-7.944299847072443,3000,rho<-0.2|cts
AB59AAAMT,-8.799753314561755,-8.899968687095718,-8.667469994590983,3000,rho<-0.2|cts
ABSSD678FRBCLE,3.7978898382037225,1.706880559589363,3.777329693265777,2958,rho>0.2|cts
AUSRECD,16.309625869004613,4.862987968465937,13.541656618301163,3000,rho~0|repeat
BAAFF,1.8253993771443089,1.3397893978988762,1.8066649445945484,3000,rho0.05..0.2|cts
BAA10Y,3.489343952509806,2.7965317616943013,3.461085604178277,3000,rho~0|cts
AUSRECDM,16.23857513055362,4.862334211331884,14.277210392505545,3000,rho~0|repeat
AUSRECDP,16.456551953392122,4.866741959348815,13.604905859776323,3000,rho~0|repeat
AUTRECD,16.137311110477718,4.047067777477543,14.25407227725875,3000,rho~0|repeat
AUTRECDP,16.276501268482022,3.24478208811914,14.198956532258883,3000,rho~0|repeat
AUTRECDM,16.131384714391405,3.2348818628696865,14.428911098936124,3000,rho~0|repeat
BBSD678FRBCLE,6.343627991592069,3.2116476695940706,6.338335687908666,2958,rho>0.2|mixed
BRARECD,16.375109919177095,5.718480887996277,14.723303612139985,3000,rho~0|repeat
BRARECDP,16.382094162616806,4.889365107251645,15.117154210108932,3000,rho~0|repeat
BRARECDM,16.338001808116502,4.883421176971149,14.943849269247739,3000,rho~0|repeat
BELRECD,16.71806331499593,3.1128594886505887,15.17104957146318,3000,rho~0|repeat
BELRECDM,16.741992758036297,3.1168827743533334,15.127253560394678,3000,rho~0|repeat
CANRECD,17.091445643258652,2.361073637291895,15.846653198319823,3000,rho~0|repeat
BELRECDP,16.842086706881954,3.122832941325955,15.57687142143576,3000,rho~0|repeat
CANRECDM,16.943008500001262,2.361742549702538,15.875477908477755,3000,rho~0|repeat
CFSI,3.5147601798105543,1.5224151131378387,3.4901379555796934,3000,rho>0.2|mixed
CBSD678FRBCLE,4.299544092638948,2.2957322403136255,4.277683331911814,2958,rho>0.2|mixed
CHERECD,15.97828182380773,2.361215532085599,13.28478137672746,3000,rho~0|repeat
CANRECDP,17.044017650224273,3.155243144452691,16.417189627514663,3000,rho~0|repeat
CHLRECD,16.132246925104496,4.833026155019708,14.284424983928364,3000,rho~0|repeat
CHERECDM,16.506438513787746,2.3628268086288173,14.275509852567746,3000,rho~0|repeat
CHERECDP,16.44760046825791,2.3628730037855874,14.464057676039081,3000,rho~0|repeat
CHLRECDM,16.176664922467147,4.837375611035048,14.66383115694995,3000,rho~0|repeat
CHNRECD,17.793440358738795,9.076421670446852,16.882985835057728,3000,rho~0|repeat
CHNRECDM,17.953760761730184,9.076523261432065,16.96040325743013,3000,rho~0|repeat
CHNRECDP,17.806827987190307,9.076238175865193,16.74325662955462,3000,rho~0|repeat
CHLRECDP,16.136636656228312,4.837229149810252,14.688824755907548,3000,rho~0|repeat
CISD678FRBCLE,3.543771415332116,1.650888766617271,3.5055559978190804,2958,rho>0.2|mixed
CMBSSD678FRBCLE,6.58398473542139,1.823412472859496,6.560478231428757,2958,rho0.05..0.2|repeat
CMRKTSD678FRBCLE,3.8889439784949844,3.1066223813432554,3.8663880054847217,2958,rho>0.2|cts
CPFF,2.0841140674435312,1.0035800870061609,2.068632394750011,3000,rho<-0.2|mixed
CPTBSD678FRBCLE,2.4465790944768107,0.7640832098903969,2.426046995334353,2958,rho>0.2|cts
DCD1M,4.714907213853517,0.37029697474525086,4.694752571529128,2126,rho-0.2..-0.05|repeat
DCD6M,3.750541619732506,0.8225603117336555,3.7259594711283315,2126,rho<-0.2|mixed
CZERECD,16.491769769193315,3.110904334459806,14.871462173404332,3000,rho~0|repeat
CZERECDM,16.57154250059135,3.1166431037875606,14.913305236760104,3000,rho~0|repeat
DAAA,3.0628355059695074,2.7451644255082632,3.0427501112342528,3000,rho~0|cts
DBAA,3.320732614900542,3.0965834659853715,3.298831434443331,3000,rho~0|cts
CZERECDP,16.653825255632388,3.1186229158261076,15.308424900468792,3000,rho~0|repeat
DCD90,4.37523832000939,0.7939127301725056,4.356638921287476,2126,rho-0.2..-0.05|repeat
DCPF1M,1.3529341981505363,-0.09564185956725378,1.3304201989718083,3000,rho<-0.2|cts
DCPF2M,1.4247841954856204,0.28755171626714493,1.405171554974874,3000,rho<-0.2|cts
DCPF3M,1.81749941385787,0.4754783935033095,1.8044550957279466,3000,rho<-0.2|cts
DCPN2M,2.36081545697803,0.39330972782347123,2.3369608145162526,3000,rho<-0.2|mixed
DCPN30,2.653725470328722,0.219925202461843,2.6294870799373604,3000,rho<-0.2|mixed
DCPN3M,2.110219882407997,0.5252908025570899,2.0834827133449596,3000,rho<-0.2|mixed
DDFUELLA,2.313829844431614,2.1359974113473714,2.2850652135268663,3000,rho~0|cts
DDFUELNYH,2.408151271446405,2.1874325438404756,2.381253232898061,3000,rho~0|cts
DDFUELUSGULF,2.377166975495298,2.1727413963273103,2.3494814375974777,3000,rho0.05..0.2|cts
DED1,8.077802444811466,1.9776702985806929,8.304047008604213,2986,rho0.05..0.2|repeat
DED3,8.0266523802314,2.2745443051347944,8.215466624973324,2987,rho~0|repeat
DED6,7.855625543469701,2.423034383748971,7.998658554834037,2986,rho~0|repeat
DEURECDM,16.33409639769161,2.460095489756693,15.473891435454716,3000,rho~0|repeat
DEURECD,16.363799979124696,2.462975201371769,15.135163019137629,3000,rho~0|repeat
DEURECDP,16.49503155512524,2.4861311373183432,15.522984615003326,3000,rho~0|repeat
DFEDTARL,13.162248245846364,2.141080640056102,13.358310801277536,3000,rho~0|repeat
DFF,9.079630235045833,1.962078945155086,9.375136866577721,3000,rho~0|repeat
DFEDTARU,13.938361210928267,2.5437875490352724,14.147628458880188,3000,rho~0|repeat
DFII10,2.342892611255461,1.5764530169156705,2.3296352247809526,3000,rho~0|cts
DFII20,2.3124082374305863,1.644368486272258,2.295458163777403,3000,rho~0|cts
DFII30,2.4500687130535037,1.689033458266229,2.4296195404170815,3000,rho-0.2..-0.05|cts
DFII5,2.080160557164009,1.3923512197090586,2.0603841123963846,3000,rho~0|cts
DFII7,2.1723457777403783,1.489360124901336,2.157140824793564,3000,rho~0|cts
DGS1,3.205060168707785,1.4144140229579323,3.186801379113526,3000,rho~0|cts
DGS10,2.5741864102877097,2.105383214948612,2.549108684356595,3000,rho~0|cts
DGS1MO,4.1245414153100395,1.5663016045399,4.128163376824882,3000,rho~0|mixed
DGS2,2.74228315728989,1.5096067858419473,2.7202003688728027,3000,rho~0|cts
DGS20,2.7338794390140535,2.3718321780412626,2.712890596977425,3000,rho~0|cts
DGS3,2.4698297426728906,1.6966407973169098,2.4446354975573215,3000,rho~0|cts
DGS30,2.8040915733479976,2.4374849483667353,2.7801908194143916,3000,rho~0|cts
DGS3MO,4.6131248833388945,1.9343809987860447,4.629499479534308,3000,rho-0.2..-0.05|mixed
DGS5,2.4353344956000935,1.8576288369070517,2.4105512285978783,3000,rho~0|cts
DGS6MO,3.670073448491629,1.2170659386855374,3.681138577666608,3000,rho-0.2..-0.05|mixed
DGS7,2.458923074762056,2.0279847546362397,2.4314207111833728,3000,rho~0|cts
DJFUELUSGULF,2.262516138856665,2.047710003967021,2.236654889306109,3000,rho0.05..0.2|cts
DNKRECD,17.24640425823942,8.213892019546245,14.55395136696354,3000,rho~0|repeat
DNKRECDM,17.129370101693834,8.215281968152746,15.018248603001316,3000,rho~0|repeat
DLTIIT,2.420942418016084,1.6864171379921917,2.3997195042056334,3000,rho-0.2..-0.05|cts
DNKRECDP,17.254819548348944,8.214958150773553,15.931236113914355,3000,rho~0|repeat
DPRIME,14.132389064616131,3.697702270025382,13.487199371164898,3000,rho~0|repeat
DSWP1,3.126298145008314,1.5959916861564267,3.1117397456242464,2958,rho-0.2..-0.05|mixed
DPROPANEMBTX,2.3435776793113643,2.0380988551340584,2.3290017707651396,3000,rho>0.2|cts
DSWP10,2.5472361658195637,2.1999899232480424,2.526940895872473,2958,rho~0|cts
DSWP2,2.447926936109475,1.5497465188480712,2.428191574545558,2958,rho~0|mixed
DSWP3,2.3053426943911575,1.6337803390915564,2.285861176681583,2958,rho~0|cts
DSWP30,2.7831638137760053,2.3941334572669977,2.7604270771646187,2958,rho~0|cts
DSWP4,2.2702607449383203,1.7434379548307586,2.251069899386334,2955,rho~0|cts
DTP10J11,1.0663238927061895,0.26764886767908586,1.0367270255852228,1511,rho>0.2|cts
DSWP5,2.309620024334305,1.8665036868684735,2.2932093739349506,2958,rho~0|cts
DTP10J12,1.3041513082867096,0.4541914801952953,1.2813486852808273,1760,rho0.05..0.2|cts
DSWP7,2.4120267555102246,2.037345644699601,2.3906815521567397,2958,rho~0|cts
DTB1YR,3.301554381671946,1.4096858085113986,3.2894700912995374,3000,rho~0|cts
DTB3,4.711224225774127,1.9645626258786952,4.744023544649355,3000,rho-0.2..-0.05|mixed
DTB4WK,4.153414936412037,1.5291741245942978,4.170777819989302,3000,rho~0|mixed
DTB6,3.7359185358197617,1.2199834456381342,3.74690408094945,3000,rho-0.2..-0.05|cts
DTP10J14,1.5991980178090976,0.8862517169741312,1.5791266876601222,2262,rho>0.2|mixed
DTP10J15,1.7339034321455313,0.7619981464900639,1.715782298462885,2501,rho>0.2|mixed
DTP10J16,1.7225542750212102,0.7431712506021694,1.7032131258219718,2503,rho0.05..0.2|mixed
DTP10J17,1.8947506583363087,1.092163397197387,1.8762240458230002,2503,rho0.05..0.2|cts
DTP10J18,1.554370931745601,1.1776319773285462,1.5303101238858865,2502,rho~0|cts
DTP10J20,1.621144436297422,1.1725440116021033,1.5978587098982227,2500,rho~0|cts
DTP10J19,1.5774906378311941,1.2261077610465059,1.5495930548112595,2505,rho~0|cts
DTP10J21,1.526180390530421,0.8052618712954603,1.4987692774207717,2488,rho<-0.2|cts
DTP10J22,1.5397419104837418,0.9962394752582879,1.5321525759232704,2495,rho-0.2..-0.05|cts
DTP10J23,1.490580567861658,0.7167924942141229,1.4643789998317536,2486,rho~0|cts
DTP10J24,1.4865725347483192,0.9795666476034555,1.4593030105669125,2483,rho0.05..0.2|cts
DTP10J29,1.4307617305806868,1.260272831256501,1.4104005211951216,1850,rho~0|cts
DTP10J28,1.4385719678331177,1.1522843701165717,1.4048474364142458,2098,rho~0|cts
DTP10J30,1.383441717458731,1.2678625170519293,1.3539131476885478,1581,rho~0|cts
DTP10J25,1.5145756877695555,1.159986834521875,1.489355173003742,2458,rho~0|cts
DTP10J26,1.4612810336280728,1.1335408250588672,1.4323598186634685,2461,rho~0|cts
DTP10J27,1.4529046520753928,1.1543186272319448,1.4279845020355373,2348,rho~0|cts
DTP10L12,1.3443462102042525,0.5903841460819788,1.3245248193346468,1887,rho0.05..0.2|cts
DTP10L13,1.4486908259657618,0.7272489771903148,1.4264960426136541,2135,rho0.05..0.2|cts
DTP10L14,1.6769563669094296,0.9767664764683176,1.6512479420475819,2385,rho>0.2|cts
DTP10L15,1.7362002809057935,0.6834733564615808,1.7189353508635457,2498,rho0.05..0.2|mixed
DTP10L18,1.5646080121454449,1.1081965424391405,1.5460990081496058,2495,rho~0|cts
DTP10L16,1.8317648361558871,0.88476097830004,1.8078682416345646,2505,rho0.05..0.2|mixed
DTP10L17,1.9831899559661599,1.1287999873183088,1.9658461525372921,2502,rho~0|mixed
DTP10L19,1.580178501387777,1.065497846200457,1.5622593319166036,2503,rho-0.2..-0.05|cts
DTP10L20,1.5469521036521927,0.7872670339992016,1.5270622314641111,2502,rho-0.2..-0.05|cts
DTP10L21,1.519315010010941,0.7345153728777962,1.4903709093169457,2492,rho<-0.2|cts
DTP10L22,1.5186048910943029,0.82318004217035,1.4948655194701364,2491,rho~0|cts
DTP10L23,1.4874298628122442,0.7689163588468132,1.4678394896886364,2489,rho0.05..0.2|cts
DTP10L24,1.5282368807757545,1.1550744506781252,1.5111553657524188,2486,rho~0|cts
DTP10L27,1.4582891034834322,1.125804378484878,1.4370782601771226,2222,rho~0|cts
DTP10L26,1.4167118522544,1.034467157349539,1.3920393558768167,2465,rho~0|cts
DTP10L25,1.5023832926599772,1.185869455231049,1.4751863659858093,2481,rho~0|cts
DTP10L28,1.462968254736191,1.2416292294973859,1.4372575953813855,1973,rho~0|cts
DTP10L29,1.4068581996247729,1.289389385305131,1.3859784352459545,1720,rho~0|cts
DTP20J25,2.1001804222306326,1.3046917114877379,2.087671999491545,3000,rho~0|cts
DTP20J26,1.5672273140840827,1.2985932803040248,1.5413171016595253,3000,rho~0|cts
DTP20J27,1.6171557354527772,1.394067192994823,1.5951190013407381,3000,rho~0|cts
DTP20J29,1.6858174227259122,1.520615015938679,1.6550527573526135,3000,rho~0|cts
DTP20J28,1.6558126720389543,1.4664205429850816,1.6292737631507348,3000,rho~0|cts
DTP30A28,2.2756824800071755,1.4766021077709122,2.263277452343009,3000,rho~0|cts
DTP30A29,2.2822291403571886,1.4983920636074022,2.2696342249381405,3000,rho-0.2..-0.05|cts
DTP30F40,1.7897825254766555,1.6920250933585124,1.7646757737826189,3000,rho~0|cts
DTP30F47,1.636810544853748,1.5021709165173527,1.61825454298669,2078,rho~0|cts
DTP30F48,1.6409628474716456,1.5024342956675234,1.621802941895504,2076,rho~0|cts
DTP30F41,1.7862916124243398,1.6836422769426325,1.7664553473005482,3000,rho~0|cts
DTP30F46,1.7446251941998339,1.6376892604909483,1.72189147270456,2569,rho~0|cts
DTP30F42,1.781392662545656,1.6839068068322534,1.760097838478372,3000,rho~0|cts
DTP30F45,1.783090941462219,1.679696340861731,1.7609787387146318,2819,rho~0|cts
DTP30F43,1.7882820476013495,1.6894354916958665,1.7695218694574577,3000,rho~0|cts
DTP30F44,1.7996384110626,1.7033149433627655,1.782239021558444,3000,rho~0|cts
DTP30F50,1.6125663402537709,1.5678126040773466,1.5983716255755847,1578,rho~0|cts
DTP30F49,1.6529449142210981,1.591542872837442,1.6358933810895406,1777,rho~0|cts
EFFR1,6.594346560676909,0.7017896422671067,6.649886158635916,2586,rho<-0.2|repeat
EFFR25,7.561040924820833,1.401618950588939,7.5727797779302355,2586,rho~0|repeat
EFFR75,7.4368436567131395,1.5770612012067933,7.423338360663203,2586,rho~0|repeat
EFFR99,5.499758011199331,1.1745651070506575,5.474069719945357,2586,rho~0|repeat
DTP3HA32,2.364976099406073,1.5725719095243542,2.350974615227289,3000,rho~0|cts
EFFR,7.710604598657847,1.3360787759373194,7.857097010949232,3000,rho~0|repeat
EFFRH,3.9636013974662916,0.40899723796819226,3.9596381554036086,2800,rho<-0.2|repeat
EFFRL,4.032582199148124,0.32586248193488676,4.019151506297738,2800,rho<-0.2|mixed
EFFRVOL,1.2969023689711205,1.029727506060011,1.2862422338099295,2586,rho<-0.2|cts
EFFRSD,2.4032669730105645,-0.3147620646536968,2.409128292948228,2800,rho<-0.2|repeat
ESPRECD,16.85277559243267,5.836491316725958,16.03090535554306,3000,rho~0|repeat
ESPRECDM,16.88839869346614,5.835451834058396,15.663325560147006,3000,rho~0|repeat
ESPRECDP,16.855230020797542,5.838187089604119,15.716674637453298,3000,rho~0|repeat
ESTRECD,15.356570757549791,4.0421168576611795,14.170957101356008,3000,rho~0|repeat
ESTRECDM,15.404747692474045,4.036500599968653,14.47716231814968,3000,rho~0|repeat
ESTRECDP,15.366877407968056,4.031419815929614,14.172209510587018,3000,rho~0|repeat
FIN1020AAAMT,-5.099970283137345,-6.560780196905625,-5.113009508137475,3000,rho<-0.2|repeat
FEMRKTSD678FRBCLE,2.9282785837064123,1.1051882551881618,2.9011837992623613,2958,rho>0.2|cts
FIN1020AAVOL,-1.1631615348654971,-3.1013522250093315,-1.1810993528823555,3000,rho<-0.2|repeat
FIN14AAAMT,-8.653019697489981,-8.97655129200351,-8.652194424510151,3000,rho<-0.2|cts
FIN14AAVOL,-5.126201894179249,-5.436603834616716,-5.130090160286274,3000,rho<-0.2|cts
FIN2140AAAMT,-5.421548920828281,-6.900012953369974,-5.439519404731953,3000,rho<-0.2|mixed
FIN2140AAVOL,-1.7244320616354534,-3.5434118770570078,-1.7384219541394346,3000,rho<-0.2|mixed
FIN4180AAAMT,-4.104156601914532,-6.7053469122416525,-4.103798404828449,3000,rho<-0.2|repeat
FIN4180AAVOL,-0.4870188385494644,-3.3534901762845535,-0.4788984711741792,3000,rho<-0.2|repeat
FIN59AAAMT,-7.087664435198948,-7.9136730523048096,-7.0830440500365786,3000,rho<-0.2|cts
FIN59AAVOL,-3.399587708303218,-4.3110749890977145,-3.38192015861731,3000,rho<-0.2|mixed
FINGT80AAAMT,-6.150374312643552,-6.999205196667891,-6.152285426460928,3000,rho<-0.2|mixed
FINBETAD678FRBCLE,6.024884299729438,1.2806193774461112,6.022480903267536,2958,rho0.05..0.2|repeat
FINGT80AAVOL,-3.1100967145644476,-4.037548236371085,-3.1191439790032476,3000,rho<-0.2|mixed
FINRECD,16.53032008893534,2.478491657350559,15.598703004831538,3000,rho~0|repeat
FINRECDM,16.504361557901404,2.482611125560597,15.014561288882708,3000,rho~0|repeat
FINRECDP,16.617012103222518,2.4831031330309115,15.259165775045686,3000,rho~0|repeat
FRARECD,15.931624994795193,4.086108094345926,15.138925289551512,3000,rho~0|repeat
GBRRECD,18.07898954649087,8.230745862434018,17.062724147781722,3000,rho~0|repeat
GBRRECDM,17.972777056867162,8.236179203586255,16.601310400508083,3000,rho~0|repeat
FRARECDM,15.941091043804528,4.085702836185887,15.046149233390123,3000,rho~0|repeat
FRARECDP,15.93658953747991,4.0874217487007725,14.895009902808617,3000,rho~0|repeat
GBRRECDP,18.081440735796388,8.235596995165801,16.813189847918427,3000,rho~0|repeat
GRCRECD,16.392062227963034,2.3286814379372367,14.358901648333665,3000,rho~0|repeat
GRCRECDP,16.511233600577473,2.3298830633904895,14.870286299804938,3000,rho~0|repeat
GRCRECDM,16.271602828928184,2.3326011939827707,13.743305514045188,3000,rho~0|repeat
IBCOBD678FRBCLE,5.383230480427918,1.729189600232272,5.346667708261598,2958,rho0.05..0.2|repeat
HUNRECD,16.701143278020947,3.14784590799816,15.133985565009501,3000,rho~0|repeat
HUNRECDM,16.70627549010248,3.1466089764621827,15.016772989030406,3000,rho~0|repeat
HUNRECDP,16.81013045056863,3.146548805322388,14.829310756351926,3000,rho~0|repeat
IBLSD678FRBCLE,5.017442339926982,2.2379036807248296,4.997873558665841,2958,rho>0.2|mixed
IBMRKTSD678FRBCLE,4.887027814304751,3.1707197110425214,4.867293798531041,2958,rho>0.2|mixed
IHLIDX10420,5.381734367364824,4.717328760070538,5.358507360043133,1840,rho>0.2|cts
IHLIDX10580,5.0750218164392615,4.3166736582421255,5.065527400961336,1840,rho>0.2|cts
IHLIDX10740,5.350250159884023,4.576297682485644,5.332028299888323,1840,rho>0.2|cts
IHLIDX10900,5.224993932124042,4.5251307390128215,5.20202656452072,1840,rho>0.2|cts
IDNRECD,16.31950129920044,5.703793574707953,15.351089322040428,3000,rho~0|repeat
IDNRECDM,16.292310762120376,4.8746739676244015,15.36224122773087,3000,rho~0|repeat
IDNRECDP,16.335146957177102,4.8740289377864245,14.819747559997424,3000,rho~0|repeat
IHLIDX12060,5.440234383511933,4.85978199363401,5.421618567790624,1840,rho>0.2|cts
IHLIDX12260,5.01585830084041,4.668646127019848,5.002518678925968,1840,rho>0.2|cts
IHLIDX12420,5.366918279437996,4.765088189293505,5.352888669873071,1840,rho>0.2|cts
IHLIDX12540,5.161268006071769,4.583913746049862,5.133590448593008,1840,rho>0.2|cts
IHLIDX12580,5.540218097444417,4.869826201012954,5.530091818825334,1840,rho>0.2|cts
IHLIDX12940,4.983522296340947,4.512935804914446,4.962374873088227,1840,rho>0.2|cts
IHLIDX14260,5.3224196948677465,4.603581155120304,5.303783238194405,1840,rho>0.2|cts
IHLIDX13820,5.289233850514952,4.754627317632327,5.277047357190805,1840,rho>0.2|cts
IHLIDX14460,5.469430813641487,4.724968980245089,5.4461170898674505,1840,rho>0.2|cts
IHLIDX14860,5.473797437452809,4.552778859146191,5.452566810864245,1840,rho>0.2|cts
IHLIDX15380,4.94471631464105,4.247946560281518,4.923387053515029,1840,rho>0.2|cts
IHLIDX15980,5.395435143760279,4.582670193548905,5.38216572535875,1840,rho>0.2|cts
IHLIDX16700,5.379204139781381,4.6648263878776675,5.36330370424204,1840,rho>0.2|cts
IHLIDX16860,5.235053493606376,4.670361865605211,5.217483590767702,1840,rho>0.2|cts
IHLIDX17460,5.283251347725703,4.638585656140784,5.270666018020523,1840,rho>0.2|cts
IHLIDX16980,5.58283246134172,4.878284635857725,5.564127826743654,1840,rho>0.2|cts
IHLIDX17140,5.397749108849337,4.774270154028776,5.383461138970027,1840,rho>0.2|cts
IHLIDX17820,5.221966295925163,4.331606841789282,5.205583993136397,1840,rho>0.2|cts
IHLIDX17900,5.3366876691647835,4.711685407044698,5.3194250691793865,1840,rho>0.2|cts
IHLIDX18140,5.45114562898656,4.8313239775734935,5.433197981444801,1840,rho>0.2|cts
IHLIDX19100,5.5574583761907235,4.883538323789402,5.543882730994283,1840,rho>0.2|cts
IHLIDX19430,5.315591888607732,4.638722930929262,5.293103976756286,1840,rho>0.2|cts
IHLIDX19660,5.188605358973249,4.618470775074764,5.1703497971049535,1840,rho>0.2|cts
IHLIDX19740,5.367855778380877,4.730075879377106,5.345486204551386,1840,rho>0.2|cts
IHLIDX19780,5.185812618544991,4.639364907191628,5.170356402601508,1840,rho>0.2|cts
IHLIDX19820,5.61519214600237,4.932969348660356,5.595726085455658,1840,rho>0.2|cts
IHLIDX20500,5.221906811546094,4.470338445816134,5.206276552839975,1840,rho>0.2|cts
IHLIDX21340,4.972543407045868,4.507477422487697,4.9517410503668104,1840,rho>0.2|cts
IHLIDX22180,5.004912963322897,4.3208822287027004,4.994498855207523,1840,rho>0.2|cts
IHLIDX22220,4.9135969056579345,4.360501477378882,4.894048749926979,1840,rho>0.2|cts
IHLIDX23420,5.263892343449472,4.724588309631678,5.24005243781004,1840,rho>0.2|cts
IHLIDX24660,5.266468483603656,4.566338256560607,5.243538169106078,1840,rho>0.2|cts
IHLIDX24340,5.301138098361423,4.674888943193426,5.2835044601162044,1840,rho>0.2|cts
IHLIDX24860,5.3881125351333665,4.630251422181923,5.37580572007215,1840,rho>0.2|cts
IHLIDX25420,5.232972116754485,4.597363378251886,5.224093638518447,1840,rho>0.2|cts
IHLIDX25540,5.489193694630571,4.892540159666123,5.470705452877113,1840,rho>0.2|cts
IHLIDX26420,5.524233347079801,4.702900526211332,5.50474473401411,1840,rho>0.2|cts
IHLIDX26900,5.517356078021016,4.904410492529532,5.4999283949484274,1840,rho>0.2|cts
IHLIDX27140,4.600565514875948,4.1886498691920835,4.584514327957126,1840,rho>0.2|cts
IHLIDX27260,5.458512071433573,4.813053013917286,5.442580665689608,1840,rho>0.2|cts
IHLIDX28140,5.353193074901815,4.7691012788277956,5.34304704127905,1840,rho>0.2|cts
IHLIDX28940,5.0502124080294255,4.491958391806772,5.029897386041839,1840,rho>0.2|cts
IHLIDX29460,5.08216545944322,4.493781792723402,5.059283545870249,1840,rho>0.2|cts
IHLIDX29540,5.142367596834754,4.5075899648050415,5.1160169771231985,1840,rho>0.2|cts
IHLIDX29620,5.181622477756697,4.424434568163235,5.168436568367003,1840,rho>0.2|cts
IHLIDX30460,5.342700512622127,4.6925040150902175,5.326418940039314,1840,rho>0.2|cts
IHLIDX30780,5.0677282843199745,4.580926113533177,5.0437629625005584,1840,rho>0.2|cts
IHLIDX31080,5.623244422196466,4.924242946590471,5.609578294730873,1840,rho>0.2|cts
IHLIDX31140,5.308524268436337,4.834640189856727,5.299032788520109,1840,rho>0.2|cts
IHLIDX31540,5.243348625309387,4.5845727637209155,5.225791419314448,1840,rho>0.2|cts
IHLIDX32580,5.156725376734509,4.319527633602719,5.13416871993142,1840,rho>0.2|cts
IHLIDX32820,5.409487508711338,4.690224351353042,5.3906803008823765,1840,rho>0.2|cts
IHLIDX33100,5.525446749483629,4.7942254369429245,5.508146730393221,1840,rho>0.2|cts
IHLIDX33340,5.1144631275612715,4.44586816487742,5.097867736656089,1840,rho>0.2|cts
IHLIDX34980,5.486353747536091,4.7812917459206306,5.467175511701622,1840,rho>0.2|cts
IHLIDX33700,5.295013726111526,4.634415869002809,5.274323604055972,1840,rho>0.2|cts
IHLIDX33460,5.50008434803927,4.775662585346392,5.483542840640047,1840,rho>0.2|cts
IHLIDX35300,5.142397040956109,4.680797305249605,5.121776684101595,1840,rho>0.2|cts
IHLIDX35380,5.33156564523168,4.523386845595835,5.308614255713817,1840,rho>0.2|cts
IHLIDX35620,5.5452564846886325,4.676546916108067,5.533771724951959,1840,rho>0.2|cts
IHLIDX35840,4.976150522525056,4.486830043304549,4.943404844567971,1840,rho>0.2|cts
IHLIDX36260,5.003974580248051,4.420619239504226,4.991995588442413,1840,rho>0.2|cts
IHLIDX36540,5.20670083713099,4.656091298057518,5.182133324867379,1840,rho>0.2|cts
IHLIDX36420,5.122994162376116,4.724468099215134,5.096886429798173,1840,rho>0.2|cts
IHLIDX36740,5.514077823633553,4.760905679462934,5.496601315305381,1840,rho>0.2|cts
IHLIDX37100,5.214034564535975,4.630481971298277,5.188230419563075,1840,rho>0.2|cts
IHLIDX37340,5.2743232829362485,4.650787871882217,5.260103652978316,1840,rho>0.2|cts
IHLIDX37980,5.5032587015405126,4.925271526976879,5.49484757728068,1840,rho>0.2|cts
IHLIDX38060,5.33404369827145,4.094610071353925,5.317030938749583,1840,rho>0.2|cts
IHLIDX38300,5.519307279955863,4.626000340679456,5.498059151442921,1840,rho>0.2|cts
IHLIDX38900,5.455430001438374,4.7681565916780615,5.434439844795865,1840,rho>0.2|cts
IHLIDX38860,5.270918056069375,4.3718861960873125,5.255140992746187,1840,rho>0.2|cts
IHLIDX39100,5.172363174489162,4.240950822378197,5.155622579646534,1840,rho>0.2|cts
IHLIDX39300,5.46901675920226,4.732445267315404,5.453656821556093,1840,rho>0.2|cts
IHLIDX39340,5.278626140962529,4.62119051489844,5.255509940960921,1840,rho>0.2|cts
IHLIDX39580,5.578280218197021,4.827726416032837,5.565034004849579,1840,rho>0.2|cts
IHLIDX40060,5.367362350103437,4.785090822296455,5.35540678368623,1840,rho>0.2|cts
IHLIDX40140,5.488119411986658,4.7863765315712135,5.470095422403708,1840,rho>0.2|cts
IHLIDX40380,5.293458449383265,4.212749086146242,5.263907722301163,1840,rho>0.2|cts
IHLIDX40900,5.369766197857905,4.727439942053745,5.359577043781148,1840,rho>0.2|cts
IHLIDX41180,5.5101409958564,4.905406270594408,5.498000301024492,1840,rho>0.2|cts
IHLIDX41620,5.317362079767312,4.269206716252565,5.300581314887238,1840,rho>0.2|cts
IHLIDX41700,5.542100689777473,4.854065576556672,5.52897830103658,1840,rho>0.2|cts
IHLIDX41740,5.569948562399797,4.879623132061429,5.550089571011322,1840,rho>0.2|cts
IHLIDX41860,5.426738925242693,4.778389988194637,5.410156767685908,1840,rho>0.2|cts
IHLIDX41940,5.286498819556412,4.47843575465022,5.262447198297266,1840,rho>0.2|cts
IHLIDX42660,5.486570704813891,4.607958396594541,5.474412736863816,1840,rho>0.2|cts
IHLIDX42540,5.046004979797347,4.2538372990045,5.033876996869485,1840,rho>0.2|cts
IHLIDX44060,5.194758060233218,4.551614710489273,5.179050848098827,1840,rho>0.2|cts
IHLIDX44140,5.233117878443774,4.336222707610897,5.221756577414437,1840,rho>0.2|cts
IHLIDX45060,5.242429987081162,4.285650104822109,5.223549363226345,1840,rho>0.2|cts
IHLIDX45300,5.296524119420758,4.724071838339291,5.280290547973395,1840,rho>0.2|cts
IHLIDX45780,5.413890389052929,4.821065153133874,5.3930908588228075,1840,rho>0.2|cts
IHLIDX46060,5.275452058132327,4.691340955098562,5.25915784147604,1840,rho>0.2|cts
IHLIDX46520,5.040947126326615,4.500286534850751,5.021537051023604,1840,rho>0.2|cts
IHLIDX46140,5.218361701581713,4.622140922754379,5.200943102342005,1840,rho>0.2|cts
IHLIDX47260,5.2060288981074025,4.274461768741702,5.190482970022524,1840,rho>0.2|cts
IHLIDX47900,5.61793157845996,4.98537231942087,5.600393104794854,1840,rho>0.2|cts
IHLIDX48620,5.297695485136228,4.727255903540538,5.285879209133745,1840,rho>0.2|cts
IHLIDX49180,5.176859859629599,4.543418014222646,5.164667791962392,1840,rho>0.2|cts
IHLIDX49340,5.178124202738113,4.488558166480555,5.163349836270799,1840,rho>0.2|cts
IHLIDX49660,5.227194762140132,4.603657778727762,5.217257106387836,1840,rho>0.2|cts
IHLIDXAU,5.232286810240955,4.4676762981777385,5.2178630236888015,2323,rho>0.2|cts
IHLIDXAUTPACCO,4.704984410923913,3.833406624055282,4.686509140974767,2323,rho>0.2|cts
IHLIDXAUTPADMIASSI,4.880788630287032,4.078617308138305,4.859689764403924,2323,rho>0.2|cts
IHLIDXAUTPAGFO,4.2262143457829255,3.6521893201635556,4.208313489807294,2323,rho>0.2|cts
IHLIDXAUTPAREN,4.344193306469418,3.578525011557718,4.319629193749767,2323,rho>0.2|cts
IHLIDXAUTPARCH,4.16781214072671,3.410370248045628,4.1521337152877695,2323,rho>0.2|cts
IHLIDXAUTPBAFI,4.34415805385622,3.682784449637775,4.327772431961333,2323,rho>0.2|cts
IHLIDXAUTPBEWE,4.354147226304504,3.3337898430654054,4.339011315538291,2239,rho>0.2|cts
IHLIDXAUTPCIVIENGI,4.227361598182457,3.5956438719337216,4.210315057225538,2323,rho>0.2|cts
IHLIDXAUTPCHIL,4.217438369660717,3.352849063284724,4.201603847333697,2323,rho>0.2|cts
IHLIDXAUTPCLSA,4.503734805721437,3.7609995533135967,4.48212679247184,2323,rho>0.2|cts
IHLIDXAUTPCONS,4.796903744331091,3.960635657162935,4.776265048911793,2323,rho>0.2|cts
IHLIDXAUTPCOSOSE,4.552729299152924,3.861285064918121,4.5391458201729815,2323,rho>0.2|cts
IHLIDXAUTPCUSTSERV,4.565567883454312,3.8587851015385835,4.552098937847452,2323,rho>0.2|cts
IHLIDXAUTPEDIN,4.019882666992956,3.3209020337500608,3.9918369612758218,2057,rho>0.2|cts
IHLIDXAUTPDENT,4.268090813676139,3.531801472419052,4.256488616603507,2323,rho>0.2|cts
IHLIDXAUTPELECENGI,4.1564661161828305,3.589375763336467,4.139461202723926,2323,rho>0.2|cts
IHLIDXAUTPINDEDO,4.637821640611812,3.941808036942208,4.624456736486375,1994,rho>0.2|cts
IHLIDXAUTPFOPRSE,4.818510593099356,3.7638692788312205,4.792974349323847,2323,rho>0.2|cts
IHLIDXAUTPHOTO,4.404760557648481,3.3977873761753603,4.393386249536208,2323,rho>0.2|cts
IHLIDXAUTPHUMARESO,4.5179990544277295,3.6632691930311783,4.504140060357499,2323,rho>0.2|cts
IHLIDXAUTPINDUENGI,4.40662520135839,3.7442160536012863,4.389708743092869,2323,rho>0.2|cts
IHLIDXAUTPINMA,5.064329048800715,4.320821001949223,5.0450494138465025,2323,rho>0.2|cts
IHLIDXAUTPINSU,3.794649773987012,3.292915002837847,3.7742622717868053,2323,rho>0.2|cts
IHLIDXAUTPITOPHE,4.45901521650035,3.7409750329140135,4.436683743584303,1994,rho>0.2|cts
IHLIDXAUTPLEGA,4.535988672075347,3.7616031862190153,4.514267370931325,2323,rho>0.2|cts
IHLIDXAUTPMATH,4.235507871483978,3.4928239410256428,4.216859815185382,1994,rho>0.2|cts
IHLIDXAUTPLOGISUPP,4.093391323720429,3.3446554526132015,4.0718654082933,2323,rho>0.2|cts
IHLIDXAUTPMANA,4.85957372984514,4.283620629333059,4.840891644621656,2323,rho>0.2|cts
IHLIDXAUTPMARK,4.703548395231379,3.981596303794482,4.685612638517239,2323,rho>0.2|cts
IHLIDXAUTPMECO,4.228103594944957,3.455705108639782,4.210514143092457,2323,rho>0.2|cts
IHLIDXAUTPMEDIINFO,4.017510888694954,3.4898758669370595,4.000902666375823,2323,rho>0.2|cts
IHLIDXAUTPMEDITECH,4.272985858493911,3.637929884739979,4.2530927991449925,2323,rho>0.2|cts
IHLIDXAUTPNURS,4.527178922907221,3.8123981200042745,4.510703663982795,2323,rho>0.2|cts
IHLIDXAUTPPHAR,3.7439511925905387,2.852879135883381,3.7136740523130882,2323,rho>0.2|cts
IHLIDXAUTPPECAHOHE,4.786477626750314,4.044483875022239,4.767111497565176,2323,rho>0.2|cts
IHLIDXAUTPPHSU,4.177269627116588,3.2665214868302264,4.164573511005372,2323,rho>0.2|cts
IHLIDXAUTPPRMA,4.8077389567485715,3.9733620970600074,4.785979218623101,2323,rho>0.2|cts
IHLIDXAUTPPROJMANA,4.57169136449936,3.8703981450678793,4.550340958451922,2323,rho>0.2|cts
IHLIDXAUTPRETA,4.440674926937085,3.3524015329131864,4.416109977864494,2323,rho>0.2|cts
IHLIDXAUTPSALE,4.9541388268578865,4.1746090625181065,4.922672682847058,2323,rho>0.2|cts
IHLIDXAUTPSCREDE,4.290361436445323,3.7498103831660665,4.261095837655668,2323,rho>0.2|cts
IHLIDXAUTPSOCISCIE,4.155108775753256,3.2279785560246776,4.134353186845897,2323,rho>0.2|cts
IHLIDXAUTPSEPUSA,4.380273893339831,3.701096736397349,4.366433303269123,2323,rho>0.2|cts
IHLIDXAUTPSOFTDEVE,4.968090694195204,4.182901290198884,4.9408591108087485,2323,rho>0.2|cts
IHLIDXAUTPSPOR,4.292382589140408,3.3270159532878814,4.275980266205847,2323,rho>0.2|cts
IHLIDXAUTPTHER,4.667687205893038,3.717031186415367,4.649788364751663,2323,rho>0.2|cts
IHLIDXAUTPVETE,4.180353169183046,3.2460038177561272,4.156963140465212,2323,rho>0.2|cts
IHLIDXCA,5.3675096166619785,4.560262773542468,5.349355792228983,2323,rho>0.2|cts
IHLIDXCATPACCO,4.933448414916196,4.26448297031178,4.913990738964416,2323,rho>0.2|cts
IHLIDXCATPBAFI,4.324214183442344,3.7325597764324843,4.307971079680082,2015,rho>0.2|cts
IHLIDXCATPARCH,4.879060340301473,4.013040286743481,4.8643896970679,2323,rho>0.2|cts
IHLIDXCATPADMIASSI,5.086221425263302,4.292899515833699,5.069403487735712,2323,rho>0.2|cts
IHLIDXCATPAREN,4.8887578671615355,4.28010559093028,4.869009459330601,2323,rho>0.2|cts
IHLIDXCATPBEWE,4.727347426495802,3.7605091743850854,4.7120229632135375,2323,rho>0.2|cts
IHLIDXCATPCLSA,4.981334216603199,3.8142009798246734,4.967529911315672,2323,rho>0.2|cts
IHLIDXCATPCONS,5.287580706317668,3.9929376536221524,5.266810942525666,2323,rho>0.2|cts
IHLIDXCATPCOSOSE,4.995637059169253,4.2594930710544485,4.976384193823351,2323,rho>0.2|cts
IHLIDXCATPDRIV,4.7985825948949445,4.087712299346161,4.781307512038611,2239,rho>0.2|cts
IHLIDXCATPDENT,4.55694705105605,3.542434413118906,4.537137242602103,2239,rho>0.2|cts
IHLIDXCATPCUSTSERV,4.359041887845353,3.969763782941668,4.344293049428146,2323,rho>0.2|cts
IHLIDXCATPEDIN,4.584751777061344,3.9497491906266724,4.565144440129355,2323,rho>0.2|cts
IHLIDXCATPFOPRSE,4.77149002479328,3.474910208176827,4.75759945737986,2323,rho>0.2|cts
IHLIDXCATPHOTO,4.706361564795871,3.754003424885079,4.689280715560377,2323,rho>0.2|cts
IHLIDXCATPINDEDO,4.838236982910142,4.242691498561707,4.8168765782343455,1994,rho>0.2|cts
IHLIDXCATPHUMARESO,4.9598904825770935,4.237300933502082,4.94010332208446,2323,rho>0.2|cts
IHLIDXCATPITOPHE,4.74130501433699,3.8303851269671827,4.728226786494947,1994,rho>0.2|cts
IHLIDXCATPINMA,5.4856233459514625,4.375176939194003,5.464245402839594,2323,rho>0.2|cts
IHLIDXCATPINSU,4.305669939492138,3.677776521012819,4.28258190231735,2323,rho>0.2|cts
IHLIDXCATPINDUENGI,5.03060406258146,4.481545018394901,5.011129854679332,2323,rho>0.2|cts
IHLIDXCATPLEGA,4.814752150813436,4.1142293910030086,4.798735475447533,2323,rho>0.2|cts
IHLIDXCATPLOGISUPP,4.805162141600052,4.153649762192182,4.780287626170204,2323,rho>0.2|cts
IHLIDXCATPMANA,5.17504363589733,4.482439533743293,5.157938865046575,2323,rho>0.2|cts
IHLIDXCATPMARK,5.002562998398216,4.206762225027356,4.986856214259707,2323,rho>0.2|cts
IHLIDXCATPNURS,4.961442439168004,4.324052267214327,4.946017900481505,2323,rho>0.2|cts
IHLIDXCATPMEDITECH,5.029548084700997,4.409888332537774,5.01591409555905,2323,rho>0.2|cts
IHLIDXCATPMECO,4.7797696258364715,4.025681784955246,4.763779427269573,2323,rho>0.2|cts
IHLIDXCATPPECAHOHE,4.841316403579621,4.3721122096273985,4.825017678237111,2323,rho>0.2|cts
IHLIDXCATPPHSU,4.9210462103051045,4.136731196680845,4.899977135990027,2323,rho>0.2|cts
IHLIDXCATPPRMA,5.235680650668631,4.277023888443879,5.221273909137904,2323,rho>0.2|cts
IHLIDXCATPRETA,4.453214269577252,3.9001466929857727,4.424884860483387,2323,rho>0.2|cts
IHLIDXCATPPROJMANA,5.156697538270131,4.521335527178736,5.1329270110648695,2323,rho>0.2|cts
IHLIDXCATPSALE,5.160384456334941,4.366959229629068,5.145059390183316,2323,rho>0.2|cts
IHLIDXCATPSCREDE,4.749243681517577,4.153870182096011,4.733724073636921,2323,rho>0.2|cts
IHLIDXCATPSEPUSA,4.715872368729111,4.214451957220455,4.696220429464541,2323,rho>0.2|cts
IHLIDXCATPSOFTDEVE,5.07209074187406,4.271702918354769,5.049899698725125,2323,rho>0.2|cts
IHLIDXCATPTHER,5.0856857563713955,4.205961903723352,5.063862393256796,2239,rho>0.2|cts
IHLIDXDE,5.83939885606678,5.160969202181148,5.817295275328596,2323,rho>0.2|cts
IHLIDXDETPBEWE,4.67518170846359,3.413583644654588,4.6491978430495795,2029,rho>0.2|cts
IHLIDXDETPACCO,5.348022113028745,4.571992732775396,5.323367262863218,2323,rho>0.2|cts
IHLIDXDETPADMIASSI,5.671210767648456,4.971540556047375,5.6497181529527145,2323,rho>0.2|cts
IHLIDXDETPAGFO,5.252458151858309,4.587149685500685,5.233699308443636,2323,rho>0.2|cts
IHLIDXDETPARCH,5.5583748819745935,4.881414270876688,5.53860862180945,2323,rho>0.2|cts
IHLIDXDETPBAFI,5.001870760596756,4.303209931677699,4.980999959183361,2323,rho>0.2|cts
IHLIDXDETPCHIL,4.75536543701439,4.213968709288692,4.740876361691906,2323,rho>0.2|cts
IHLIDXDETPCIVIENGI,5.43513561475289,4.802385713690909,5.4193190369750495,2323,rho>0.2|cts
IHLIDXDETPCLSA,5.29815776386251,4.39469905326976,5.2843409635280185,2323,rho>0.2|cts
IHLIDXDETPCONS,5.629377508606581,5.058361144839641,5.603871161348949,2323,rho>0.2|cts
IHLIDXDETPCOSOSE,4.884499995399535,4.2469879902146745,4.864306946076707,2323,rho>0.2|cts
IHLIDXDETPCUSTSERV,4.846903739567166,4.193040690471048,4.828341292641699,2323,rho>0.2|cts
IHLIDXDETPDENT,4.92017539766554,4.18329251597175,4.904710144074447,2323,rho>0.2|cts
IHLIDXDETPEDIN,4.977638526879642,4.286585549444948,4.959993195189543,2323,rho>0.2|cts
IHLIDXDETPFOPRSE,5.265945372440774,4.027512858756165,5.245872273426222,1924,rho>0.2|cts
IHLIDXDETPELECENGI,5.3112831065098245,4.631684244348087,5.293394452396835,2323,rho>0.2|cts
IHLIDXDETPINDEDO,5.444008072116598,4.8298747467656975,5.437742063696261,1994,rho>0.2|cts
IHLIDXDETPHOTO,5.3168987582137435,4.3395915128967815,5.3002567597725205,2323,rho>0.2|cts
IHLIDXDETPHUMARESO,5.266562982126071,4.37757376268656,5.244687816011448,2323,rho>0.2|cts
IHLIDXDETPINDUENGI,5.301935914221933,4.534404219756124,5.283921192999962,2323,rho>0.2|cts
IHLIDXDETPINMA,5.805245823277776,5.143730636776803,5.786332285114829,2323,rho>0.2|cts
IHLIDXDETPINSU,4.212669144545183,3.4269868514131896,4.198439618832881,2323,rho>0.2|cts
IHLIDXDETPITOPHE,5.643519416394027,4.905037457575236,5.622012045185274,1994,rho>0.2|cts
IHLIDXDETPLEGA,5.077085636441061,4.619939494631376,5.051280638615858,2323,rho>0.2|cts
IHLIDXDETPLOGISUPP,5.19674356630802,4.416850266175309,5.187375614138173,2323,rho>0.2|cts
IHLIDXDETPMATH,5.052518304542404,4.214163992208619,5.041206415279553,1994,rho>0.2|cts
IHLIDXDETPMARK,5.53982437021923,4.769161979737739,5.5133747555515225,2323,rho>0.2|cts
IHLIDXDETPMANA,5.574254275626852,4.944338161978522,5.559035331925162,2323,rho>0.2|cts
IHLIDXDETPMECO,5.423875828901961,4.6321285953584415,5.409053398838764,2323,rho>0.2|cts
IHLIDXDETPMEDITECH,5.044537687662342,4.459830556875847,5.030932088219667,2323,rho>0.2|cts
IHLIDXDETPPHAR,4.115224660679558,3.635777439511001,4.091582968722815,2323,rho>0.2|cts
IHLIDXDETPPRMA,5.715059988383657,5.0465078167263195,5.6898297605059005,2323,rho>0.2|cts
IHLIDXDETPPROJMANA,5.57615964220431,4.882610674207736,5.5653888708079275,2323,rho>0.2|cts
IHLIDXDETPSALE,5.350409381651248,4.598077424546212,5.334412972394006,2323,rho>0.2|cts
IHLIDXDETPSCREDE,5.285989720444861,4.567077770129126,5.268448055419792,2323,rho>0.2|cts
IHLIDXDETPSEPUSA,4.919531156585959,4.339268100289167,4.905263026734668,2323,rho>0.2|cts
IHLIDXDETPSOCISCIE,4.78413014740183,4.176075522842161,4.760581180936072,2323,rho>0.2|cts
IHLIDXDETPSOFTDEVE,5.549975228620463,4.863462927942507,5.539537340393169,2323,rho>0.2|cts
IHLIDXDETPSPOR,4.544583663216317,3.7726121014344773,4.537209844120773,2323,rho>0.2|cts
IHLIDXDETPTHER,5.285493485843713,4.7364712906484705,5.26693692729034,2323,rho>0.2|cts
IHLIDXDETPVETE,4.602324446214107,3.799153149788078,4.596240213507321,2015,rho>0.2|cts
IHLIDXFRTPCHIL,4.574952959561002,3.6320468740007548,4.563918826901549,1882,rho>0.2|cts
IHLIDXFR,5.461917279860007,4.602465490764109,5.44870758789854,2323,rho>0.2|cts
IHLIDXFRTPACCO,5.151594996967776,4.4358358380015535,5.136192114540487,2323,rho>0.2|cts
IHLIDXFRTPADMIASSI,4.881984277275546,3.8944357793473285,4.866656490351187,2323,rho>0.2|cts
IHLIDXFRTPAGFO,4.767927626455569,3.757893558996348,4.745906414927905,2323,rho>0.2|cts
IHLIDXFRTPBAFI,4.982396133486171,4.458781594835422,4.97399628067114,2323,rho>0.2|cts
IHLIDXFRTPCLSA,4.979295384998054,3.9812084127626792,4.9670120081260904,2239,rho>0.2|cts
IHLIDXFRTPCONS,5.011030413879363,4.1399432188344,4.994987297772125,2323,rho>0.2|cts
IHLIDXFRTPDRIV,4.8210505389582705,3.93537958510372,4.799763762514504,2239,rho>0.2|cts
IHLIDXFRTPCUSTSERV,5.073096306159742,4.27614934003141,5.06162671867154,2323,rho>0.2|cts
IHLIDXFRTPEDIN,4.8981228439081175,4.143929143244033,4.882383305125332,2239,rho>0.2|cts
IHLIDXFRTPHOTO,4.625602302146193,3.8039128673136156,4.602723449693827,2239,rho>0.2|cts
IHLIDXFRTPFOPRSE,5.204272739751632,3.48470891893184,5.189891366118162,2323,rho>0.2|cts
IHLIDXFRTPINDEDO,5.1748882205225275,4.560938093682227,5.155068040080465,1994,rho>0.2|cts
IHLIDXFRTPHUMARESO,4.956970098445236,4.0901532059442545,4.942897939652216,2323,rho>0.2|cts
IHLIDXFRTPINDUENGI,5.1911017095185965,4.502916617180786,5.17370052782592,2323,rho>0.2|cts
IHLIDXFRTPITOPHE,4.986739216480123,4.305217339413833,4.972756902688528,1994,rho>0.2|cts
IHLIDXFRTPINMA,5.2223630085697135,4.437667488494721,5.210878787923009,2323,rho>0.2|cts
IHLIDXFRTPINSU,4.45603405879815,3.933078930889553,4.4402824648845405,2323,rho>0.2|cts
IHLIDXFRTPLEGA,4.983893561738239,4.194517247910672,4.962088887607436,2323,rho>0.2|cts
IHLIDXFRTPLOGISUPP,4.827196094563148,4.084379513366461,4.818778772483393,2323,rho>0.2|cts
IHLIDXFRTPMANA,5.330836110172696,4.663193080760393,5.3121254696920035,2323,rho>0.2|cts
IHLIDXFRTPMARK,4.845219811194974,4.132371544869401,4.8293394967353285,2323,rho>0.2|cts
IHLIDXFRTPMECO,4.9240879709532654,4.128085255488091,4.906168583788273,2323,rho>0.2|cts
IHLIDXFRTPPECAHOHE,4.709995794071227,3.8675783015420846,4.686944765074654,2232,rho>0.2|cts
IHLIDXFRTPNURS,5.139118909546836,4.290308393054424,5.1189596468748935,2323,rho>0.2|cts
IHLIDXFRTPPHAR,4.68096586342284,3.856936845664054,4.662136489796741,2323,rho>0.2|cts
IHLIDXFRTPPHSU,5.078918554105906,4.2737734259989875,5.065571725140319,2323,rho>0.2|cts
IHLIDXFRTPPRMA,5.216697617025284,4.409667673334504,5.201198243086146,2323,rho>0.2|cts
IHLIDXFRTPPROJMANA,5.164032605890053,4.297585687548261,5.145427920796084,2323,rho>0.2|cts
IHLIDXFRTPRETA,5.124868113065501,4.161102958246811,5.100334570777476,2323,rho>0.2|cts
IHLIDXFRTPSALE,5.147298616221121,4.2891889933227505,5.131056801032635,2323,rho>0.2|cts
IHLIDXFRTPSOFTDEVE,5.101878373808535,4.5787382215074945,5.080590916700608,2323,rho>0.2|cts
IHLIDXFRTPSEPUSA,4.729414004701519,3.911583421351346,4.71044334754068,2323,rho>0.2|cts
IHLIDXFRTPTHER,4.9261119373315925,4.178675112233776,4.917890807961471,2239,rho>0.2|cts
IHLIDXGB,5.3976720932721,4.367709452795025,5.383574450618041,2323,rho>0.2|cts
IHLIDXGBTPACCO,5.038822457859636,4.153609994485273,5.011039779281395,2323,rho>0.2|cts
IHLIDXGBTPADMIASSI,5.009680829990503,3.799926911597913,4.991686324342384,2323,rho>0.2|cts
IHLIDXGBTPARCH,4.5880909357035335,3.90547554092976,4.565574461832182,2323,rho>0.2|cts
IHLIDXGBTPAREN,4.7403185507380785,4.013239886587488,4.725424324727231,2323,rho>0.2|cts
IHLIDXGBTPBEWE,4.854228852904128,3.3866300354772463,4.843633657902447,2239,rho>0.2|cts
IHLIDXGBTPCHIL,4.535974022200278,3.497976994616009,4.514855992807922,2239,rho>0.2|cts
IHLIDXGBTPBAFI,4.737057275377129,4.102095961350231,4.714984077381011,2323,rho>0.2|cts
IHLIDXGBTPCIVIENGI,4.420719651256465,3.733247129935358,4.393884570484564,2323,rho>0.2|cts
IHLIDXGBTPCLSA,5.053724555703885,4.109211667329528,5.039568370641628,2323,rho>0.2|cts
IHLIDXGBTPCONS,4.838843741080156,3.7306712049809203,4.8215717625641,2323,rho>0.2|cts
IHLIDXGBTPCOSOSE,4.815016102506012,3.961384455161549,4.79872552616577,2323,rho>0.2|cts
IHLIDXGBTPDENT,4.360936226058799,3.621461646005698,4.335979252864371,2323,rho>0.2|cts
IHLIDXGBTPCUSTSERV,4.571937993815779,3.3362422424176854,4.56023279865877,2323,rho>0.2|cts
IHLIDXGBTPEDIN,4.7068542887439095,3.597730497092243,4.691459276546424,2323,rho>0.2|cts
IHLIDXGBTPDRIV,4.6583667631696,3.6947462284455073,4.630575553291705,2323,rho>0.2|cts
IHLIDXGBTPELECENGI,4.749149030596447,4.165417339128262,4.7334619650516485,2323,rho>0.2|cts
IHLIDXGBTPFOPRSE,5.236494993419145,3.4044266661195457,5.219207699316887,2323,rho>0.2|cts
IHLIDXGBTPHOTO,4.825966875944357,3.35866479911301,4.801166911896817,2323,rho>0.2|cts
IHLIDXGBTPHUMARESO,4.836307863593119,3.9836449296768635,4.822323402909657,2323,rho>0.2|cts
IHLIDXGBTPINDEDO,4.894889238111094,4.309353540172361,4.880571963897849,1994,rho>0.2|cts
IHLIDXGBTPINDUENGI,4.714514741876207,4.149526475255756,4.699790470039489,2323,rho>0.2|cts
IHLIDXGBTPINSU,4.270525888891116,3.610026267357691,4.25422693277817,2323,rho>0.2|cts
IHLIDXGBTPINMA,5.173758051614367,4.0529866982344505,5.15109442315339,2323,rho>0.2|cts
IHLIDXGBTPITOPHE,4.871752144647557,4.133114463983489,4.859552664758689,1994,rho>0.2|cts
IHLIDXGBTPLEGA,4.867861922703599,4.090369284220312,4.848145670442049,2323,rho>0.2|cts
IHLIDXGBTPLOGISUPP,4.580958719628347,3.774156242504525,4.559020458299404,2323,rho>0.2|cts
IHLIDXGBTPMANA,5.306198768165602,4.432880914459303,5.284388895911399,2323,rho>0.2|cts
IHLIDXGBTPMATH,4.6309570057963265,4.071250686062054,4.61897164970191,1994,rho>0.2|cts
IHLIDXGBTPMARK,5.013785510318688,4.132023112194924,4.9894501798762585,2323,rho>0.2|cts
IHLIDXGBTPMEDIINFO,4.225543116144329,3.5136246010323884,4.2011188145287255,2323,rho>0.2|cts
IHLIDXGBTPMECO,4.606814070284723,3.6277397817293418,4.585304867583221,2323,rho>0.2|cts
IHLIDXGBTPMEDITECH,4.452652069804351,3.6826411719177607,4.4304737833205,2323,rho>0.2|cts
IHLIDXGBTPNURS,4.280506299479467,3.543855441549907,4.258955004572152,2323,rho>0.2|cts
IHLIDXGBTPPECAHOHE,4.984777474552225,4.248909214164385,4.968572561923753,2323,rho>0.2|cts
IHLIDXGBTPPHAR,4.033756716035801,3.2880927154257504,4.023349482044154,2323,rho>0.2|cts
IHLIDXGBTPPHSU,4.290543583912345,3.4442593678723594,4.265162506882459,2323,rho>0.2|cts
IHLIDXGBTPPRMA,5.029496042474265,4.0152183513538615,5.004275988190465,2323,rho>0.2|cts
IHLIDXGBTPPROJMANA,4.9733406676424785,4.242140365466302,4.949402330624822,2323,rho>0.2|cts
IHLIDXGBTPRETA,4.797961673690974,3.777142611060521,4.782283681316806,2323,rho>0.2|cts
IHLIDXGBTPSALE,5.069111486296462,4.10504917742626,5.046653399636245,2323,rho>0.2|cts
IHLIDXGBTPSCREDE,4.71040805508889,4.048430053294366,4.692928287928999,2323,rho>0.2|cts
IHLIDXGBTPSEPUSA,4.614060385451868,3.814594435886991,4.595761080196786,2323,rho>0.2|cts
IHLIDXGBTPSOCISCIE,4.071673938815584,3.355514249130086,4.050247456672723,2323,rho>0.2|cts
IHLIDXGBTPSPOR,4.483113381831391,3.414381351121809,4.458402350644056,2239,rho>0.2|cts
IHLIDXGBTPSOFTDEVE,5.060146929097187,4.363652923361662,5.046323657571333,2323,rho>0.2|cts
IHLIDXGBTPTHER,4.3081029088397855,3.6373495403846476,4.288867733957919,2323,rho>0.2|cts
IHLIDXGBTPVETE,4.163628409231724,3.162494553781019,4.141516074800906,2323,rho>0.2|cts
IHLIDXIE,5.205719548220044,4.340517089032753,5.185990421933982,2323,rho>0.2|cts
IHLIDXNEWAU,3.6704432678034116,2.844927119199193,3.65565662227785,2323,rho>0.2|cts
IHLIDXNEWCA,3.7235351161754875,3.043519391905303,3.7051254243662863,2323,rho>0.2|cts
IHLIDXNEWDE,3.53861234373206,2.7056790929476153,3.5233965457629077,2323,rho>0.2|cts
IHLIDXNEWFR,3.604301463654571,2.7074412775990844,3.5936468092631073,2323,rho>0.2|cts
IHLIDXNEWGB,3.8683876795109757,2.7726470727599453,3.8523166087529215,2323,rho>0.2|cts
IHLIDXNEWIE,3.567631292775537,2.7623764268202855,3.5543176410077892,2323,rho>0.2|cts
IHLIDXNEWNSAAU,3.579678348957555,2.0922265541223255,3.561785558355518,2323,rho>0.2|cts
IHLIDXNEWNSACA,3.638098011304226,2.3328732830237837,3.6175245895902695,2323,rho>0.2|cts
IHLIDXNEWNSADE,3.380759074508722,2.1864635059319815,3.3650520863712634,2323,rho>0.2|cts
IHLIDXNEWNSAFR,3.5768642775357673,2.371936457597355,3.5666917091641532,2323,rho>0.2|cts
IHLIDXNEWNSAGB,3.892002423358623,2.2652996567032515,3.8817266266725925,2323,rho>0.2|cts
IHLIDXNEWNSAIE,3.5159756798463944,2.0657148255012943,3.4919853677860746,2323,rho>0.2|cts
IHLIDXNEWNSAUS,3.7074602627663023,2.558399542802182,3.6915345175137766,2323,rho>0.2|cts
IHLIDXNEWUS,3.7710325718909576,3.1062916875338478,3.7532642869375454,2323,rho>0.2|cts
IHLIDXNSAAU,5.142338509039843,4.353562372547199,5.137837493620127,2323,rho>0.2|cts
IHLIDXNSACA,5.296819971818309,4.464296524300402,5.285565165330958,2323,rho>0.2|cts
IHLIDXNSADE,5.72253044507628,5.1050841339256,5.712169856263965,2323,rho>0.2|cts
IHLIDXNSAFR,5.388977844930848,4.478087917006284,5.38771214299365,2323,rho>0.2|cts
IHLIDXNSAGB,5.232913859563519,4.277610756042407,5.223258565723614,2323,rho>0.2|cts
IHLIDXNSAIE,5.098111041971866,4.265480684751869,5.079957699966832,2323,rho>0.2|cts
IHLIDXNSAUS,5.619720872170322,5.044988828928517,5.610794289487505,2323,rho>0.2|cts
IHLIDXUS,5.713086444579153,5.15076402123447,5.699026414603917,2323,rho>0.2|cts
IHLIDXUSAK,5.334968573014032,4.733463748249343,5.314100521445885,2323,rho>0.2|cts
IHLIDXUSAL,5.357622548788378,4.9383297061911975,5.338849251695891,2323,rho>0.2|cts
IHLIDXUSAR,5.15591906179271,4.739297307202516,5.142320510783491,2323,rho>0.2|cts
IHLIDXUSAZ,5.3886845078943395,4.401649995609658,5.368935474887779,2323,rho>0.2|cts
IHLIDXUSCA,5.594988032477892,4.980634211665214,5.571591113997179,2323,rho>0.2|cts
IHLIDXUSCO,5.417253181391451,4.753707771694811,5.405712433244679,2323,rho>0.2|cts
IHLIDXUSCT,5.406780431121683,4.799906111939586,5.392384850568734,2323,rho>0.2|cts
IHLIDXUSDC,5.325962618237675,4.669313616756452,5.310589990034995,2323,rho>0.2|cts
IHLIDXUSDE,5.313905311660885,4.810305711063927,5.297722427993,2323,rho>0.2|cts
IHLIDXUSFL,5.553138035303063,4.94443919044434,5.531405459590141,2323,rho>0.2|cts
IHLIDXUSGA,5.480057930194684,4.984882327870623,5.4569822459714326,2323,rho>0.2|cts
IHLIDXUSHI,5.041350870758323,4.459199976992917,5.015877885133433,2323,rho>0.2|cts
IHLIDXUSIA,5.404284999246132,4.848362211259546,5.386563860372685,2323,rho>0.2|cts
IHLIDXUSID,5.420504559505846,4.815507709882028,5.401017364422659,2323,rho>0.2|cts
IHLIDXUSIL,5.554269891378753,4.996823974215252,5.540721789602809,2323,rho>0.2|cts
IHLIDXUSIN,5.53512393770986,4.995816727070657,5.515546842446785,2323,rho>0.2|cts
IHLIDXUSKS,5.374829643616187,4.93888974733134,5.3567149709067055,2323,rho>0.2|cts
IHLIDXUSKY,5.404883485332762,4.928001044914152,5.3812646367265655,2323,rho>0.2|cts
IHLIDXUSLA,5.362592757301081,4.832247854729907,5.3344553530747545,2323,rho>0.2|cts
IHLIDXUSMA,5.438778169179723,4.80413068333642,5.4175319970074005,2323,rho>0.2|cts
IHLIDXUSMD,5.570817897608587,4.9931225770876795,5.556222579171285,2323,rho>0.2|cts
IHLIDXUSME,5.118307576841245,4.623116431525458,5.1029208682438725,2323,rho>0.2|cts
IHLIDXUSMI,5.5849483338342765,4.985241029569195,5.569460888413321,2323,rho>0.2|cts
IHLIDXUSMN,5.504101451774136,4.889816546486334,5.490980785961538,2323,rho>0.2|cts
IHLIDXUSMO,5.526346548580133,4.990275584276227,5.516945218978725,2323,rho>0.2|cts
IHLIDXUSMS,5.082070976199218,4.697080044631456,5.062203295722184,2323,rho>0.2|cts
IHLIDXUSMT,5.036437236673784,4.677637528177037,5.022854014807552,2323,rho>0.2|cts
IHLIDXUSNC,5.518626505542086,4.994601408026877,5.50249123123409,2323,rho>0.2|cts
IHLIDXUSND,5.19580949210001,4.701641741094441,5.174219663549057,2323,rho>0.2|cts
IHLIDXUSNE,5.277515880910071,4.741257092771825,5.257110293822438,2323,rho>0.2|cts
IHLIDXUSNH,5.31515086734432,4.730177842745245,5.29734685297688,2323,rho>0.2|cts
IHLIDXUSNJ,5.467398523334582,4.833057900772281,5.446742307212793,2323,rho>0.2|cts
IHLIDXUSNM,5.366655023574349,4.674592691847127,5.344197284765453,2323,rho>0.2|cts
IHLIDXUSNV,5.307873516611152,4.759288492110204,5.29231559008031,2323,rho>0.2|cts
IHLIDXUSNY,5.468097410957607,4.5108989146483705,5.452170517361314,2323,rho>0.2|cts
IHLIDXUSOH,5.480434029841257,4.950865034144573,5.459712162304088,2323,rho>0.2|cts
IHLIDXUSOK,5.289440858461725,4.851607385268632,5.2705797440707105,2323,rho>0.2|cts
IHLIDXUSOR,5.469847138593381,4.863965718513322,5.450244408081701,2323,rho>0.2|cts
IHLIDXUSPA,5.525858232069455,4.981605631596037,5.503546171129322,2323,rho>0.2|cts
IHLIDXUSRI,5.331265352118714,4.715244580062808,5.317949685306275,2323,rho>0.2|cts
IHLIDXUSSC,5.454984127640137,4.953687249444901,5.441169647526861,2323,rho>0.2|cts
IHLIDXUSSD,5.183885780185271,4.643409142494237,5.159374788210064,2323,rho>0.2|cts
IHLIDXUSTN,5.494079214159361,5.001369765299111,5.472443352473707,2323,rho>0.2|cts
IHLIDXUSTPACCO,5.020006323279994,3.851194643042098,4.999454727645564,2323,rho>0.2|cts
IHLIDXUSTPADMIASSI,5.460238445680416,4.69120403143037,5.443080257369818,2323,rho>0.2|cts
IHLIDXUSTPARCH,5.436589393626421,4.65480530161161,5.414367788486278,2323,rho>0.2|cts
IHLIDXUSTPAREN,4.993689974298761,4.344357138627848,4.977194394751248,2323,rho>0.2|cts
IHLIDXUSTPBEWE,5.066322260194852,4.099267758643845,5.044659062852256,2043,rho>0.2|cts
IHLIDXUSTPBAFI,4.8925159504436255,4.2409394477541795,4.876855117103445,2323,rho>0.2|cts
IHLIDXUSTPCHIL,5.3666316754575245,4.109462586328438,5.353650240071325,2323,rho>0.2|cts
IHLIDXUSTPCIVIENGI,5.391454206055697,4.809569059826898,5.375973366093954,2323,rho>0.2|cts
IHLIDXUSTPCLSA,5.583137931167667,4.628572497711106,5.567182186767154,2323,rho>0.2|cts
IHLIDXUSTPCONS,5.611940490798422,4.591741237389609,5.6001627612294875,2169,rho>0.2|cts
IHLIDXUSTPCOSOSE,5.666492767424879,4.983885614140146,5.650776943384511,2323,rho>0.2|cts
IHLIDXUSTPDENT,5.182785010765164,4.3597037251097275,5.171434401563947,2239,rho>0.2|cts
IHLIDXUSTPCUSTSERV,5.271599559355292,4.622537548350458,5.244695409614718,2323,rho>0.2|cts
IHLIDXUSTPDRIV,4.088066456486294,3.4357995276011173,4.067272108589038,2232,rho0.05..0.2|cts
IHLIDXUSTPEDIN,5.361953956959044,4.508359788237303,5.338902801152034,2323,rho>0.2|cts
IHLIDXUSTPELECENGI,5.197833779440892,4.74403043976599,5.1739620607927375,2323,rho>0.2|cts
IHLIDXUSTPFOPRSE,5.426707502875679,4.663027881827436,5.406891666846894,2323,rho>0.2|cts
IHLIDXUSTPHOTO,5.015300138973169,4.20876813800742,4.996468940260287,2323,rho>0.2|cts
IHLIDXUSTPINDEDO,5.083508207172007,4.302828904620738,5.074691430179149,1994,rho>0.2|cts
IHLIDXUSTPINSU,4.882818710445405,3.816618580274052,4.874375657162672,1637,rho>0.2|cts
IHLIDXUSTPHUMARESO,5.314974043954749,4.615738292451762,5.298327764569028,2323,rho>0.2|cts
IHLIDXUSTPINDUENGI,5.199789766155033,4.693449239929444,5.1775441034248395,2323,rho>0.2|cts
IHLIDXUSTPINMA,5.635020372607655,4.915289629866446,5.622068057190579,2323,rho>0.2|cts
IHLIDXUSTPITOPHE,5.335832020959446,4.715027290365122,5.31851378112378,1994,rho>0.2|cts
IHLIDXUSTPLEGA,5.280119206522923,4.685226266669729,5.255153781122278,2323,rho>0.2|cts
IHLIDXUSTPLOGISUPP,4.933691114950388,4.263797648668501,4.918211696126549,2323,rho>0.2|cts
IHLIDXUSTPMATH,5.023180948292028,4.29084533569239,5.000937937184657,1994,rho>0.2|cts
IHLIDXUSTPMANA,5.175342885840963,4.737174388109218,5.156149288364586,2323,rho>0.2|cts
IHLIDXUSTPMARK,5.215485317479403,4.5105570687820595,5.197654500131234,2323,rho>0.2|cts
IHLIDXUSTPMECO,4.875242489285084,4.319813615477618,4.853386992995406,2323,rho>0.2|cts
IHLIDXUSTPMEDIINFO,5.266750800268966,4.647238376826629,5.251545429181466,2323,rho>0.2|cts
IHLIDXUSTPMEDITECH,5.518658449222822,5.055041104460912,5.504952059366954,2323,rho>0.2|cts
IHLIDXUSTPPECAHOHE,5.4590310098679895,4.65481046818211,5.443804323574843,2246,rho>0.2|cts
IHLIDXUSTPNURS,5.548521979932679,5.10373002637101,5.537146320014236,2323,rho>0.2|cts
IHLIDXUSTPPHAR,4.940521265831627,3.950131527432791,4.92193652264452,2323,rho>0.2|cts
IHLIDXUSTPPHSU,5.366419294878254,4.921999591882155,5.346279735898209,2323,rho>0.2|cts
IHLIDXUSTPPRMA,5.394647398628863,4.864493838245963,5.38755498486714,2323,rho>0.2|cts
IHLIDXUSTPPROJMANA,5.4624071912145915,4.817353963613344,5.448606856464523,2323,rho>0.2|cts
IHLIDXUSTPRETA,4.987333061480466,4.533499731473387,4.973928448340516,2323,rho>0.2|cts
IHLIDXUSTPSALE,5.347597961065271,4.678480683657616,5.327689459646974,2323,rho>0.2|cts
IHLIDXUSTPSEPUSA,5.178197203124916,4.463705320560936,5.163337261052017,2323,rho>0.2|cts
IHLIDXUSTPSCREDE,5.216363245004994,4.6524970127701915,5.1947210897940295,2323,rho>0.2|cts
IHLIDXUSTPSPOR,5.367432704655842,4.199719516410223,5.35453897350738,2239,rho>0.2|cts
IHLIDXUSTPSOFTDEVE,5.185531952750846,4.219411209759241,5.163485498656455,2323,rho>0.2|cts
IHLIDXUSTPTHER,5.646796046565898,4.880240867198485,5.621248153169766,2239,rho>0.2|cts
IHLIDXUSTPVETE,4.925504785300389,3.810287310432413,4.904248452066226,2218,rho>0.2|cts
IHLIDXUSTX,5.571253015169403,4.999991515851387,5.554675960050803,2323,rho>0.2|cts
IHLIDXUSUT,5.341138585270374,4.702157162507955,5.328302365949322,2323,rho>0.2|cts
IHLIDXUSVA,5.527405784629244,5.019258660069299,5.512079197143881,2323,rho>0.2|cts
IHLIDXUSVT,5.129049149473762,4.4682864426281785,5.10459325687272,2323,rho>0.2|cts
IHLIDXUSWA,5.5003985566631535,4.7876584633322405,5.484543342501074,2323,rho>0.2|cts
IHLIDXUSWI,5.368238161711868,4.761194775760589,5.356428245743734,2323,rho>0.2|cts
IHLIDXUSWV,5.174555097036847,4.419448265220592,5.157850095641534,2323,rho>0.2|cts
IHLIDXUSWY,5.161779598486834,4.748994290997694,5.146772424788763,2323,rho>0.2|cts
INDRECD,17.245555998037403,7.438096632962941,16.26849338766054,3000,rho~0|repeat
IORB,14.581085443912887,2.555133904465385,14.788476518409066,1789,rho~0|repeat
INDRECDM,17.192575574202856,7.441088611251458,16.35203974463975,3000,rho~0|repeat
INDRECDP,17.250500015171028,7.437851719502962,16.404240081214834,3000,rho~0|repeat
IOER,14.64409712970579,5.027887745620396,14.145684819160289,3000,rho~0|repeat
IORR,14.64409712970579,5.0230156107272155,14.144233068390045,3000,rho~0|repeat
IRLRECD,17.319696957205633,5.798143098543803,15.226965247726548,3000,rho~0|repeat
IRLRECDM,17.45061960571653,5.801995492835875,14.561051345845426,3000,rho~0|repeat
ISRRECD,16.491549743108926,2.3354808415828523,15.224460864885017,3000,rho~0|repeat
IRLRECDP,17.451664044096912,5.801399991435025,14.71542992329718,3000,rho~0|repeat
ISRRECDM,16.395316754479,2.363862782014983,14.658375486391146,3000,rho~0|repeat
ITARECD,17.693938360936688,8.235925567900425,15.666460041644415,3000,rho~0|repeat
ITARECDM,17.597629920481072,8.237005510709954,15.747761522101847,3000,rho~0|repeat
ISRRECDP,16.286106037658538,2.372220415028679,16.717971545856155,3000,rho~0|repeat
ITARECDP,17.696367971813814,8.238299820534017,16.65621657054802,3000,rho~0|repeat
IUDZLS6,6.9700372649003315,1.5984228937880727,6.910860216851072,2058,rho<-0.2|repeat
IUDZLS7,8.39142810893958,1.59642807963176,8.5902795739196,2058,rho<-0.2|repeat
IUDZLS8,8.10088687705891,1.6008535849176355,8.192841947633672,2058,rho<-0.2|repeat
IUDZLS9,7.857007164135535,1.5897591148088963,7.85669998502992,2058,rho<-0.2|repeat
IUDZLT2,-9.421542497164674,-9.484739351396405,-9.344329567030297,2058,rho<-0.2|cts
IUDSOIA,4.303941768502623,1.8567350844945596,4.368086798062225,3000,rho~0|mixed
JPINTDUSDJPY,14.850638209549224,3.118437825556872,11.965611424004514,3000,rho<-0.2|repeat
JPNRECD,15.951730483610715,4.083471903813531,14.810260801131164,3000,rho~0|repeat
JPNRECDM,15.960504443617474,4.082065536330325,14.764411817266536,3000,rho~0|repeat
JPNRECDP,15.931703851194143,4.087381788905574,15.139807722570465,3000,rho~0|repeat
KCPRS,0.908170816517116,-0.19110739314775407,0.8943065758505993,3000,rho<-0.2|cts
KCPRU,2.359109626198658,2.0640439688747856,2.3379895624162854,3000,rho0.05..0.2|cts
KCRORO,-1.2853127706121115,-1.6576591518615866,-1.3000209618531753,3000,rho<-0.2|cts
KCROROE,-1.3118750010181808,-1.6886452256130182,-1.3303232186506813,3000,rho<-0.2|cts
KCROROL,-0.8922636527048006,-1.5939170845329935,-0.8899583366955652,3000,rho<-0.2|cts
KCROROS,-1.1804251308907079,-1.5178922827669075,-1.1929432818680468,3000,rho<-0.2|cts
KORRECD,16.62397648875151,5.696739282470448,15.27207767493326,3000,rho~0|repeat
KORRECDP,16.731083509594164,4.872902130378836,15.002747348112825,3000,rho~0|repeat
LQTYSD678FRBCLE,6.205509552085002,1.7220071247217428,6.171659658761744,2958,rho>0.2|mixed
KORRECDM,16.569511532537906,4.870510897148864,15.028337648284708,3000,rho~0|repeat
LUXRECD,16.24981778975255,4.109627030930948,14.648237907162603,3000,rho~0|repeat
LUXRECDM,16.255829503314416,4.10809527439479,14.679890071175606,3000,rho~0|repeat
LUXRECDP,16.35298017367037,4.109760445922426,14.348548601843763,3000,rho~0|repeat
MEXINTDUSD,-0.1817222693973544,-5.259897466843719,-0.026838153246244174,2341,rho<-0.2|repeat
MAJOR5ASIARECD,16.144140676520966,3.9741640746020916,14.202497352440915,3000,rho~0|repeat
MEXRECD,17.05241142143345,6.630324414459607,16.233087956827415,3000,rho~0|repeat
MAJOR5ASIARECDM,16.326866819750194,3.9732115505244407,14.541134557509888,3000,rho~0|repeat
MAJOR5ASIARECDP,16.145468800471736,3.9780196556641734,13.595781997496477,3000,rho~0|repeat
MEXRECDM,17.080450251237853,6.637092202277877,15.76495654912867,3000,rho~0|repeat
MEXRECDP,17.054040605105357,6.633455909031238,15.98669130846049,3000,rho~0|repeat
MKT1020MKTAMT,-8.791984467639033,-8.897806765578295,-8.729347325957248,3000,rho<-0.2|cts
MKT1020MKTVOL,-5.8366847419229595,-5.933176269191992,-5.778647411902737,3000,rho<-0.2|cts
MKT14MKTAMT,-10.367654056611043,-10.425819145652103,-10.26448811380471,3000,rho<-0.2|cts
MKT14MKTVOL,-6.958557934778134,-7.046180512515647,-6.829991217146622,3000,rho<-0.2|cts
MKT2140MKTAMT,-8.904005552424913,-9.008979637080232,-8.873333549029661,3000,rho<-0.2|cts
MKT4180MKTAMT,-8.5269945311401,-8.65003292490768,-8.516334981066228,3000,rho<-0.2|cts
MKT2140MKTVOL,-6.052152645360645,-6.160176288448797,-5.999074532202307,3000,rho<-0.2|cts
MKT4180MKTVOL,-5.553295276726581,-5.625959477725819,-5.51697691689067,3000,rho<-0.2|cts
MKT59MKTAMT,-10.088147555504102,-10.063909928841314,-9.934179370276599,3000,rho<-0.2|cts
MKT59MKTVOL,-6.6658746791597805,-6.626905039573407,-6.472620687366408,3000,rho<-0.2|cts
MKTGT80MKTAMT,-9.261395231904238,-9.30812058519799,-9.222127568173828,3000,rho<-0.2|cts
MKTGT80MKTVOL,-6.072292385881076,-6.119754438436635,-6.03068576455444,3000,rho<-0.2|cts
MSCRECD,15.867114433869492,2.308442133076223,14.131109622831456,3000,rho~0|repeat
MSCRECDM,15.632032742213202,2.3129408844403447,13.915528966746441,3000,rho~0|repeat
MSCRECDP,15.910817786028428,2.3141964361109775,14.293753843306042,3000,rho~0|repeat
NAFTARECD,16.974967886244578,3.1467872324905786,15.312817122545804,3000,rho~0|repeat
NAFTARECDM,16.94853678650752,3.147019963102287,15.302972868491842,3000,rho~0|repeat
NDLRECD,16.87227557371418,5.819305158693511,16.19621347300609,3000,rho~0|repeat
NDLRECDM,16.919524694651145,5.831493515904393,15.971194514901391,3000,rho~0|repeat
NAFTARECDP,17.09176810724964,3.142534410465193,15.790645819720652,3000,rho~0|repeat
NDLRECDP,16.874726492465207,5.833369256104076,16.057936061091123,3000,rho~0|repeat
NONFIN1020A2P2AMT,-7.354739970417795,-7.58423243818978,-7.368114222362308,3000,rho<-0.2|cts
NONFIN1020A2P2VOL,-4.950588218468567,-5.130143610427667,-4.96219245975111,3000,rho<-0.2|cts
NONFIN1020AAAMT,-7.1524406545925725,-7.561953322421496,-7.1368848984009965,3000,rho<-0.2|cts
NONFIN1020AAVOL,-3.935323336914581,-4.379734056970372,-3.9175321827068874,3000,rho<-0.2|mixed
NONFIN14A2P2AMT,-8.113117024060159,-8.185137872900745,-8.061530779342622,3000,rho<-0.2|cts
NONFIN14A2P2VOL,-5.5192155666889855,-5.616960705946471,-5.460904915091071,3000,rho<-0.2|cts
NONFIN14AAAMT,-9.451326318871722,-9.301308624799418,-9.184564165903081,3000,rho<-0.2|cts
NONFIN14AAVOL,-5.987067583481834,-5.851742577813591,-5.735282336836778,3000,rho-0.2..-0.05|cts
NONFIN2140A2P2AMT,-7.440569920263397,-7.653879157270488,-7.4182958698466015,3000,rho<-0.2|cts
NONFIN2140A2P2VOL,-5.136461324624223,-5.38262001644274,-5.116750167883304,3000,rho<-0.2|cts
NONFIN2140AAAMT,-7.150174398726004,-7.533151012472331,-7.16013645142844,3000,rho<-0.2|cts
NONFIN2140AAVOL,-3.9346764894802573,-4.338147807955138,-3.934325804660843,3000,rho<-0.2|cts
NONFIN4180A2P2AMT,-6.876839607063189,-7.154160433146083,-6.871160003438185,3000,rho<-0.2|cts
NONFIN4180A2P2VOL,-4.550287416360443,-4.862893355091023,-4.539872723706383,3000,rho<-0.2|cts
NONFIN4180AAAMT,-6.699649074221621,-7.111178501624994,-6.7171632246834285,3000,rho<-0.2|mixed
NONFIN4180AAVOL,-3.3542104613314825,-3.8883957264636164,-3.361465802781882,3000,rho<-0.2|mixed
NONFIN59A2P2AMT,-7.66861278252943,-7.802769917249944,-7.60675510392897,3000,rho<-0.2|cts
NONFIN59A2P2VOL,-5.130762455479632,-5.2423960187540395,-5.055466834414779,3000,rho<-0.2|cts
NONFIN59AAAMT,-8.013899698110993,-8.685933905965618,-7.971070471819426,3000,rho<-0.2|cts
NONFIN59AAVOL,-4.569237450289787,-5.162944788375382,-4.543065973679013,3000,rho<-0.2|mixed
NONFINGT80A2P2AMT,-6.644004204165138,-7.249936288976608,-6.619785617978768,3000,rho<-0.2|mixed
NONFINGT80A2P2VOL,-3.7308240040706835,-4.473414287532104,-3.737287242045774,3000,rho<-0.2|mixed
NONFINGT80AAAMT,-5.746768777813957,-6.803572079601691,-5.765597701515096,3000,rho<-0.2|repeat
NONFINGT80AAVOL,-2.6558804015133304,-3.9108867298289813,-2.6628461470647866,3000,rho<-0.2|repeat
NORRECD,14.674210189881109,2.2741680254250736,12.541593689110568,3000,rho~0|repeat
NORRECDM,14.785966878541387,3.0780301087612987,12.599079643202689,3000,rho~0|repeat
OBFR,7.732936467797368,1.418666931268091,7.788139651629164,2586,rho~0|repeat
NORRECDP,14.7880647502631,3.0765583160054373,13.114752112160632,3000,rho~0|repeat
OBFR1,4.574316921706805,0.3374221573136677,4.551272980663118,2586,rho-0.2..-0.05|repeat
OBFR25,7.627590822230921,1.256124645007055,7.656283378386832,2586,rho~0|repeat
OBFR75,7.788236836140481,1.5991950312544159,7.854521581540589,2586,rho~0|repeat
OBFR99,5.522311135485968,1.4654359094653562,5.48559662402427,2586,rho~0|repeat
OBMMIC15YF,2.822352154261588,2.579067150874579,2.8052205873796026,2362,rho<-0.2|cts
OBFRVOL,1.1596352586015302,0.7175935092456409,1.135629320822601,2586,rho<-0.2|cts
OBMMIC30YF,3.3644112747832224,3.1734150074992327,3.3408507395622897,2362,rho0.05..0.2|cts
OBMMIC30YFLVGT80FB680A699,2.90224219725114,2.7870443863062224,2.876735923878721,2362,rho<-0.2|cts
OBMMIC30YFLVGT80FB700A719,3.0098837515398777,2.8751373110977023,2.982820256485943,2362,rho<-0.2|cts
OBMMIC30YFLVGT80FB720A739,3.085252670422439,2.9712576358362828,3.0626118477989763,2362,rho-0.2..-0.05|cts
OBMMIC30YFLVGT80FGE740,3.3170273405239956,3.1401500575712937,3.2854521653482913,2362,rho0.05..0.2|cts
OBMMIC30YFLVGT80FLT680,2.584339365860588,2.3590468662028288,2.558003700360606,2362,rho<-0.2|cts
OBMMIC30YFLVLE80FB680A699,2.8158631579452775,2.708635822892656,2.7916682546037754,2362,rho<-0.2|cts
OBMMIC30YFLVLE80FB700A719,2.837549676817936,2.706843295995804,2.8118612373906076,2362,rho<-0.2|cts
OBMMIC30YFLVLE80FB720A739,2.9907202421803105,2.874097166008169,2.972631316502292,2362,rho<-0.2|cts
OBMMIC30YFLVLE80FGE740,3.32459317614012,3.162320775937379,3.30156250452855,2362,rho0.05..0.2|cts
OBMMIC30YFLVLE80FLT680,2.8161099754100842,2.645679046829477,2.7955391477807168,2362,rho<-0.2|cts
OBMMIC30YFNA,3.147329418216604,3.05797196156372,3.1248171159316036,2362,rho~0|cts
OBMMIFHA30YF,3.2236205939244216,3.0811830685918684,3.2008607777413722,2362,rho-0.2..-0.05|cts
OBMMIJUMBO30YF,2.7439947116196755,2.5566718663362757,2.727777979595124,2362,rho<-0.2|cts
OBMMIUSDA30YF,2.896813704225999,2.7718521654999617,2.8786506506081864,2362,rho<-0.2|cts
OBMMIVA30YF,2.8919904986663743,2.779735068562819,2.8834236456026523,2362,rho-0.2..-0.05|cts
OECDNMERECD,16.219392440864024,4.914148150030367,14.578250588990839,3000,rho~0|repeat
OECDNMERECDM,16.274249010748775,4.917769936337171,14.759818264253246,3000,rho~0|repeat
OECDNMERECDP,16.232008585748776,4.917578439788222,14.741315959548455,3000,rho~0|repeat
OECDRECD,15.543440068675118,2.305890093806473,13.1713566059655,3000,rho~0|repeat
POLRECD,17.12270824558354,8.21549827172113,14.937468206334932,3000,rho~0|repeat
OECDRECDM,15.578001790370607,2.3060020339861826,13.277099596019992,3000,rho~0|repeat
POLRECDM,17.03159752634149,8.21602054757872,15.079379008932216,3000,rho~0|repeat
OECDRECDP,15.64414473209955,2.3105808513853208,14.247890311896215,3000,rho~0|repeat
POLRECDP,17.12452837218091,8.215720118854845,15.7922139268284,3000,rho~0|repeat
PRTRECD,18.81274806076111,9.049269745496458,17.285407421424516,3000,rho~0|repeat
PRTRECDM,18.684170273096974,9.052190047634049,17.195560722654346,3000,rho~0|repeat
PRTRECDP,18.82417810331964,9.050717063704433,17.454037424083687,3000,rho~0|repeat
RIFSPBLPND,14.826514886983967,3.762388909736516,14.98644470905565,3000,rho~0|repeat
RIFSPFFNB,7.710604598657847,1.3447308768132125,7.839149310248929,3000,rho~0|repeat
RIFSPPAAAD01NB,5.606636904948004,1.6005414951549937,5.6001515884955175,3000,rho~0|repeat
RIFSPPAAAD07NB,4.362627243302499,1.0713752054429433,4.319549316972459,3000,rho>0.2|mixed
RIFSPPAAAD15NB,3.3047082697095087,1.0538303485302785,3.286213073127332,3000,rho>0.2|mixed
RIFSPPAAAD30NB,2.9308528837953123,0.9225085497456281,2.9044950034919235,3000,rho~0|cts
RIFSPPAAAD60NB,3.2375023144306354,1.2493384034025796,3.2245463646616863,3000,rho0.05..0.2|mixed
RIFSPPAAAD90NB,3.332870469363837,1.4293944639054612,3.318797701598255,3000,rho-0.2..-0.05|cts
RIFSPPFAAD01NB,6.548606708754223,1.2019546459309085,6.530108664969719,3000,rho~0|repeat
RIFSPPFAAD15NB,1.646157838988696,0.14379963861982914,1.6306707953068031,3000,rho-0.2..-0.05|mixed
RIFSPPFAAD07NB,2.9858297306343675,0.31297727203072384,2.949444986030926,3000,rho<-0.2|mixed
RIFSPPFAAD30NB,1.3529341981505363,-0.08869011481315547,1.3351259253187735,3000,rho<-0.2|cts
RIFSPPFAAD60NB,1.4247841954856204,0.2760987490642398,1.399047154715896,3000,rho<-0.2|cts
RIFSPPFAAD90NB,1.81749941385787,0.47560642312231205,1.7980435690098748,3000,rho<-0.2|cts
RIFSPPNA2P2D01NB,5.192279104784971,1.7694553513623406,5.1720831238469165,3000,rho0.05..0.2|mixed
RIFSPPNA2P2D07NB,3.118566805248161,1.0258291024001822,3.0978014563763274,3000,rho>0.2|cts
RIFSPPNA2P2D15NB,3.0005862780176744,1.0963469812863842,2.9968960836776466,3000,rho>0.2|cts
RIFSPPNA2P2D90NB,1.1278268446702644,0.10606737813855191,1.1027250578588426,3000,rho<-0.2|cts
RIFSPPNA2P2D30NB,2.7962272295982484,0.9455444416783197,2.7847275652597627,3000,rho~0|cts
RIFSPPNA2P2D60NB,2.0109149238417716,0.6546510393153053,2.000992995335841,3000,rho<-0.2|cts
RIFSPPNAAD01NB,3.324484110183405,0.4565414776442041,3.4101411686493193,3000,rho~0|mixed
RIFSPPNAAD07NB,2.7695615735750043,-0.021361276996156916,2.760496891624273,3000,rho<-0.2|mixed
RIFSPPNAAD15NB,2.5702957120617755,0.3509972930981322,2.5496593300698103,3000,rho<-0.2|mixed
RIFSPPNAAD30NB,2.653725470328722,0.21733544710543984,2.6331200581678678,3000,rho<-0.2|mixed
RIFSPPNAAD60NB,2.36081545697803,0.38399222198926725,2.3368447789435876,3000,rho<-0.2|mixed
RIFSPPNAAD90NB,2.110219882407997,0.5400505138982289,2.0910680982524443,3000,rho<-0.2|mixed
RIMLPAAARNB,3.0141680645085556,2.8018467529676143,2.9985135433362107,2948,rho-0.2..-0.05|cts
RIMLPBAARNB,3.268733294056822,3.1132213542449323,3.251531063858873,2948,rho-0.2..-0.05|cts
RPAGYD,5.647779417864048,-0.9568664730013402,5.655069746878526,2610,rho<-0.2|repeat
RMBSSD678FRBCLE,2.98681719547366,1.2590639908549752,2.965080384482995,2958,rho>0.2|cts
RPMBSD,3.4537384284766115,-3.1210870098800427,3.426509575060498,2629,rho<-0.2|repeat
RPONAGYD,6.522269151344424,-0.6767227564358949,6.494257740141526,2451,rho<-0.2|repeat
RPONMBSD,4.268310977111235,-2.379995869929806,4.225012702326282,2452,rho<-0.2|repeat
RPONTSYSAD,2.8350480905986486,-2.7969309562161704,2.8240733523425643,2453,rho<-0.2|mixed
RPONTSYD,2.9510677334510493,-2.6597788730398872,2.918189618078229,2454,rho<-0.2|mixed
RPONTTLD,2.15982906195951,-3.173717092708564,2.1324061699374166,2455,rho<-0.2|mixed
RPTSYD,2.2753291837755696,-3.255298347393259,2.1963493150177196,2613,rho<-0.2|mixed
RPTSYSAD,1.8489442035059378,-3.645282251308297,1.572699336656074,2611,rho<-0.2|mixed
RPTTLD,1.5148477241927765,-3.9306896690840043,1.3978305788723495,2632,rho<-0.2|mixed
RRPONTSYAWARD,11.584687783091066,2.3166781674668533,12.027167984634,3000,rho~0|repeat
RRPONTSYD,-4.145394922252911,-5.044351855697462,-4.163824564748852,3000,rho<-0.2|cts
RRPONTSYSAD,-4.153093598590371,-5.040163565749757,-4.174324057530946,3000,rho<-0.2|cts
RRPONTTLD,-4.14534209047333,-5.034128041578609,-4.159630743265097,3000,rho<-0.2|cts
RRPTSYD,-4.13778392565097,-5.057585531396573,-4.155369060025556,3000,rho<-0.2|cts
RRPTTLD,-4.137769165216197,-5.06810740413648,-4.159704685530534,3000,rho<-0.2|cts
RUSRECD,15.863036179420972,2.4332035315211047,13.883954855117942,3000,rho~0|repeat
SOFR,4.703336016843152,0.5026981805510052,4.651540366379963,2049,rho~0|mixed
SOFR1,5.0174556007377,1.5260655977653268,4.97206034948895,2047,rho-0.2..-0.05|mixed
RUSRECDM,15.806468596079567,2.4327076749693224,14.347573900704624,3000,rho~0|repeat
SOFR180DAYAVG,5.176333146631524,2.341680139073248,4.954870927828794,1924,rho>0.2|cts
SOFR25,5.28187581340057,1.181516841022012,5.231261903580936,2047,rho~0|repeat
RUSRECDP,15.98060491878427,3.2264941771030817,14.129234407710765,3000,rho~0|repeat
SMRKTD678FRBCLE,3.3271666931140618,2.065765270083359,3.30431152854592,2958,rho>0.2|cts
SOFR30DAYAVG,5.22831275989624,1.836537694887314,5.13427816837264,2029,rho>0.2|cts
SOFR75,3.8785372335319845,0.6281598193071595,3.835686963811244,2047,rho~0|mixed
SOFR99,4.879102097482623,1.5266416936520184,4.823500319056155,2047,rho~0|mixed
SOFR90DAYAVG,5.257055984113358,1.9726415701120028,5.109416784692095,1987,rho>0.2|cts
SOFRINDEX,9.136880329542846,6.776434702410983,9.64431797743113,2051,rho-0.2..-0.05|cts
SOFRVOL,1.9714804811861515,1.7988869366192906,1.9714107976238806,2049,rho<-0.2|cts
SVKRECD,15.508273375913168,2.282469823079636,14.5994351736877,3000,rho~0|repeat
SVKRECDM,15.600430927412928,2.279527225466028,14.74642603114949,3000,rho~0|repeat
SVNRECD,17.37354870147468,7.438440297574323,16.237057356145936,3000,rho~0|repeat
SVNRECDM,17.309269251190777,7.4385970203112635,16.318245690622796,3000,rho~0|repeat
SVNRECDP,17.378848667426478,7.407092561248382,16.9454109324309,3000,rho~0|repeat
SVKRECDP,15.6533564888396,2.279050333821726,14.649137549116421,3000,rho~0|repeat
SWERECD,15.508382639637437,2.298106020096295,14.055534788080601,3000,rho~0|repeat
SWERECDM,15.388215043520793,2.3030321608505018,13.900344694236125,3000,rho~0|repeat
T10Y2Y,2.970488275279031,1.8510682874793591,2.9609012353387825,3000,rho-0.2..-0.05|cts
T10Y3M,1.8862280711079762,1.4424456920614783,1.8713689433393388,3000,rho~0|cts
T10YFF,1.758908763304678,1.2942098096524486,1.7375101819727552,3000,rho~0|cts
T10YIE,3.3929480710196387,2.6064113932755086,3.377730227881667,3000,rho0.05..0.2|cts
SWERECDP,15.675973339351325,2.3067616956411667,14.276540880314313,3000,rho~0|repeat
T1YFF,3.216124814299135,1.494594064621159,3.189845256507983,3000,rho~0|cts
T3MFF,3.8805067011444385,1.6207661645866747,3.8844086744102335,3000,rho~0|mixed
T5YFF,1.8355117013622708,1.260171889151289,1.818164901922403,3000,rho~0|cts
TGCR1STPERCENTILE,4.430025116450282,-0.17088519630728818,4.3784617860278825,2048,rho<-0.2|mixed
TGCR25THPERCENTILE,5.2151321599099125,0.5353556849802016,5.129609995149568,2048,rho~0|mixed
T5YIE,2.890119279686087,1.75987231309653,2.871408976641738,3000,rho0.05..0.2|cts
TGCR75THPERCENTILE,5.484813839943055,0.5145621467755651,5.384423181273843,2048,rho~0|repeat
T5YIFR,3.04514817941209,2.580984172710039,3.030282728954941,3000,rho-0.2..-0.05|cts
T6MFF,3.643026228687598,1.623991871780035,3.63514526321128,3000,rho~0|mixed
TEDRATE,2.5502312382203116,1.2133491481558758,2.5687992039046024,3000,rho<-0.2|cts
TGCR99THPERCENTILE,5.516015056001402,1.0830794717510388,5.393737154468689,2048,rho~0|mixed
TGCRRATE,5.425145279159587,0.4914809134552114,5.314855730323801,2050,rho~0|repeat
TGCRVOLUME,2.6823907155881406,2.6221760991703076,2.689398281719455,2050,rho-0.2..-0.05|cts
THREEFF1,1.9829553498581771,1.6481571632342424,1.9551242008221288,3000,rho>0.2|cts
THREEFF10,3.1343764914606256,2.90008585857845,3.115966588855068,3000,rho>0.2|cts
THREEFF2,2.391986688689687,1.8240507041130891,2.364505782294751,3000,rho>0.2|cts
THREEFF3,2.4239370651021668,1.910444491447349,2.3977753868207676,3000,rho>0.2|cts
THREEFF4,2.520041265162494,2.071212543455002,2.493672566521059,3000,rho>0.2|cts
THREEFF5,2.6352530621366568,2.244840818433011,2.6102307404423657,3000,rho>0.2|cts
THREEFF6,2.7505651262071478,2.413199286887711,2.7236475877917563,3000,rho>0.2|cts
THREEFF7,2.85861621946056,2.549777438141944,2.829095192296401,3000,rho>0.2|cts
THREEFF8,2.959645619278339,2.684506660246994,2.935937223295296,3000,rho>0.2|cts
THREEFF9,3.0516662086075463,2.794877344373593,3.0263208464919136,3000,rho>0.2|cts
THREEFFTP1,2.9480850933369065,2.7011206081086834,2.92470776016205,3000,rho>0.2|cts
THREEFFTP10,2.2915389883393473,2.1216408060753498,2.2656967408312534,3000,rho>0.2|cts
THREEFFTP2,2.6240490347118874,2.3837701456457783,2.5981872531615555,3000,rho>0.2|cts
THREEFFTP3,2.524400893717646,2.3101276469117384,2.4990730708907836,3000,rho>0.2|cts
THREEFFTP4,2.4798544184237823,2.272023688157352,2.4450046281085482,3000,rho>0.2|cts
THREEFFTP5,2.4465445467949807,2.271126341138934,2.419813016400812,3000,rho>0.2|cts
THREEFFTP7,2.3798071410263395,2.2130422191323054,2.353540367013694,3000,rho>0.2|cts
THREEFFTP6,2.4147985000342453,2.2388616805121817,2.3855162797888023,3000,rho>0.2|cts
THREEFFTP8,2.3478992718677754,2.1877901559005117,2.3280607520513414,3000,rho>0.2|cts
THREEFFTP9,2.3188220622985294,2.1553831646847614,2.295024322798361,3000,rho>0.2|cts
THREEFY1,2.429878693100601,2.020558723890552,2.4085506631753892,3000,rho>0.2|cts
THREEFY10,2.7847544343813655,2.4703256784106227,2.759597643523531,3000,rho0.05..0.2|cts
THREEFY2,2.6214872434975653,1.8666436291017012,2.601345241969452,3000,rho>0.2|cts
THREEFY3,2.556579262647899,1.9338258067353464,2.5275794211195435,3000,rho>0.2|cts
THREEFY4,2.547648260728571,1.9887251059329527,2.5182145769648394,3000,rho>0.2|cts
THREEFY5,2.565790754521289,2.0731929586194475,2.5417100138387805,3000,rho>0.2|cts
THREEFY6,2.6001895600883405,2.1468408216198482,2.575437179282524,3000,rho>0.2|cts
THREEFY7,2.642856681270192,2.2273478055640656,2.6198441039356197,3000,rho0.05..0.2|cts
THREEFY8,2.6897784440315355,2.3246072884879125,2.658653877455446,3000,rho0.05..0.2|cts
THREEFY9,2.7377147797986146,2.396723951969165,2.712466517800774,3000,rho0.05..0.2|cts
THREEFYTP1,3.4988014299728296,3.257722957171069,3.4738363524390814,3000,rho>0.2|cts
THREEFYTP10,2.5216527846956276,2.3364648628808133,2.4991165971372333,3000,rho>0.2|cts
THREEFYTP2,3.0536188621534155,2.8122327748438734,3.028905332905455,3000,rho>0.2|cts
THREEFYTP3,2.8637155581595533,2.6121104075651305,2.83091348612156,3000,rho>0.2|cts
THREEFYTP4,2.7598935415219423,2.5269495589189157,2.728770194117291,3000,rho>0.2|cts
THREEFYTP5,2.6943425294273897,2.470639622483456,2.6666344657816086,3000,rho>0.2|cts
THREEFYTP6,2.6456283738531536,2.4428543597408443,2.61494573317226,3000,rho>0.2|cts
THREEFYTP7,2.6077312828973747,2.4080244282191248,2.5761345344684794,3000,rho>0.2|cts
THREEFYTP8,2.5757859704095334,2.3837308253832483,2.5458687340814863,3000,rho>0.2|cts
THREEFYTP9,2.5469275687922726,2.364808218885125,2.5214046681864355,3000,rho>0.2|cts
TRINTDEXR,16.496545329923258,3.0228411485309037,14.180238348678225,3000,rho<-0.2|repeat
TURRECD,15.715376148710357,2.308955884189887,14.058808540055718,3000,rho~0|repeat
TURRECDM,15.833829518002103,2.319959812800727,13.91976036750664,3000,rho~0|repeat
TYCSD678FRBCLE,4.835877546537793,1.0446019149795318,4.814493003974123,2958,rho>0.2|mixed
TURRECDP,15.850327293014457,2.317192358882474,14.462769406550182,3000,rho~0|repeat
USARECD,16.90457547103964,2.3494158588359495,15.04092439915411,3000,rho~0|repeat
USARECDM,16.86405050992089,2.346577743469506,15.168776354493472,3000,rho~0|repeat
USARECDP,17.016286477013526,2.3529940713841455,15.350055871279176,3000,rho~0|repeat
USEPUINDXD,-0.6630384158022713,-0.8409928082369177,-0.6227345503545245,3000,rho<-0.2|cts
VXTYN,1.6288150644836599,1.55079874846545,1.6414270675777498,3000,rho-0.2..-0.05|cts
WDCD678FRBCLE,2.9282785837064123,1.0999389803823347,2.9085542416585395,2958,rho>0.2|cts
ZAFRECD,16.03154341870952,4.887947578874872,15.755149577699473,3000,rho~0|repeat
ZAFRECDP,16.03302270269204,4.888711931748996,14.567362614122192,3000,rho~0|repeat
ZAFRECDM,16.265260109216964,4.892703109313581,15.73918381145693,3000,rho~0|repeat
