series,ll_laplace,ll_x100_raw,ll_x100_sandwich,n,stratum
AAA10Y,3.147255984345169,2.07290118947784,2.9755009898047593,150,rho~0|cts
AAAFF,2.3592023530975905,1.249611067538431,2.3354164629228062,150,rho~0|cts
AB1020AAAMT,-7.352595048558395,-7.398874237055706,-7.415323515749779,150,rho<-0.2|cts
AB1020AAVOL,-3.8324235528926,-3.9472285982940836,-3.8472145071181845,150,rho<-0.2|cts
AB14AAAMT,-9.030500071715764,-9.435350522124194,-9.115954314895905,150,rho<-0.2|cts
AB14AAVOL,-5.327565274808931,-6.011693933346374,-5.337674971027996,150,rho<-0.2|cts
AB2140AAAMT,-7.4084388422569845,-7.341642804431725,-7.407895405655136,150,rho<-0.2|cts
AB2140AAVOL,-4.082815122918926,-4.025750257872126,-4.106554076353681,150,rho<-0.2|cts
AB4180AAAMT,-7.222455887631895,-7.2243019521585605,-7.26709728311228,150,rho<-0.2|cts
AB4180AAVOL,-3.862941536015513,-3.89144230675279,-3.9759429123049768,150,rho<-0.2|cts
AB59AAAMT,-9.364887278970725,-8.885815362413279,-8.875201888405797,150,rho<-0.2|cts
AB59AAVOL,-5.724839292435798,-5.430416352438362,-5.349827693619939,150,rho<-0.2|cts
ABGT80AAAMT,-8.09162863081262,-8.206359393641712,-8.194239947168496,150,rho<-0.2|cts
ABGT80AAVOL,-4.711601179682002,-4.976520263619218,-4.931389656134746,150,rho<-0.2|cts
ABSSD678FRBCLE,2.5961063157494597,2.450137871153769,2.4149792998753807,150,rho>0.2|cts
AUSRECD,20.62242197169618,24.409497489729894,26.038924778468118,150,rho~0|repeat
AUSRECDM,20.14747531748886,24.409497489729894,28.648111443784504,150,rho~0|repeat
AUSRECDP,22.047459148355117,24.409497489729894,25.32274652868651,150,rho~0|repeat
AUTRECD,22.047459148355117,24.409497489729894,25.32274652868651,150,rho~0|repeat
AUTRECDM,22.047459148355117,24.409497489729894,25.32274652868651,150,rho~0|repeat
AUTRECDP,24.143522656192545,24.409497489729894,24.963065989741413,150,rho~0|repeat
BAA10Y,3.772429411310863,2.7488277461331707,3.7170955677824593,150,rho~0|cts
BAAFF,2.513195999375313,1.4213506654737786,2.3982203961603714,150,rho0.05..0.2|cts
BBSD678FRBCLE,5.965999608821273,3.7978244624226383,6.443401426294926,150,rho>0.2|mixed
BELRECD,21.090263873936497,24.409497489729894,26.50541747774897,150,rho~0|repeat
BELRECDM,22.047459148355117,24.409497489729894,25.32274652868651,150,rho~0|repeat
BELRECDP,24.143522656192545,24.409497489729894,24.963065989741413,150,rho~0|repeat
BRARECD,21.023265272153896,24.409497489729894,27.45043504161819,150,rho~0|repeat
BRARECDM,20.938404434062456,24.409497489729894,27.139914157344833,150,rho~0|repeat
BRARECDP,21.388072270336846,24.409497489729894,27.57951795721563,150,rho~0|repeat
CANRECD,24.06130223292235,24.409497489729894,25.08234767458801,150,rho~0|repeat
CANRECDM,24.06130223292235,24.409497489729894,25.08234767458801,150,rho~0|repeat
CANRECDP,25.766094018884605,24.409497489729894,26.562722577421503,150,rho~0|repeat
CBSD678FRBCLE,4.274758935999087,3.422595556896246,4.074796092851822,150,rho>0.2|mixed
CFSI,3.627747361876374,3.1889374162407034,3.6294552646863707,150,rho>0.2|mixed
CHERECD,24.06130223292235,24.409497489729894,25.08234767458801,150,rho~0|repeat
CHERECDM,24.06130223292235,24.409497489729894,25.08234767458801,150,rho~0|repeat
CHERECDP,25.766094018884605,24.409497489729894,26.562722577421503,150,rho~0|repeat
CHLRECD,14.520086836918253,7.358239176697278,17.63796873317083,150,rho~0|repeat
CHLRECDM,14.928806911826065,12.473616670607045,18.430156604231197,150,rho~0|repeat
CHLRECDP,14.903801866667354,12.473616670607045,18.437293695456628,150,rho~0|repeat
CHNRECD,18.077520801948943,24.409497489729894,24.178861958688994,150,rho~0|repeat
CHNRECDM,18.694267286443406,24.409497489729894,24.372214850395007,150,rho~0|repeat
CHNRECDP,18.188127289723415,24.409497489729894,23.832651937425656,150,rho~0|repeat
CISD678FRBCLE,2.487403088908918,1.436805782282491,2.278013688079376,150,rho>0.2|mixed
CMBSSD678FRBCLE,4.0967255513615655,1.6775435544473178,4.2984047965136005,150,rho0.05..0.2|repeat
CMRKTSD678FRBCLE,3.67584017828845,2.871642392568476,3.3764576934410857,150,rho>0.2|cts
CPFF,1.4827237683637382,1.0924178071849,1.354902033541458,150,rho<-0.2|mixed
CPTBSD678FRBCLE,2.9705816760399064,2.580092393643278,2.8099673344221614,150,rho>0.2|cts
CZERECD,21.501430664376638,24.409497489729894,27.1878878339624,150,rho~0|repeat
CZERECDM,21.090263873936497,24.409497489729894,26.50541747774897,150,rho~0|repeat
CZERECDP,21.543351794772803,24.409497489729894,26.955422027283515,150,rho~0|repeat
DAAA,3.6601300868993394,3.0954837615123143,3.5834330118490856,150,rho~0|cts
DBAA,3.6774515207744205,3.2410825476821072,3.5075741663252895,150,rho~0|cts
DCD1M,5.423409591251903,0.3518511355815974,7.087642872640152,150,rho-0.2..-0.05|repeat
DCD6M,4.768540669308664,1.346779154420374,5.553610836815182,150,rho<-0.2|mixed
DCD90,5.2277928071891555,1.3835288583757275,6.1897512727504305,150,rho-0.2..-0.05|repeat
DCPF1M,3.1147642401276094,2.729802051941469,2.9339110080988067,150,rho<-0.2|cts
DCPF2M,2.5375096239196324,2.468995707975815,2.6315946377989268,150,rho<-0.2|cts
DCPF3M,2.9522230406115817,2.6410133698837672,2.749953598682637,150,rho<-0.2|cts
DCPN2M,3.3301992049226916,2.650590842668143,3.220529639227195,150,rho<-0.2|mixed
DCPN30,3.719564447363589,2.9088874718196758,3.549997617479374,150,rho<-0.2|mixed
DCPN3M,3.6344652430038527,2.969800475461575,3.505021141908327,150,rho<-0.2|mixed
DDFUELLA,1.799260540034506,1.436008950023142,1.7651936432426605,150,rho~0|cts
DDFUELNYH,1.9424884724335254,1.643025240727388,1.8273539484727273,150,rho~0|cts
DDFUELUSGULF,1.8344713929652017,1.5376932055258536,1.7041101449970002,150,rho0.05..0.2|cts
DED1,14.145677663757919,-0.10484027076236924,12.971841879359145,150,rho0.05..0.2|repeat
DED3,9.583611972856918,-0.42330765850042074,13.891706542089848,150,rho~0|repeat
DED6,9.264273643250224,-0.5553724593953904,14.299470953492031,150,rho~0|repeat
DEURECD,24.06130223292235,24.409497489729894,25.08234767458801,150,rho~0|repeat
DEURECDM,24.06130223292235,24.409497489729894,25.08234767458801,150,rho~0|repeat
DEURECDP,25.766094018884605,24.409497489729894,26.562722577421503,150,rho~0|repeat
DFEDTARL,13.794250159396652,0.21890438130089418,14.726204177452757,150,rho~0|repeat
DFEDTARU,15.159693353162538,1.5731030266913648,16.090682078280306,150,rho~0|repeat
DFF,14.414885586568863,4.674755607532139,16.57095643109463,150,rho~0|repeat
DFII10,2.7708727351981253,1.5808253651386046,2.706413675455379,150,rho~0|cts
DFII20,2.707759443348949,1.5895605263716615,2.601627242603536,150,rho~0|cts
DFII30,3.225084348909991,2.324575395351755,3.169977345930741,150,rho-0.2..-0.05|cts
DFII5,2.3813722823701697,1.4267869477552804,2.2875699989592344,150,rho~0|cts
DFII7,2.580024633674422,1.546955788905065,2.497122970405627,150,rho~0|cts
DGS1,3.7318969979553596,2.8741149571469506,3.4859748302325277,150,rho~0|cts
DGS10,3.194566307712292,2.982532118731842,3.0490364450710916,150,rho~0|cts
DGS1MO,5.1519654374948844,6.343190768278676,5.363231693237065,150,rho~0|mixed
DGS2,3.1824020593166216,2.7364525495721086,3.046141993597752,150,rho~0|cts
DGS20,3.4299862050271614,3.1708417472680392,3.414899782112019,150,rho~0|cts
DGS3,3.031858734688496,2.709297977832919,2.855412656883177,150,rho~0|cts
DGS30,3.6276433036582096,3.2081231481582604,3.5534480209389936,150,rho~0|cts
DGS3MO,4.962146954717938,6.107142695157705,4.991024557262392,150,rho-0.2..-0.05|mixed
DGS5,3.024170505644861,2.790172737179949,2.914752128566631,150,rho~0|cts
DGS6MO,4.989167190074727,3.6611012577476902,4.8352231633742395,150,rho-0.2..-0.05|mixed
DGS7,3.0610911907367635,2.796550648315693,2.9419451477041103,150,rho~0|cts
DJFUELUSGULF,1.7858274639186382,1.551196123147347,1.7091482843193258,150,rho0.05..0.2|cts
DLTIIT,2.7273989867432498,1.61046469644045,2.66379540401577,150,rho-0.2..-0.05|cts
DNKRECD,13.214647495138054,-1.16738997981901,14.565532726945651,150,rho~0|repeat
DNKRECDM,13.828866997904003,-1.16738997981901,15.82789279950638,150,rho~0|repeat
DNKRECDP,13.817531934938172,-1.16738997981901,15.811545658638073,150,rho~0|repeat
DPRIME,13.415942724177668,2.149955209605799,19.055080858777554,150,rho~0|repeat
DPROPANEMBTX,2.0719814426376724,1.6364207959825254,1.9244054925717977,150,rho>0.2|cts
DSWP1,3.223080850400108,2.1390519493432807,3.2029366672707713,150,rho-0.2..-0.05|mixed
DSWP10,2.610584058608693,2.0468307672810964,2.4722308801362085,150,rho~0|cts
DSWP2,2.5357458829466992,1.7923901734556424,2.4910507923398466,150,rho~0|mixed
DSWP3,2.2469442630978564,1.8450401910836587,2.176680753994242,150,rho~0|cts
DSWP30,2.5310767121209614,2.2703522499997884,2.4170078734445686,150,rho~0|cts
DSWP4,2.259659633943095,1.7800124066462515,2.042722504588594,150,rho~0|cts
DSWP5,2.2017225982458952,1.7522805148956384,2.1121429082465037,150,rho~0|cts
DSWP7,2.3819078980889765,1.851881989984494,2.2942286431471985,150,rho~0|cts
DTB1YR,3.8246784882050338,3.0731800908049065,3.7218638229498016,150,rho~0|cts
DTB3,5.5031606919616145,6.380070987505022,5.697230450688859,150,rho-0.2..-0.05|mixed
DTB4WK,5.097342713722141,6.919849255409069,5.306203165682191,150,rho~0|mixed
DTB6,5.277445525250104,3.468457028947386,5.043408366132334,150,rho-0.2..-0.05|cts
DTP10J11,0.6666986156839037,-0.3850160282665742,0.5523797395836573,150,rho>0.2|cts
DTP10J12,0.24154648189105396,-0.6539943393818648,0.11967393238331221,150,rho0.05..0.2|cts
DTP10J14,0.5300906028663468,0.11349663399088428,0.4161337724395501,150,rho>0.2|mixed
DTP10J15,0.1450806198411634,-0.6875970889364567,0.026615116760378144,150,rho>0.2|mixed
DTP10J16,0.18114614583068242,-0.7565312175148318,0.07828541084010546,150,rho0.05..0.2|mixed
DTP10J17,0.1865787500299803,-0.7607278615888573,0.10037040408579005,150,rho0.05..0.2|cts
DTP10J18,0.222522042853174,-0.5732918878318811,0.016210532688200267,150,rho~0|cts
DTP10J19,0.03405034589391961,-0.9824322146111379,-0.036894627925306754,150,rho~0|cts
DTP10J20,0.028842909165518127,-0.7458780617487211,-0.08160840058751363,150,rho~0|cts
DTP10J21,-0.5526923690396595,-1.146952915479016,-0.7863506098338687,150,rho<-0.2|cts
DTP10J22,-0.22250669857340366,-0.8061762763295501,-0.31674633098627103,150,rho-0.2..-0.05|cts
DTP10J23,-0.5029600648718956,-1.2481439847562088,-0.49561963190584424,150,rho~0|cts
DTP10J24,-0.0550972871344687,-0.8476503013755634,-0.15058128371753124,150,rho0.05..0.2|cts
DTP10J25,0.6312282684493195,0.5209373867777698,0.4604469248841201,150,rho~0|cts
DTP10J26,0.7942262179440244,0.5523039876961375,0.7095234822483664,150,rho~0|cts
DTP10J27,1.209784725032924,1.0279789997852729,1.0983015625400705,150,rho~0|cts
DTP10J28,1.7177154960024494,1.43708220552117,1.569448018339007,150,rho~0|cts
DTP10J29,1.7795279858835231,1.4193970932851596,1.579324679911945,150,rho~0|cts
DTP10J30,1.794752443964302,1.6012345722831456,1.7293005993060724,150,rho~0|cts
DTP10L12,0.5022990293123372,-0.31103549717378787,0.3718146063715775,150,rho0.05..0.2|cts
DTP10L13,0.4437819568723031,-0.443802349093267,0.25392523258067534,150,rho0.05..0.2|cts
DTP10L14,0.5654396826396024,-0.028550504742412386,0.35744217490427344,150,rho>0.2|cts
DTP10L15,0.01689513172108469,-0.5591603154275031,-0.1025701176919633,150,rho0.05..0.2|mixed
DTP10L16,0.19462837213441916,-0.46732198962100835,0.13605013704751096,150,rho0.05..0.2|mixed
DTP10L17,0.32080430501546253,-0.5227250020709562,0.16735807420010332,150,rho~0|mixed
DTP10L18,0.29881676774760896,-0.5356015535864262,0.2071545938340687,150,rho~0|cts
DTP10L19,-0.0344609629574582,-0.8421106036351036,-0.1792280223788623,150,rho-0.2..-0.05|cts
DTP10L20,-1.0435153048878831,-2.369924079227556,-1.2103935444691725,150,rho-0.2..-0.05|cts
DTP10L21,-0.37306304162269077,-0.8524522684596265,-0.4707705987733517,150,rho<-0.2|cts
DTP10L22,-0.35930161119865384,-1.3524582447803795,-0.4689035805967251,150,rho~0|cts
DTP10L23,-0.33884133469241173,-1.0625951189660165,-0.5389523364295755,150,rho0.05..0.2|cts
DTP10L24,0.5777053085291513,0.4217317354979251,0.498701217414738,150,rho~0|cts
DTP10L25,0.6614833457718939,0.47102899983447966,0.6530155817898315,150,rho~0|cts
DTP10L26,0.5220025256483228,0.07561580398862677,0.38688778198304274,150,rho~0|cts
DTP10L27,1.575226149530589,1.2450983315794315,1.3754461454876319,150,rho~0|cts
DTP10L28,1.7410963772406634,1.4176787918668645,1.6192333866908177,150,rho~0|cts
DTP10L29,1.815535705689694,1.5298817495191823,1.6846810419020388,150,rho~0|cts
DTP20J25,1.0071368936170748,0.7682517602336869,0.8953892560568122,150,rho~0|cts
DTP20J26,0.8624104981372638,0.44182183091677363,0.7315339714767725,150,rho~0|cts
DTP20J27,1.209243343611168,1.0323915586468342,1.0756761920273348,150,rho~0|cts
DTP20J28,1.7210940815747018,1.415520850430676,1.5617396624351232,150,rho~0|cts
DTP20J29,1.78601249059271,1.4670717117724976,1.6403111335784621,150,rho~0|cts
DTP30A28,2.480661133338018,1.32534029058696,2.3469696418905825,150,rho~0|cts
DTP30A29,2.605747220927942,1.2606490596534194,2.5486485597953954,150,rho-0.2..-0.05|cts
DTP30F40,1.961037686622858,1.8287096983446598,1.817700576505133,150,rho~0|cts
DTP30F41,1.9732357074802815,1.8318549713546366,1.7832602339110095,150,rho~0|cts
DTP30F42,1.9889754748290822,1.9095236109121823,1.7621854814168618,150,rho~0|cts
DTP30F43,2.000204511484813,1.8413491992866957,1.8329157552541908,150,rho~0|cts
DTP30F44,2.0204734235565773,1.868715974988422,1.832141825356451,150,rho~0|cts
DTP30F45,2.0103151945543285,1.9047697992608734,1.9211645801631407,150,rho~0|cts
DTP30F46,2.019598666802052,1.9259369703809606,1.8716224087549893,150,rho~0|cts
DTP30F47,2.0233066904200214,1.9361504107318668,1.8911227004186457,150,rho~0|cts
DTP30F48,2.028424127885626,1.9551264073890957,1.890520280279731,150,rho~0|cts
DTP30F49,2.023228807233496,1.9890636997129372,1.889792366289333,150,rho~0|cts
DTP30F50,2.024607361602225,1.9419079013439724,1.8712677911003754,150,rho~0|cts
DTP3HA32,2.5332296474032385,1.5118805383403457,2.473769654511947,150,rho~0|cts
EFFR,10.408434042855914,4.601588289002338,15.434908277808502,150,rho~0|repeat
EFFR1,9.881029087068299,3.032366362074268,15.640922374223297,150,rho<-0.2|repeat
EFFR25,8.96112831066516,4.175775742478071,12.444960195284626,150,rho~0|repeat
EFFR75,9.30334941638895,4.4391516685985035,12.156577438834889,150,rho~0|repeat
EFFR99,6.687946738989529,3.5983415379986394,6.906443086495376,150,rho~0|repeat
EFFRH,4.827655292879828,0.8922250951791213,7.0563607844245055,150,rho<-0.2|repeat
EFFRL,3.6085961472030386,2.8550031797254736,3.756725692489434,150,rho<-0.2|mixed
EFFRSD,3.300935061158178,-0.1378936183688504,4.819969902536037,150,rho<-0.2|repeat
EFFRVOL,1.2493715066874198,0.9032187661168645,1.1453450663540676,150,rho<-0.2|cts
ESPRECD,22.047459148355117,24.409497489729894,25.32274652868651,150,rho~0|repeat
ESPRECDM,22.047459148355117,24.409497489729894,25.32274652868651,150,rho~0|repeat
ESPRECDP,24.143522656192545,24.409497489729894,24.963065989741413,150,rho~0|repeat
ESTRECD,16.64364028682879,22.704371658426616,19.55884710710916,150,rho~0|repeat
ESTRECDM,17.62835041723722,24.409497489729894,20.015000903527685,150,rho~0|repeat
ESTRECDP,17.591499953621174,24.409497489729894,20.025538556612137,150,rho~0|repeat
FEMRKTSD678FRBCLE,1.828876456865901,1.745469169539398,1.8897660727903933,150,rho>0.2|cts
FIN1020AAAMT,-4.249971748935158,-5.117061642643547,-3.304181343330149,150,rho<-0.2|repeat
FIN1020AAVOL,-0.5382810495249913,-2.1206174531795687,0.8397480347633236,150,rho<-0.2|repeat
FIN14AAAMT,-8.136188112372974,-8.18305322652766,-8.115525045137735,150,rho<-0.2|cts
FIN14AAVOL,-4.717569011097079,-4.884872521957069,-4.790690285370274,150,rho<-0.2|cts
FIN2140AAAMT,-4.440330976029298,-5.791457644322945,-3.385021639911112,150,rho<-0.2|mixed
FIN2140AAVOL,-0.5248060822629073,-2.6565785508609334,0.42093232327290275,150,rho<-0.2|mixed
FIN4180AAAMT,-1.8259825951731963,-4.376878022391098,-0.6898227903590002,150,rho<-0.2|repeat
FIN4180AAVOL,2.1238205178049276,-1.7858512270050753,3.963027849180427,150,rho<-0.2|repeat
FIN59AAAMT,-4.97655863864279,-6.673746860418145,-4.577152106898561,150,rho<-0.2|cts
FIN59AAVOL,-1.518893129160473,-3.1537786988764687,-1.2657022455468843,150,rho<-0.2|mixed
FINBETAD678FRBCLE,6.067653741158833,2.9656247333928603,6.719677923613826,150,rho0.05..0.2|repeat
FINGT80AAAMT,-5.4751894512176875,-6.056785632853375,-5.3532538329211,150,rho<-0.2|mixed
FINGT80AAVOL,-2.4269967780646904,-3.181182115154,-2.4079331959103856,150,rho<-0.2|mixed
FINRECD,22.047459148355117,24.409497489729894,25.32274652868651,150,rho~0|repeat
FINRECDM,22.047459148355117,24.409497489729894,25.32274652868651,150,rho~0|repeat
FINRECDP,24.143522656192545,24.409497489729894,24.963065989741413,150,rho~0|repeat
FRARECD,24.06130223292235,24.409497489729894,25.08234767458801,150,rho~0|repeat
FRARECDM,24.06130223292235,24.409497489729894,25.08234767458801,150,rho~0|repeat
FRARECDP,25.766094018884605,24.409497489729894,26.562722577421503,150,rho~0|repeat
GBRRECD,24.06130223292235,24.409497489729894,25.08234767458801,150,rho~0|repeat
GBRRECDM,24.06130223292235,24.409497489729894,25.08234767458801,150,rho~0|repeat
GBRRECDP,25.766094018884605,24.409497489729894,26.562722577421503,150,rho~0|repeat
GRCRECD,20.14747531748886,24.409497489729894,28.648111443784504,150,rho~0|repeat
GRCRECDM,20.14747531748886,24.409497489729894,28.648111443784504,150,rho~0|repeat
GRCRECDP,22.047459148355117,24.409497489729894,25.32274652868651,150,rho~0|repeat
HUNRECD,22.047459148355117,24.409497489729894,25.32274652868651,150,rho~0|repeat
HUNRECDM,22.047459148355117,24.409497489729894,25.32274652868651,150,rho~0|repeat
HUNRECDP,24.143522656192545,24.409497489729894,24.963065989741413,150,rho~0|repeat
IBCOBD678FRBCLE,4.728640771631966,1.8694365871360556,5.021202122026258,150,rho0.05..0.2|repeat
IBLSD678FRBCLE,3.9168232439538158,2.3334308833967086,3.9018536661809966,150,rho>0.2|mixed
IBMRKTSD678FRBCLE,4.317488998229489,3.6293682504184637,4.036247127399243,150,rho>0.2|mixed
IDNRECD,20.5593222705356,24.409497489729894,27.00367582052544,150,rho~0|repeat
IDNRECDM,20.463384434314932,24.409497489729894,26.656258664867135,150,rho~0|repeat
IDNRECDP,20.93262383162032,24.409497489729894,27.121353150918278,150,rho~0|repeat
IHLIDX10420,5.458186339674901,5.264726538435724,5.484179482895477,150,rho>0.2|cts
IHLIDX10580,5.074983099350388,4.99918588129066,4.993515096877716,150,rho>0.2|cts
IHLIDX10740,5.463127683253333,5.156910359378247,5.190635204522565,150,rho>0.2|cts
IHLIDX10900,5.240107764261413,4.895361197914016,5.17311557493711,150,rho>0.2|cts
IHLIDX12060,5.794786291056699,5.724216355995342,5.717593654503023,150,rho>0.2|cts
IHLIDX12260,5.219494756770498,5.148794755345589,5.21344814754768,150,rho>0.2|cts
IHLIDX12420,5.444828146755399,5.405073544525468,5.4283668246678625,150,rho>0.2|cts
IHLIDX12540,5.109825084778704,4.97807090496833,5.07197270219845,150,rho>0.2|cts
IHLIDX12580,5.670083221889019,5.702337923468792,5.655976194516861,150,rho>0.2|cts
IHLIDX12940,4.92406066541777,4.663279330076902,4.904241990679544,150,rho>0.2|cts
IHLIDX13820,5.140872896472225,5.099974639627139,5.112254259270743,150,rho>0.2|cts
IHLIDX14260,5.607343957828673,5.545478910106419,5.486154548389484,150,rho>0.2|cts
IHLIDX14460,5.322212255282444,5.080812968472637,5.3618412297379345,150,rho>0.2|cts
IHLIDX14860,5.566580292067487,5.3976474081773445,5.482376916851745,150,rho>0.2|cts
IHLIDX15380,4.993151955583635,5.053105059913687,5.031121420184679,150,rho>0.2|cts
IHLIDX15980,5.55480351455271,5.406306357179886,5.527605128386269,150,rho>0.2|cts
IHLIDX16700,5.4393624631890125,5.287311513373102,5.385042309191943,150,rho>0.2|cts
IHLIDX16860,5.459364943133358,5.523342123777112,5.441035616729229,150,rho>0.2|cts
IHLIDX16980,5.617696619342828,5.446388057165385,5.669625319449416,150,rho>0.2|cts
IHLIDX17140,5.311827686682913,5.216518942373243,5.424015424340517,150,rho>0.2|cts
IHLIDX17460,5.609891001926781,5.737640276050593,5.640532222752972,150,rho>0.2|cts
IHLIDX17820,5.38110743426754,5.088208001222401,5.314017503706176,150,rho>0.2|cts
IHLIDX17900,5.513411214070011,5.469250663773415,5.505756014307312,150,rho>0.2|cts
IHLIDX18140,5.508297969565326,5.554664408911857,5.531594732543973,150,rho>0.2|cts
IHLIDX19100,5.626129696456084,5.456553466994485,5.468874389924758,150,rho>0.2|cts
IHLIDX19430,5.047311332604737,5.116050975647416,5.033910276729435,150,rho>0.2|cts
IHLIDX19660,5.406577499444786,5.45951295373949,5.368431138799864,150,rho>0.2|cts
IHLIDX19740,5.466725115281601,5.227083295796443,5.378600493644649,150,rho>0.2|cts
IHLIDX19780,5.480100521693166,5.339936660424858,5.445347669468586,150,rho>0.2|cts
IHLIDX19820,5.614179454875539,5.460716681807786,5.517432962701558,150,rho>0.2|cts
IHLIDX20500,5.228343282687,4.073634837490288,5.123528132093376,150,rho>0.2|cts
IHLIDX21340,5.198798430482087,5.070822977965898,5.172194886877471,150,rho>0.2|cts
IHLIDX22180,5.175822714479191,5.135264581849403,5.075284696407025,150,rho>0.2|cts
IHLIDX22220,5.191415109704379,5.043182419318374,5.1171613591239,150,rho>0.2|cts
IHLIDX23420,5.342417556881545,5.303317638702044,5.389228917846816,150,rho>0.2|cts
IHLIDX24340,5.55834314455601,5.529138728045769,5.434125830971111,150,rho>0.2|cts
IHLIDX24660,5.42184414394812,5.4333955214844325,5.159682089271599,150,rho>0.2|cts
IHLIDX24860,5.636030672173834,5.4572315927490385,5.474975137333806,150,rho>0.2|cts
IHLIDX25420,5.616864440298731,5.4947583543728875,5.52615444014921,150,rho>0.2|cts
IHLIDX25540,5.704828100636422,5.6201348569075735,5.5387245206719875,150,rho>0.2|cts
IHLIDX26420,5.756015397594574,5.738930400468592,5.671919829411167,150,rho>0.2|cts
IHLIDX26900,5.675939872624496,5.616816561112454,5.5054382295814674,150,rho>0.2|cts
IHLIDX27140,4.681436714579749,4.879634991547122,4.762101222247613,150,rho>0.2|cts
IHLIDX27260,5.591477321044704,5.498433616231719,5.547923467301062,150,rho>0.2|cts
IHLIDX28140,5.672331162179073,5.474404372490519,5.501309856246945,150,rho>0.2|cts
IHLIDX28940,5.329586702519018,5.36695387988749,5.326469974450642,150,rho>0.2|cts
IHLIDX29460,5.09528809666117,4.886137057718243,5.042050037945073,150,rho>0.2|cts
IHLIDX29540,5.090955456369845,4.758051706886147,4.921126292956696,150,rho>0.2|cts
IHLIDX29620,4.97499716193079,4.411187937625414,4.677811368839509,150,rho>0.2|cts
IHLIDX30460,5.366135253731596,5.2346689310032755,5.400286679908149,150,rho>0.2|cts
IHLIDX30780,5.190713847403003,4.875789537272072,4.99418906947048,150,rho>0.2|cts
IHLIDX31080,5.893351172291657,5.89018838839598,5.772739002153562,150,rho>0.2|cts
IHLIDX31140,5.311406051428476,5.294590510010213,5.183168890143271,150,rho>0.2|cts
IHLIDX31540,5.595085747072001,5.533684819682968,5.582254576594119,150,rho>0.2|cts
IHLIDX32580,5.187531363782809,5.266870263863696,5.125701692739833,150,rho>0.2|cts
IHLIDX32820,5.659822011451289,5.541426961217272,5.52503234216562,150,rho>0.2|cts
IHLIDX33100,5.598496953464386,5.488083653873793,5.55490966717324,150,rho>0.2|cts
IHLIDX33340,5.258954362200331,5.212557557780094,5.347166095166396,150,rho>0.2|cts
IHLIDX33460,5.436163201093573,5.377115183039132,5.444492157454218,150,rho>0.2|cts
IHLIDX33700,5.502403260822505,5.503786352646517,5.433515612405631,150,rho>0.2|cts
IHLIDX34980,5.620243886771185,5.572472783306395,5.661320459967679,150,rho>0.2|cts
IHLIDX35300,5.235576704153751,5.049464961198367,5.215123538822,150,rho>0.2|cts
IHLIDX35380,5.384205319890976,4.508388353806934,5.428291068003962,150,rho>0.2|cts
IHLIDX35620,5.837013839635489,5.78319455243649,5.749052157423586,150,rho>0.2|cts
IHLIDX35840,5.215153271680408,4.9389323336979905,5.13638327093982,150,rho>0.2|cts
IHLIDX36260,5.240822039592639,5.150643631537415,5.142159045775522,150,rho>0.2|cts
IHLIDX36420,5.353930576847963,5.228992526788624,5.317876616356379,150,rho>0.2|cts
IHLIDX36540,5.268147414577514,5.086882329542811,5.230783317233259,150,rho>0.2|cts
IHLIDX36740,5.616277504343156,5.570385020345891,5.574040635537158,150,rho>0.2|cts
IHLIDX37100,5.386675074652184,5.443341650195462,5.403697259175098,150,rho>0.2|cts
IHLIDX37340,5.345349196346198,5.323442153805128,5.3377222567950335,150,rho>0.2|cts
IHLIDX37980,5.599787215434551,5.430371253014949,5.550509949269472,150,rho>0.2|cts
IHLIDX38060,5.443601259477848,5.118004265571693,5.491320856870384,150,rho>0.2|cts
IHLIDX38300,5.45159510798344,5.191349207132566,5.463320406191881,150,rho>0.2|cts
IHLIDX38860,5.006730894170536,3.3472794492227465,4.989629133249153,150,rho>0.2|cts
IHLIDX38900,5.452930092480641,5.454099907648345,5.393935251406299,150,rho>0.2|cts
IHLIDX39100,5.360410223859574,5.091669900804043,5.323290807531231,150,rho>0.2|cts
IHLIDX39300,5.641181146585099,5.564408355465492,5.63648422610023,150,rho>0.2|cts
IHLIDX39340,5.36521633691736,5.45362358100355,5.461482681277712,150,rho>0.2|cts
IHLIDX39580,5.6884914121379415,5.63502203144447,5.5944262739384225,150,rho>0.2|cts
IHLIDX40060,5.516814489100257,5.328659846828782,5.350583400052564,150,rho>0.2|cts
IHLIDX40140,5.628042666801574,5.560100991692657,5.5839666913653865,150,rho>0.2|cts
IHLIDX40380,5.4659557850837075,5.334409526692349,5.443258260519602,150,rho>0.2|cts
IHLIDX40900,5.468875891755719,5.479791644286444,5.396264616471253,150,rho>0.2|cts
IHLIDX41180,5.479439337214627,5.443341278265928,5.375707026385722,150,rho>0.2|cts
IHLIDX41620,5.120058452773409,4.842337921511178,5.058484020735468,150,rho>0.2|cts
IHLIDX41700,5.7876492113280555,5.755414096862886,5.70314822425352,150,rho>0.2|cts
IHLIDX41740,5.724651698279219,5.558222126893191,5.651480712856458,150,rho>0.2|cts
IHLIDX41860,5.605663768834499,5.519937331175737,5.562238464107335,150,rho>0.2|cts
IHLIDX41940,5.448573793339627,5.072785904083447,5.27592282975578,150,rho>0.2|cts
IHLIDX42540,5.367857165974896,5.255728816865889,5.345764141095214,150,rho>0.2|cts
IHLIDX42660,5.559804367866204,5.527346533566796,5.420212886409587,150,rho>0.2|cts
IHLIDX44060,5.347642536353427,5.295389175653902,5.321812082725922,150,rho>0.2|cts
IHLIDX44140,4.852287027640507,4.335531484169868,4.81593618559907,150,rho>0.2|cts
IHLIDX45060,5.519706441938178,5.232823509994855,5.489382934184248,150,rho>0.2|cts
IHLIDX45300,5.460498660458611,5.382092453875873,5.340329898755855,150,rho>0.2|cts
IHLIDX45780,5.397217781323128,5.24422957658632,5.359744571925001,150,rho>0.2|cts
IHLIDX46060,5.545913853242437,5.453763693493938,5.485207697420253,150,rho>0.2|cts
IHLIDX46140,5.472132277622961,5.335710672832484,5.4393087671298055,150,rho>0.2|cts
IHLIDX46520,4.859172607980439,4.982032324817309,4.831940159066653,150,rho>0.2|cts
IHLIDX47260,5.547118566130285,5.262996453219941,5.398502228871029,150,rho>0.2|cts
IHLIDX47900,5.599860578132354,5.398770201503083,5.484351482415089,150,rho>0.2|cts
IHLIDX48620,5.332314831691167,5.2205658642767645,5.15814529333426,150,rho>0.2|cts
IHLIDX49180,5.369322350735349,5.342121879209142,5.356608917170293,150,rho>0.2|cts
IHLIDX49340,4.859524167759066,4.81705365589549,4.9767051040753465,150,rho>0.2|cts
IHLIDX49660,5.300125053354178,5.445078322623065,5.391068523508447,150,rho>0.2|cts
IHLIDXAU,5.090188471374276,4.691089722711626,4.872548731116046,150,rho>0.2|cts
IHLIDXAUTPACCO,4.3700345050852505,4.255063510812483,4.2814285482170655,150,rho>0.2|cts
IHLIDXAUTPADMIASSI,4.804251984932453,4.6156477088565255,4.722083948608603,150,rho>0.2|cts
IHLIDXAUTPAGFO,4.077614372260577,4.174525796456111,4.031175683936099,150,rho>0.2|cts
IHLIDXAUTPARCH,4.057378612957453,4.067298429731519,3.9616092351288374,150,rho>0.2|cts
IHLIDXAUTPAREN,4.346298784407088,4.2641124242248925,4.318502557249442,150,rho>0.2|cts
IHLIDXAUTPBAFI,4.157120087398754,4.142454585206867,4.003774375245141,150,rho>0.2|cts
IHLIDXAUTPBEWE,3.8380647290016556,3.1670390886322752,3.9153972151290084,150,rho>0.2|cts
IHLIDXAUTPCHIL,3.7632266752479118,3.5948065702086627,3.705565948261904,150,rho>0.2|cts
IHLIDXAUTPCIVIENGI,4.057054084985011,4.027819576700488,4.039269441238582,150,rho>0.2|cts
IHLIDXAUTPCLSA,4.166776786939417,3.965027534592594,4.137644585174502,150,rho>0.2|cts
IHLIDXAUTPCONS,4.638291270301674,4.471841223654695,4.459760631992179,150,rho>0.2|cts
IHLIDXAUTPCOSOSE,4.196317297448816,4.019566308782738,4.161106370748981,150,rho>0.2|cts
IHLIDXAUTPCUSTSERV,4.5032776938421915,4.309058863371954,4.468221697724462,150,rho>0.2|cts
IHLIDXAUTPDENT,3.9775562068860557,3.9225592580405206,3.9541248404355875,150,rho>0.2|cts
IHLIDXAUTPEDIN,3.9965393933590403,2.867898468317741,3.962642284223202,150,rho>0.2|cts
IHLIDXAUTPELECENGI,4.190516201994076,3.7912318591050105,4.07439560116495,150,rho>0.2|cts
IHLIDXAUTPFOPRSE,4.775975241098025,4.440158955648299,4.7060840428794135,150,rho>0.2|cts
IHLIDXAUTPHOTO,4.240924301592937,3.8559096855339554,4.147084016957884,150,rho>0.2|cts
IHLIDXAUTPHUMARESO,4.410298821050584,4.2254890177879245,4.368993012675447,150,rho>0.2|cts
IHLIDXAUTPINDEDO,4.5020184022700525,4.442398409315413,4.301914035961097,150,rho>0.2|cts
IHLIDXAUTPINDUENGI,4.289182507776392,4.214394462713134,4.241374978234753,150,rho>0.2|cts
IHLIDXAUTPINMA,5.008111418320474,4.873394973629225,4.808163582654884,150,rho>0.2|cts
IHLIDXAUTPINSU,3.930771538186358,3.6728882654935617,3.8709562942540052,150,rho>0.2|cts
IHLIDXAUTPITOPHE,4.374323449971797,4.201272787215691,4.298183489319701,150,rho>0.2|cts
IHLIDXAUTPLEGA,4.336022817971152,4.345413971668769,4.228225344173721,150,rho>0.2|cts
IHLIDXAUTPLOGISUPP,3.9767682903838484,3.6088756943667124,3.840850523515941,150,rho>0.2|cts
IHLIDXAUTPMANA,4.8774536287046075,4.7234189011544645,4.802887705284324,150,rho>0.2|cts
IHLIDXAUTPMARK,4.520851768266508,4.480615991946662,4.539354965446387,150,rho>0.2|cts
IHLIDXAUTPMATH,4.038018050074542,3.8314422241627346,3.9485751587657054,150,rho>0.2|cts
IHLIDXAUTPMECO,4.026914599435676,3.5979628787224276,3.9657541035103674,150,rho>0.2|cts
IHLIDXAUTPMEDIINFO,3.92271342283245,3.8522863895329906,3.9459199501459468,150,rho>0.2|cts
IHLIDXAUTPMEDITECH,4.2421438309592485,3.9795124980193695,4.141523286979716,150,rho>0.2|cts
IHLIDXAUTPNURS,4.226486173852447,4.027720240487395,4.143955418259307,150,rho>0.2|cts
IHLIDXAUTPPECAHOHE,4.525779585797625,4.370309863213675,4.408571461745386,150,rho>0.2|cts
IHLIDXAUTPPHAR,3.7976261249165675,3.3393224717704135,3.6882592249948676,150,rho>0.2|cts
IHLIDXAUTPPHSU,4.253534842190652,4.06789515300438,4.247432114648016,150,rho>0.2|cts
IHLIDXAUTPPRMA,4.749821892947282,4.521022553729822,4.6696203764916,150,rho>0.2|cts
IHLIDXAUTPPROJMANA,4.281666025512322,4.081106721428001,4.255761529914239,150,rho>0.2|cts
IHLIDXAUTPRETA,4.289009090767344,4.096037287013084,4.191910429873108,150,rho>0.2|cts
IHLIDXAUTPSALE,5.024301677535115,4.882776829711159,4.902585554735924,150,rho>0.2|cts
IHLIDXAUTPSCREDE,4.130424266523025,4.08018406410934,4.014458988974703,150,rho>0.2|cts
IHLIDXAUTPSEPUSA,3.9348559642603655,3.753252226351896,3.8366574663475013,150,rho>0.2|cts
IHLIDXAUTPSOCISCIE,3.950791510026773,3.856839524790355,3.9312316488532884,150,rho>0.2|cts
IHLIDXAUTPSOFTDEVE,4.780022665815697,4.775313915772852,4.745658374900801,150,rho>0.2|cts
IHLIDXAUTPSPOR,4.312623342387276,3.922020901571716,4.158751229877736,150,rho>0.2|cts
IHLIDXAUTPTHER,4.6458288305361375,4.496071337516952,4.458874810390959,150,rho>0.2|cts
IHLIDXAUTPVETE,4.168768332444022,4.072402835492644,4.160070731100969,150,rho>0.2|cts
IHLIDXCA,5.218986426313934,5.227690007666298,5.293665135414405,150,rho>0.2|cts
IHLIDXCATPACCO,4.936371577947497,4.967396484704188,4.898061439256676,150,rho>0.2|cts
IHLIDXCATPADMIASSI,4.817652686440056,4.540566164776533,4.782471489352527,150,rho>0.2|cts
IHLIDXCATPARCH,4.586323802094065,4.579779575695278,4.588211290235126,150,rho>0.2|cts
IHLIDXCATPAREN,4.699301456225599,4.554861709339739,4.611942066019461,150,rho>0.2|cts
IHLIDXCATPBAFI,4.117991640334592,3.8835329865327126,4.128763421289717,150,rho>0.2|cts
IHLIDXCATPBEWE,4.669246641749352,4.513441200794267,4.598386385667118,150,rho>0.2|cts
IHLIDXCATPCLSA,4.754477515857874,4.050820695994098,4.797169159006857,150,rho>0.2|cts
IHLIDXCATPCONS,5.005227547289596,4.630255233895954,4.894742422732313,150,rho>0.2|cts
IHLIDXCATPCOSOSE,4.828265393968066,4.55076503940384,4.811094671681699,150,rho>0.2|cts
IHLIDXCATPCUSTSERV,4.664346705685139,4.506332752238838,4.551114836545072,150,rho>0.2|cts
IHLIDXCATPDENT,4.707249392048237,4.3213392194353135,4.765635072263874,150,rho>0.2|cts
IHLIDXCATPDRIV,4.821407360188486,4.856544249829739,4.743931581467749,150,rho>0.2|cts
IHLIDXCATPEDIN,4.511187270805562,4.188683265664695,4.476032732903419,150,rho>0.2|cts
IHLIDXCATPFOPRSE,4.500810264398677,4.299722096060219,4.536157427581808,150,rho>0.2|cts
IHLIDXCATPHOTO,4.468457525923829,4.468540334117676,4.400735974207474,150,rho>0.2|cts
IHLIDXCATPHUMARESO,4.6781032799286475,4.321795580878806,4.715305752598497,150,rho>0.2|cts
IHLIDXCATPINDEDO,4.597801398892084,4.618830739898387,4.617658523848482,150,rho>0.2|cts
IHLIDXCATPINDUENGI,4.885214595893379,4.885375320730787,4.858430304261656,150,rho>0.2|cts
IHLIDXCATPINMA,5.200247562590378,4.915474066438467,5.192965770045775,150,rho>0.2|cts
IHLIDXCATPINSU,4.1098084493649365,3.5088209412685094,3.9876125182417703,150,rho>0.2|cts
IHLIDXCATPITOPHE,4.163338946708992,4.166616869145676,4.079558287833828,150,rho>0.2|cts
IHLIDXCATPLEGA,4.617919012047225,4.643379376196917,4.648128716406219,150,rho>0.2|cts
IHLIDXCATPLOGISUPP,4.651067607153971,4.621442827312642,4.640452011392423,150,rho>0.2|cts
IHLIDXCATPMANA,4.948716289799457,5.005382575447307,4.98705651496047,150,rho>0.2|cts
IHLIDXCATPMARK,4.737074391015281,4.312347545539484,4.766620431058224,150,rho>0.2|cts
IHLIDXCATPMECO,4.415022397617865,3.9324110239365213,4.5157577848274055,150,rho>0.2|cts
IHLIDXCATPMEDITECH,4.9675097291242585,4.740001556697473,4.837162622034936,150,rho>0.2|cts
IHLIDXCATPNURS,4.849748343052539,4.7798581799994855,4.944703072292821,150,rho>0.2|cts
IHLIDXCATPPECAHOHE,4.631263096229723,4.740942984496134,4.578418738201543,150,rho>0.2|cts
IHLIDXCATPPHSU,4.851981645947353,4.671591402495546,4.65492769799528,150,rho>0.2|cts
IHLIDXCATPPRMA,5.0475624906441245,4.984034591641127,4.984907026943906,150,rho>0.2|cts
IHLIDXCATPPROJMANA,5.0096938925762355,4.880876621225422,4.923897547192702,150,rho>0.2|cts
IHLIDXCATPRETA,4.600646563336339,4.435998847239511,4.549915017692093,150,rho>0.2|cts
IHLIDXCATPSALE,5.000409364699166,5.0442050999923405,5.019470690531912,150,rho>0.2|cts
IHLIDXCATPSCREDE,4.54920872914475,4.574712238754731,4.51132413380536,150,rho>0.2|cts
IHLIDXCATPSEPUSA,4.459737967939646,4.148461178526772,4.331049232376853,150,rho>0.2|cts
IHLIDXCATPSOFTDEVE,4.811874241846353,4.749683043650231,4.815807974719063,150,rho>0.2|cts
IHLIDXCATPTHER,4.991304473719658,4.8589154503339085,4.894113277753665,150,rho>0.2|cts
IHLIDXDE,5.710101558777513,5.304332942529382,5.714195127913829,150,rho>0.2|cts
IHLIDXDETPACCO,5.28050344040237,5.236948113889811,5.297155895216416,150,rho>0.2|cts
IHLIDXDETPADMIASSI,5.163267917131707,5.1009113599484035,5.17664335815834,150,rho>0.2|cts
IHLIDXDETPAGFO,5.098076230183037,4.942144010673107,5.0027205333032585,150,rho>0.2|cts
IHLIDXDETPARCH,5.604719686321762,5.439166079857786,5.361093021452891,150,rho>0.2|cts
IHLIDXDETPBAFI,4.766046768456401,4.540418287683602,4.783258435586208,150,rho>0.2|cts
IHLIDXDETPBEWE,5.163808354227157,5.300657924579194,5.2211939256680715,150,rho>0.2|cts
IHLIDXDETPCHIL,4.6306859470036486,4.476241256542805,4.679101023678235,150,rho>0.2|cts
IHLIDXDETPCIVIENGI,5.40004321420932,5.3863043871979945,5.406270769604694,150,rho>0.2|cts
IHLIDXDETPCLSA,5.269041396678096,4.726141902865022,5.29669113847453,150,rho>0.2|cts
IHLIDXDETPCONS,5.373631081118238,5.052405928880228,5.380445791188523,150,rho>0.2|cts
IHLIDXDETPCOSOSE,4.668932798351442,4.237205486509605,4.675790943474268,150,rho>0.2|cts
IHLIDXDETPCUSTSERV,4.856556440685105,4.952144936775395,4.900127389096228,150,rho>0.2|cts
IHLIDXDETPDENT,4.974804874935746,4.501124295190009,4.9503249664692355,150,rho>0.2|cts
IHLIDXDETPEDIN,4.655094301811257,4.449907456824456,4.685535637720966,150,rho>0.2|cts
IHLIDXDETPELECENGI,5.135237059310435,5.090865501843945,5.094773986368703,150,rho>0.2|cts
IHLIDXDETPFOPRSE,5.021718969929598,4.796541038370536,4.876576170939364,150,rho>0.2|cts
IHLIDXDETPHOTO,5.4026235909243745,5.098733510096229,5.439216178531593,150,rho>0.2|cts
IHLIDXDETPHUMARESO,5.047692442424011,4.7762185421353545,4.997221201905712,150,rho>0.2|cts
IHLIDXDETPINDEDO,5.2582625959124645,5.325054694552895,5.184439946666757,150,rho>0.2|cts
IHLIDXDETPINDUENGI,5.243738140973542,5.019620475944691,5.227560210418939,150,rho>0.2|cts
IHLIDXDETPINMA,5.7981143865492974,5.519971600354174,5.772314571877643,150,rho>0.2|cts
IHLIDXDETPINSU,4.331135090510186,4.057112003489561,4.276332771299092,150,rho>0.2|cts
IHLIDXDETPITOPHE,5.283865384832604,5.134104342282175,5.194282008412917,150,rho>0.2|cts
IHLIDXDETPLEGA,5.173562582380363,4.527412019760736,5.185203626763376,150,rho>0.2|cts
IHLIDXDETPLOGISUPP,5.276014678853381,5.227473982177016,5.307435205854795,150,rho>0.2|cts
IHLIDXDETPMANA,5.225241314960759,5.211929318697878,5.219813990115505,150,rho>0.2|cts
IHLIDXDETPMARK,5.066665281815404,4.875773535887918,5.072952123089392,150,rho>0.2|cts
IHLIDXDETPMATH,4.811323016474979,4.424064334748837,4.793217832218276,150,rho>0.2|cts
IHLIDXDETPMECO,4.813208338622573,4.67462045140613,4.859215737073921,150,rho>0.2|cts
IHLIDXDETPMEDITECH,5.141505839346943,4.810001505397175,5.109051299559046,150,rho>0.2|cts
IHLIDXDETPPHAR,4.594010774595833,4.741811942537503,4.738969432705015,150,rho>0.2|cts
IHLIDXDETPPRMA,5.764800673483392,5.653281978081099,5.717542433591422,150,rho>0.2|cts
IHLIDXDETPPROJMANA,5.526697522365465,5.314572814718941,5.511572732145163,150,rho>0.2|cts
IHLIDXDETPSALE,5.23749656857693,5.338965780543294,5.287818288084701,150,rho>0.2|cts
IHLIDXDETPSCREDE,5.0232615180013225,5.015709577164758,5.047364572518285,150,rho>0.2|cts
IHLIDXDETPSEPUSA,4.956459288744469,4.966744044528849,4.983155860327992,150,rho>0.2|cts
IHLIDXDETPSOCISCIE,4.649686824167053,4.2375661443785875,4.554325236932876,150,rho>0.2|cts
IHLIDXDETPSOFTDEVE,5.341131796090421,5.269219175225309,5.310535489191979,150,rho>0.2|cts
IHLIDXDETPSPOR,4.192928725185389,4.211229833120615,4.244925340915682,150,rho>0.2|cts
IHLIDXDETPTHER,5.429247252097468,5.298636337640174,5.503049784158257,150,rho>0.2|cts
IHLIDXDETPVETE,4.445737032945452,4.43310627944239,4.4238297651241325,150,rho>0.2|cts
IHLIDXFR,5.2431688465869435,4.989425569571263,5.16524986818214,150,rho>0.2|cts
IHLIDXFRTPACCO,5.053497633212136,4.764460974695444,4.884532581761895,150,rho>0.2|cts
IHLIDXFRTPADMIASSI,4.784287802872806,4.642939451062977,4.781292086969397,150,rho>0.2|cts
IHLIDXFRTPAGFO,4.547174069738463,3.7453536685871036,4.517940946837704,150,rho>0.2|cts
IHLIDXFRTPBAFI,4.911011906872084,4.871638454868919,4.863105008477467,150,rho>0.2|cts
IHLIDXFRTPCHIL,4.48454130945836,4.198733032992138,4.517865999789265,150,rho>0.2|cts
IHLIDXFRTPCLSA,5.025962545081747,4.847314297920526,5.09332117132293,150,rho>0.2|cts
IHLIDXFRTPCONS,4.717552414005967,4.637171629910596,4.710460823859114,150,rho>0.2|cts
IHLIDXFRTPCUSTSERV,4.83063915049486,4.665855889245124,4.688215025224483,150,rho>0.2|cts
IHLIDXFRTPDRIV,4.613389026448615,4.436555925467466,4.6203877360986985,150,rho>0.2|cts
IHLIDXFRTPEDIN,4.738743876598342,4.620348861846668,4.744169692210644,150,rho>0.2|cts
IHLIDXFRTPFOPRSE,5.076096179092544,4.773709033087611,4.939298939496603,150,rho>0.2|cts
IHLIDXFRTPHOTO,4.570854853512989,4.388781859180082,4.4649942600731265,150,rho>0.2|cts
IHLIDXFRTPHUMARESO,4.819333367125578,4.657561234814474,4.804427493800431,150,rho>0.2|cts
IHLIDXFRTPINDEDO,4.9972239172914845,4.947959404539952,4.976526580036663,150,rho>0.2|cts
IHLIDXFRTPINDUENGI,4.8895529525866115,4.385270539496064,4.905644696931761,150,rho>0.2|cts
IHLIDXFRTPINMA,4.966637817727455,4.586048759160695,4.913927878991912,150,rho>0.2|cts
IHLIDXFRTPINSU,4.455192936805662,4.338292926168608,4.309686488663784,150,rho>0.2|cts
IHLIDXFRTPITOPHE,4.871438447663899,4.741550594373897,4.76261370953835,150,rho>0.2|cts
IHLIDXFRTPLEGA,5.0767223048057435,4.829215338600555,4.863920059782391,150,rho>0.2|cts
IHLIDXFRTPLOGISUPP,4.6805451683136505,4.594176652374845,4.651686140038411,150,rho>0.2|cts
IHLIDXFRTPMANA,5.096981772903004,4.828876825779275,5.029321685740786,150,rho>0.2|cts
IHLIDXFRTPMARK,4.888092280158034,4.782051680659087,4.800160245806489,150,rho>0.2|cts
IHLIDXFRTPMECO,4.763152293503099,4.33602286938174,4.600134750531517,150,rho>0.2|cts
IHLIDXFRTPNURS,5.012698986780825,4.617153752777989,4.980112993452155,150,rho>0.2|cts
IHLIDXFRTPPECAHOHE,4.8170281839742115,4.416686160584462,4.649119298664659,150,rho>0.2|cts
IHLIDXFRTPPHAR,4.448259724786487,4.297461183424619,4.461261502141594,150,rho>0.2|cts
IHLIDXFRTPPHSU,4.53872450237909,4.51118399417469,4.512173399935444,150,rho>0.2|cts
IHLIDXFRTPPRMA,4.771140601562242,4.632073656556182,4.737361095576026,150,rho>0.2|cts
IHLIDXFRTPPROJMANA,5.068577288010807,4.895868975966709,4.9916146264102315,150,rho>0.2|cts
IHLIDXFRTPRETA,4.691699831938703,4.2106293859179615,4.59416736843578,150,rho>0.2|cts
IHLIDXFRTPSALE,4.902880177803907,4.691262220533305,4.802998011862751,150,rho>0.2|cts
IHLIDXFRTPSEPUSA,4.666200848090773,4.597739102594579,4.712257499200382,150,rho>0.2|cts
IHLIDXFRTPSOFTDEVE,4.942513857643535,4.648012205471935,4.774807432280444,150,rho>0.2|cts
IHLIDXFRTPTHER,5.00018617947206,4.318781016438811,4.861453511711898,150,rho>0.2|cts
IHLIDXGB,4.958004840756135,4.5928216292938835,4.863990472625762,150,rho>0.2|cts
IHLIDXGBTPACCO,4.708951926105174,4.751676660619067,4.847985049098189,150,rho>0.2|cts
IHLIDXGBTPADMIASSI,4.364041735391523,3.4933698576563756,4.25534063063233,150,rho>0.2|cts
IHLIDXGBTPARCH,4.36508859531397,4.310414486876611,4.320963222128984,150,rho>0.2|cts
IHLIDXGBTPAREN,4.524588261980315,4.506832089495756,4.518670372549979,150,rho>0.2|cts
IHLIDXGBTPBAFI,4.627602726024083,4.494964129454354,4.655435656966236,150,rho>0.2|cts
IHLIDXGBTPBEWE,4.580680197443357,3.5590652236601343,4.438768768437467,150,rho>0.2|cts
IHLIDXGBTPCHIL,4.521831727000042,4.241915129705942,4.508074475094787,150,rho>0.2|cts
IHLIDXGBTPCIVIENGI,4.30822593072819,4.3881849061273215,4.396537403487014,150,rho>0.2|cts
IHLIDXGBTPCLSA,4.819459145529204,4.684208188593869,4.822184885045804,150,rho>0.2|cts
IHLIDXGBTPCONS,4.5528629955623305,4.273766829627966,4.396064440641946,150,rho>0.2|cts
IHLIDXGBTPCOSOSE,4.367676893968213,4.226451683497398,4.352062158585481,150,rho>0.2|cts
IHLIDXGBTPCUSTSERV,4.499056945228141,4.4657614181894045,4.219853126256832,150,rho>0.2|cts
IHLIDXGBTPDENT,4.133913629911617,3.190718016051858,4.074459354391205,150,rho>0.2|cts
IHLIDXGBTPDRIV,4.2450452171250035,3.9948674564241844,4.25851950884971,150,rho>0.2|cts
IHLIDXGBTPEDIN,4.505442401670981,4.244100441296435,4.427672760635906,150,rho>0.2|cts
IHLIDXGBTPELECENGI,4.625584744544703,4.425856276771667,4.556360610410305,150,rho>0.2|cts
IHLIDXGBTPFOPRSE,4.751462474793703,4.521287648684089,4.699201455347649,150,rho>0.2|cts
IHLIDXGBTPHOTO,4.4661752020736305,4.3635307756919035,4.458767852274175,150,rho>0.2|cts
IHLIDXGBTPHUMARESO,4.574863096994614,4.241301806516874,4.579084636555914,150,rho>0.2|cts
IHLIDXGBTPINDEDO,4.696475539123551,4.709466732155774,4.6313044727097195,150,rho>0.2|cts
IHLIDXGBTPINDUENGI,4.605235865837735,4.535134884842665,4.624390215834741,150,rho>0.2|cts
IHLIDXGBTPINMA,4.8386636044360944,4.581447797460952,4.696802310347441,150,rho>0.2|cts
IHLIDXGBTPINSU,4.26630521196098,4.2185781789274195,4.232877199408327,150,rho>0.2|cts
IHLIDXGBTPITOPHE,4.5031905718997844,4.573167585380649,4.426010948883059,150,rho>0.2|cts
IHLIDXGBTPLEGA,4.434988796867753,4.015973271714171,4.372749864660299,150,rho>0.2|cts
IHLIDXGBTPLOGISUPP,4.335602275168917,4.052801845120093,4.171059173563188,150,rho>0.2|cts
IHLIDXGBTPMANA,4.940154889291778,4.669637316237524,4.9529542737306596,150,rho>0.2|cts
IHLIDXGBTPMARK,4.696187487613615,4.571832738815934,4.580224683646211,150,rho>0.2|cts
IHLIDXGBTPMATH,4.408174044716155,4.419308194267527,4.448231513982592,150,rho>0.2|cts
IHLIDXGBTPMECO,4.296221158757661,4.051658395851797,4.290452080052184,150,rho>0.2|cts
IHLIDXGBTPMEDIINFO,3.970533424860981,3.5431851402463987,3.8292350175155603,150,rho>0.2|cts
IHLIDXGBTPMEDITECH,4.038521351780403,4.024727247972565,3.9948436769029203,150,rho>0.2|cts
IHLIDXGBTPNURS,4.149834446482189,4.203796377429497,4.107198224046903,150,rho>0.2|cts
IHLIDXGBTPPECAHOHE,4.727254652306804,4.583165528409895,4.567812687821322,150,rho>0.2|cts
IHLIDXGBTPPHAR,4.1943345325049926,4.076479071168869,4.171306326451204,150,rho>0.2|cts
IHLIDXGBTPPHSU,4.000206846481249,3.9201510002996622,4.032028221834948,150,rho>0.2|cts
IHLIDXGBTPPRMA,4.6767285115790935,4.33377636302307,4.521408900061962,150,rho>0.2|cts
IHLIDXGBTPPROJMANA,4.836566460997849,4.3671074631159,4.925498833550684,150,rho>0.2|cts
IHLIDXGBTPRETA,4.467129494778809,4.486530350598182,4.372385960124453,150,rho>0.2|cts
IHLIDXGBTPSALE,4.856530923747659,4.734906890278338,4.656832359657036,150,rho>0.2|cts
IHLIDXGBTPSCREDE,4.513054835553244,4.162258581891837,4.372196541732079,150,rho>0.2|cts
IHLIDXGBTPSEPUSA,4.275488675735071,4.239541133213155,4.226379048749291,150,rho>0.2|cts
IHLIDXGBTPSOCISCIE,4.021095853596868,3.6983265937906795,4.110501428716217,150,rho>0.2|cts
IHLIDXGBTPSOFTDEVE,4.7969692222629465,4.6629467773646835,4.659953199695728,150,rho>0.2|cts
IHLIDXGBTPSPOR,4.6289722689790995,4.547977613569257,4.526517309555198,150,rho>0.2|cts
IHLIDXGBTPTHER,4.010632400955142,3.6374147350321144,3.7242429232819054,150,rho>0.2|cts
IHLIDXGBTPVETE,4.06642249777545,3.9243452947570656,4.102487689607575,150,rho>0.2|cts
IHLIDXIE,4.93624126868378,4.534022129644432,4.805036158444747,150,rho>0.2|cts
IHLIDXNEWAU,3.6010633127017617,3.493037440952282,3.58719178043085,150,rho>0.2|cts
IHLIDXNEWCA,3.5532218275009857,3.4019998584173554,3.668436159306437,150,rho>0.2|cts
IHLIDXNEWDE,3.233850935039215,3.249366861937528,3.4361861674796006,150,rho>0.2|cts
IHLIDXNEWFR,3.451882485712061,3.366690634315871,3.5492412616132665,150,rho>0.2|cts
IHLIDXNEWGB,3.3802070117351946,3.175780953331983,3.419929500404842,150,rho>0.2|cts
IHLIDXNEWIE,3.1852814048350537,2.878383977580294,3.3316429516271415,150,rho>0.2|cts
IHLIDXNEWNSAAU,3.5820218113069857,3.3952747536662016,3.7533395944636467,150,rho>0.2|cts
IHLIDXNEWNSACA,3.640868101962312,3.638656509806067,3.805635064209661,150,rho>0.2|cts
IHLIDXNEWNSADE,3.2098188010129607,3.1906015365296674,3.477941017034506,150,rho>0.2|cts
IHLIDXNEWNSAFR,3.528583942920509,3.162581372171922,3.723442795454395,150,rho>0.2|cts
IHLIDXNEWNSAGB,3.46952410865356,3.093050305016214,3.7074841334779687,150,rho>0.2|cts
IHLIDXNEWNSAIE,3.3123433340001887,3.0867437195234437,3.537012198889948,150,rho>0.2|cts
IHLIDXNEWNSAUS,3.84256652727135,3.8769626524701475,3.9608389380540907,150,rho>0.2|cts
IHLIDXNEWUS,3.8099250068587414,3.8240064989117135,3.764230916242271,150,rho>0.2|cts
IHLIDXNSAAU,5.1774720044766775,5.093641697766778,5.1489129961278435,150,rho>0.2|cts
IHLIDXNSACA,5.323887452367925,5.238353192126437,5.296390554658231,150,rho>0.2|cts
IHLIDXNSADE,5.702322448442808,5.332793160272567,5.845375193662739,150,rho>0.2|cts
IHLIDXNSAFR,5.31827151378628,5.137946172467473,5.245320391754656,150,rho>0.2|cts
IHLIDXNSAGB,5.1180783393367575,4.855737298091165,5.0917396923860485,150,rho>0.2|cts
IHLIDXNSAIE,5.07932686791772,4.815289504774815,5.023151808126476,150,rho>0.2|cts
IHLIDXNSAUS,5.363484211159849,5.461273852200753,5.4009717858346145,150,rho>0.2|cts
IHLIDXUS,5.362944344796996,5.185196397614751,5.439468620628799,150,rho>0.2|cts
IHLIDXUSAK,4.981239400952653,4.687364351709736,5.069842172046699,150,rho>0.2|cts
IHLIDXUSAL,5.176307718503068,4.996112663003557,5.187496417952361,150,rho>0.2|cts
IHLIDXUSAR,4.991782878689764,4.8620136272542425,5.051941800108288,150,rho>0.2|cts
IHLIDXUSAZ,5.290974186319858,5.122952418062324,5.338723173299001,150,rho>0.2|cts
IHLIDXUSCA,5.255048401810318,5.1343797636194015,5.232414141361986,150,rho>0.2|cts
IHLIDXUSCO,5.187220145567575,4.951956945912164,5.204234613145256,150,rho>0.2|cts
IHLIDXUSCT,5.049419860663252,5.1319189757969,5.122739674118864,150,rho>0.2|cts
IHLIDXUSDC,5.059924509573234,4.949588679080913,4.965803920739923,150,rho>0.2|cts
IHLIDXUSDE,5.045790211716251,5.060288870909732,5.084125851294228,150,rho>0.2|cts
IHLIDXUSFL,5.259723937588195,5.105161320419723,5.29396631129178,150,rho>0.2|cts
IHLIDXUSGA,5.194289252574421,5.194129147752231,5.186642665871561,150,rho>0.2|cts
IHLIDXUSHI,5.1005809177802455,4.979880593655557,5.219929099514345,150,rho>0.2|cts
IHLIDXUSIA,5.160804921049069,5.0645145564495175,5.084739361597875,150,rho>0.2|cts
IHLIDXUSID,5.044993270085556,5.0449152839336655,5.084630733652467,150,rho>0.2|cts
IHLIDXUSIL,5.284882658819513,5.2684561458657955,5.279357971042572,150,rho>0.2|cts
IHLIDXUSIN,5.244776008030087,5.171213280906574,5.23077621417034,150,rho>0.2|cts
IHLIDXUSKS,5.171916197354864,5.225838174759989,5.160001646599039,150,rho>0.2|cts
IHLIDXUSKY,5.247481719307386,5.314780989933974,5.198947651394047,150,rho>0.2|cts
IHLIDXUSLA,5.19845834808813,5.105465617747104,5.127248314156509,150,rho>0.2|cts
IHLIDXUSMA,5.167367882625271,5.137534768836007,5.2240910137535845,150,rho>0.2|cts
IHLIDXUSMD,5.301553549378436,5.146791340037947,5.347372352299921,150,rho>0.2|cts
IHLIDXUSME,5.105672787153106,4.927586876127161,5.098770065551824,150,rho>0.2|cts
IHLIDXUSMI,5.298796395470087,5.266083188338497,5.375397983369325,150,rho>0.2|cts
IHLIDXUSMN,5.191169434836129,5.175829942158804,5.250070715947513,150,rho>0.2|cts
IHLIDXUSMO,5.212783931835218,5.216567725004751,5.241859747951479,150,rho>0.2|cts
IHLIDXUSMS,4.906539317079577,4.7959870605039905,4.968918890118807,150,rho>0.2|cts
IHLIDXUSMT,5.099504318411826,4.913791058625521,4.936568389799171,150,rho>0.2|cts
IHLIDXUSNC,5.205719949682134,5.074969299556135,5.1265073810038215,150,rho>0.2|cts
IHLIDXUSND,5.149564834701016,5.158755102857837,5.170446235692421,150,rho>0.2|cts
IHLIDXUSNE,5.165828681225151,5.141808990821972,5.195164561055686,150,rho>0.2|cts
IHLIDXUSNH,5.076312021718366,5.19849544549418,5.107443888730246,150,rho>0.2|cts
IHLIDXUSNJ,5.035208619548686,5.154438635545482,5.074775107676404,150,rho>0.2|cts
IHLIDXUSNM,5.08659500237527,4.917273986277364,5.092737773232616,150,rho>0.2|cts
IHLIDXUSNV,5.157380346472511,5.131047205826603,5.07221059807151,150,rho>0.2|cts
IHLIDXUSNY,5.189855446670759,5.145634143272648,5.208416733940567,150,rho>0.2|cts
IHLIDXUSOH,5.155184810992402,5.1148411377941105,5.230179934997963,150,rho>0.2|cts
IHLIDXUSOK,5.123265438922855,5.090899170328701,5.058768683041388,150,rho>0.2|cts
IHLIDXUSOR,5.19738888761285,5.188555914387478,5.176179972024206,150,rho>0.2|cts
IHLIDXUSPA,5.2887746473511985,5.176368147894547,5.328902784837502,150,rho>0.2|cts
IHLIDXUSRI,4.960498649411469,4.885275879655791,4.978476264994169,150,rho>0.2|cts
IHLIDXUSSC,5.253050956715799,4.969341087855406,5.223757194872216,150,rho>0.2|cts
IHLIDXUSSD,4.898342321766421,4.683185961140152,4.908279007428045,150,rho>0.2|cts
IHLIDXUSTN,5.211428921433771,5.057195675011058,5.150751387521189,150,rho>0.2|cts
IHLIDXUSTPACCO,4.7549132349084555,3.91466260149322,4.805368784569518,150,rho>0.2|cts
IHLIDXUSTPADMIASSI,4.989648614197173,4.885946436675742,4.984249559971742,150,rho>0.2|cts
IHLIDXUSTPARCH,5.023824667791312,4.976271648531473,5.085010802165797,150,rho>0.2|cts
IHLIDXUSTPAREN,4.873297287144041,4.785993354892901,4.765008725112955,150,rho>0.2|cts
IHLIDXUSTPBAFI,4.902142170748726,4.724372275651337,4.764231015374875,150,rho>0.2|cts
IHLIDXUSTPBEWE,4.860809157872485,4.445117592872743,4.9544764750280414,150,rho>0.2|cts
IHLIDXUSTPCHIL,5.043805803982515,5.028971309926897,4.868638843727738,150,rho>0.2|cts
IHLIDXUSTPCIVIENGI,5.164666035117268,5.0887375310591345,5.234565753698046,150,rho>0.2|cts
IHLIDXUSTPCLSA,5.003067955287824,5.172606179697315,4.969210110657473,150,rho>0.2|cts
IHLIDXUSTPCONS,5.135521889740771,4.818350815675074,5.162719657697506,150,rho>0.2|cts
IHLIDXUSTPCOSOSE,5.209565719250576,4.958594923924628,5.316187196377414,150,rho>0.2|cts
IHLIDXUSTPCUSTSERV,5.056762917689917,5.004699006399696,4.913550800875806,150,rho>0.2|cts
IHLIDXUSTPDENT,4.861123113341658,4.958740741502423,4.964738837810224,150,rho>0.2|cts
IHLIDXUSTPDRIV,3.889723895603347,4.312277294155895,4.271666419663536,150,rho0.05..0.2|cts
IHLIDXUSTPEDIN,5.2079629451286165,5.006464511867969,5.196973806194033,150,rho>0.2|cts
IHLIDXUSTPELECENGI,4.955789956098047,4.910799952195781,4.985744169388286,150,rho>0.2|cts
IHLIDXUSTPFOPRSE,5.004387260433048,4.9492297042232085,5.045017648860848,150,rho>0.2|cts
IHLIDXUSTPHOTO,4.9769440605990125,5.020717476526017,4.965267634708889,150,rho>0.2|cts
IHLIDXUSTPHUMARESO,4.951341948077627,4.882191429792698,4.921395437284279,150,rho>0.2|cts
IHLIDXUSTPINDEDO,4.960977113855281,4.873107977290934,4.966499906165425,150,rho>0.2|cts
IHLIDXUSTPINDUENGI,4.9299752005012625,4.941087531094301,4.9890034244804,150,rho>0.2|cts
IHLIDXUSTPINMA,5.179794468967698,5.122958807289522,5.147348678761974,150,rho>0.2|cts
IHLIDXUSTPINSU,4.688445097839583,4.099935362089256,4.67132163381506,150,rho>0.2|cts
IHLIDXUSTPITOPHE,4.985259439335004,4.931647393182516,4.997086700016873,150,rho>0.2|cts
IHLIDXUSTPLEGA,5.1233862410218425,4.957473777545502,5.172603872037565,150,rho>0.2|cts
IHLIDXUSTPLOGISUPP,4.621271066550499,4.649552918504102,4.553816963642296,150,rho>0.2|cts
IHLIDXUSTPMANA,5.079126713734866,4.850241571268182,5.020353471023227,150,rho>0.2|cts
IHLIDXUSTPMARK,4.935698890843828,4.784610516486748,4.983625870121756,150,rho>0.2|cts
IHLIDXUSTPMATH,4.777136875552487,4.696261659090116,4.77958230359813,150,rho>0.2|cts
IHLIDXUSTPMECO,4.795767122662205,4.869664207284326,4.898812696354941,150,rho>0.2|cts
IHLIDXUSTPMEDIINFO,4.779486012116366,4.903043281152364,4.854712342600795,150,rho>0.2|cts
IHLIDXUSTPMEDITECH,5.225899795694768,5.264191471983104,5.2393538611784685,150,rho>0.2|cts
IHLIDXUSTPNURS,5.191265842571958,5.244583156989351,5.20503761943019,150,rho>0.2|cts
IHLIDXUSTPPECAHOHE,4.87294681644143,4.738581155072316,4.801021148606277,150,rho>0.2|cts
IHLIDXUSTPPHAR,4.652402652567046,4.474826252118923,4.675621652956884,150,rho>0.2|cts
IHLIDXUSTPPHSU,5.126331516159718,5.095739824313107,5.118598088035477,150,rho>0.2|cts
IHLIDXUSTPPRMA,5.0887666902358175,5.010613948658201,5.164738243820727,150,rho>0.2|cts
IHLIDXUSTPPROJMANA,5.09685523193003,5.189848888814765,5.149505265372031,150,rho>0.2|cts
IHLIDXUSTPRETA,4.846193898097227,4.824143253672657,4.966510851037622,150,rho>0.2|cts
IHLIDXUSTPSALE,5.22230710129031,5.025033190863555,5.1013402390597005,150,rho>0.2|cts
IHLIDXUSTPSCREDE,4.9174778767897935,4.806892791670346,4.849805888664177,150,rho>0.2|cts
IHLIDXUSTPSEPUSA,4.8020738273412285,4.668279183384765,4.856060525630193,150,rho>0.2|cts
IHLIDXUSTPSOFTDEVE,4.882747611479544,4.77837502991622,4.822872847075243,150,rho>0.2|cts
IHLIDXUSTPSPOR,5.033788398354425,4.145727419064967,5.083298714975913,150,rho>0.2|cts
IHLIDXUSTPTHER,5.073957366563196,4.893396498475625,5.1020169895105205,150,rho>0.2|cts
IHLIDXUSTPVETE,4.807851635518064,4.447864353576429,4.832288027134669,150,rho>0.2|cts
IHLIDXUSTX,5.267180997668434,5.127453640798849,5.3196845820197325,150,rho>0.2|cts
IHLIDXUSUT,5.091096775909984,5.136918843490031,5.221907790132418,150,rho>0.2|cts
IHLIDXUSVA,5.195119946565362,5.041906478707469,5.161680883181361,150,rho>0.2|cts
IHLIDXUSVT,5.038626889343221,4.628834655086041,5.103390390879613,150,rho>0.2|cts
IHLIDXUSWA,4.999808523702452,4.919887607987993,4.9914861415266865,150,rho>0.2|cts
IHLIDXUSWI,5.113029359518348,5.2431600109538685,5.328516585964386,150,rho>0.2|cts
IHLIDXUSWV,4.936514713813108,4.803765060572721,4.867042007876312,150,rho>0.2|cts
IHLIDXUSWY,4.981597826289442,4.816755822016321,5.025530698133763,150,rho>0.2|cts
INDRECD,24.06130223292235,24.409497489729894,25.08234767458801,150,rho~0|repeat
INDRECDM,24.06130223292235,24.409497489729894,25.08234767458801,150,rho~0|repeat
INDRECDP,25.766094018884605,24.409497489729894,26.562722577421503,150,rho~0|repeat
IOER,13.4620932068764,17.564357437349944,17.463049258984043,150,rho~0|repeat
IORB,15.179879222877744,1.5469391091896387,16.0499312229628,150,rho~0|repeat
IORR,13.4620932068764,17.564357437349944,17.463049258984043,150,rho~0|repeat
IRLRECD,22.047459148355117,24.409497489729894,25.32274652868651,150,rho~0|repeat
IRLRECDM,22.047459148355117,24.409497489729894,25.32274652868651,150,rho~0|repeat
IRLRECDP,24.143522656192545,24.409497489729894,24.963065989741413,150,rho~0|repeat
ISRRECD,24.06130223292235,24.409497489729894,25.08234767458801,150,rho~0|repeat
ISRRECDM,24.06130223292235,24.409497489729894,25.08234767458801,150,rho~0|repeat
ISRRECDP,25.766094018884605,24.409497489729894,26.562722577421503,150,rho~0|repeat
ITARECD,22.047459148355117,24.409497489729894,25.32274652868651,150,rho~0|repeat
ITARECDM,22.047459148355117,24.409497489729894,25.32274652868651,150,rho~0|repeat
ITARECDP,24.143522656192545,24.409497489729894,24.963065989741413,150,rho~0|repeat
IUDSOIA,5.673397389370081,5.870169329587563,6.245624797707902,150,rho~0|mixed
IUDZLS6,7.408392244025675,4.881191411428642,9.123034925678656,150,rho<-0.2|repeat
IUDZLS7,8.321831699304989,2.905836134206358,11.266320310681456,150,rho<-0.2|repeat
IUDZLS8,7.833659445917804,2.67268974730898,10.514419062000243,150,rho<-0.2|repeat
IUDZLS9,8.957947058800759,3.5207761980692434,12.501243739626087,150,rho<-0.2|repeat
IUDZLT2,-9.468756942270042,-9.473589154940733,-9.427491350394932,150,rho<-0.2|cts
JPINTDUSDJPY,9.3159152018334,24.409497489729894,9.814405737392006,150,rho<-0.2|repeat
JPNRECD,22.047459148355117,24.409497489729894,25.32274652868651,150,rho~0|repeat
JPNRECDM,22.047459148355117,24.409497489729894,25.32274652868651,150,rho~0|repeat
JPNRECDP,24.143522656192545,24.409497489729894,24.963065989741413,150,rho~0|repeat
KCPRS,0.7294951966592585,0.4201678158185427,0.6075872684747623,150,rho<-0.2|cts
KCPRU,2.0128613919327467,1.7425438070634942,1.8268877365726046,150,rho0.05..0.2|cts
KCRORO,-1.3045396425067646,-1.4470597677612878,-1.381635712979775,150,rho<-0.2|cts
KCROROE,-1.4011356887958137,-1.597113331664847,-1.5179430589546694,150,rho<-0.2|cts
KCROROL,-0.5820802474061925,-0.5409641241552343,-0.5646986127813128,150,rho<-0.2|cts
KCROROS,-0.976737423635124,-0.991605536448029,-1.1201431906112327,150,rho<-0.2|cts
KORRECD,22.047459148355117,24.409497489729894,25.32274652868651,150,rho~0|repeat
KORRECDM,22.047459148355117,24.409497489729894,25.32274652868651,150,rho~0|repeat
KORRECDP,24.06130223292235,24.409497489729894,25.08234767458801,150,rho~0|repeat
LQTYSD678FRBCLE,5.558786482324635,2.6673532725549087,6.627542799060592,150,rho>0.2|mixed
LUXRECD,11.783057704952526,22.704371658426616,30.723133886016193,150,rho~0|repeat
LUXRECDM,11.783057704952526,22.704371658426616,30.723133886016193,150,rho~0|repeat
LUXRECDP,12.255123901463227,24.409497489729894,29.126493049100553,150,rho~0|repeat
MAJOR5ASIARECD,17.50560050959191,24.409497489729894,24.811084350494585,150,rho~0|repeat
MAJOR5ASIARECDM,17.933423249494492,24.409497489729894,25.238070659296934,150,rho~0|repeat
MAJOR5ASIARECDP,17.635247423772647,24.409497489729894,23.767987363411727,150,rho~0|repeat
MEXINTDUSD,-1.4847458938047657,-7.677113374047103,7.2359904305042635,150,rho<-0.2|repeat
MEXRECD,22.047459148355117,24.409497489729894,25.32274652868651,150,rho~0|repeat
MEXRECDM,22.047459148355117,24.409497489729894,25.32274652868651,150,rho~0|repeat
MEXRECDP,24.143522656192545,24.409497489729894,24.963065989741413,150,rho~0|repeat
MKT1020MKTAMT,-9.165397098082947,-9.15667435068359,-9.134599914781555,150,rho<-0.2|cts
MKT1020MKTVOL,-6.15479972676683,-6.220389294588914,-6.151929662164691,150,rho<-0.2|cts
MKT14MKTAMT,-10.527558891296708,-10.822583365888011,-10.522549510786416,150,rho<-0.2|cts
MKT14MKTVOL,-6.994189528511901,-7.158577725929714,-7.012191180807476,150,rho<-0.2|cts
MKT2140MKTAMT,-8.984659602926262,-9.142990073770711,-9.1990670286708,150,rho<-0.2|cts
MKT2140MKTVOL,-6.155296006720945,-6.3918102679222635,-6.311825210230768,150,rho<-0.2|cts
MKT4180MKTAMT,-8.603117598734887,-8.71028008215037,-8.779263037197211,150,rho<-0.2|cts
MKT4180MKTVOL,-5.807196452231368,-5.971444223556928,-5.954491267291005,150,rho<-0.2|cts
MKT59MKTAMT,-10.430500666801862,-10.364562671986327,-10.261011969418679,150,rho<-0.2|cts
MKT59MKTVOL,-6.973534441562029,-6.980725581384242,-6.7537732763868945,150,rho<-0.2|cts
MKTGT80MKTAMT,-9.597783757262754,-9.670984187512712,-9.666232938404976,150,rho<-0.2|cts
MKTGT80MKTVOL,-6.303641114404853,-6.4268818233315645,-6.363547672701509,150,rho<-0.2|cts
MSCRECD,13.214647495138054,-1.16738997981901,14.565532726945651,150,rho~0|repeat
MSCRECDM,13.828866997904003,-1.16738997981901,15.82789279950638,150,rho~0|repeat
MSCRECDP,13.817531934938172,-1.16738997981901,15.811545658638073,150,rho~0|repeat
NAFTARECD,21.090263873936497,24.409497489729894,26.50541747774897,150,rho~0|repeat
NAFTARECDM,22.047459148355117,24.409497489729894,25.32274652868651,150,rho~0|repeat
NAFTARECDP,24.143522656192545,24.409497489729894,24.963065989741413,150,rho~0|repeat
NDLRECD,22.047459148355117,24.409497489729894,25.32274652868651,150,rho~0|repeat
NDLRECDM,22.047459148355117,24.409497489729894,25.32274652868651,150,rho~0|repeat
NDLRECDP,24.143522656192545,24.409497489729894,24.963065989741413,150,rho~0|repeat
NONFIN1020A2P2AMT,-7.859337946430784,-8.079650550178046,-7.940830347198799,150,rho<-0.2|cts
NONFIN1020A2P2VOL,-5.253294794820535,-5.470249231011412,-5.374105271381668,150,rho<-0.2|cts
NONFIN1020AAAMT,-7.897641345103311,-7.764416888688636,-7.828912626114488,150,rho<-0.2|cts
NONFIN1020AAVOL,-4.613496029215534,-4.469625753364479,-4.553407183036026,150,rho<-0.2|mixed
NONFIN14A2P2AMT,-8.463951235697149,-8.823868661749138,-8.615482991064153,150,rho<-0.2|cts
NONFIN14A2P2VOL,-5.582954600167454,-5.926082541209537,-5.7068041087675505,150,rho<-0.2|cts
NONFIN14AAAMT,-9.322325606749395,-9.057400283154653,-9.111803480470172,150,rho<-0.2|cts
NONFIN14AAVOL,-5.810722307934748,-5.573654568811316,-5.602023348544401,150,rho-0.2..-0.05|cts
NONFIN2140A2P2AMT,-7.651361881104279,-7.924383936430447,-7.773119797248234,150,rho<-0.2|cts
NONFIN2140A2P2VOL,-5.303050350999444,-5.49801359634991,-5.343219711636415,150,rho<-0.2|cts
NONFIN2140AAAMT,-7.325424057868366,-7.199718147850895,-7.253710397615532,150,rho<-0.2|cts
NONFIN2140AAVOL,-4.010779514101055,-3.981008621024378,-4.038824524445169,150,rho<-0.2|cts
NONFIN4180A2P2AMT,-6.878358468213961,-6.847631383314415,-6.979673315425282,150,rho<-0.2|cts
NONFIN4180A2P2VOL,-4.730453802277464,-4.769475320921167,-4.790399961107319,150,rho<-0.2|cts
NONFIN4180AAAMT,-6.933996233020542,-7.089871121710338,-6.892007005960272,150,rho<-0.2|mixed
NONFIN4180AAVOL,-3.6318056544058512,-3.8570604417099936,-3.6397159060265896,150,rho<-0.2|mixed
NONFIN59A2P2AMT,-8.018702823381897,-8.137227080599331,-8.0571388758321,150,rho<-0.2|cts
NONFIN59A2P2VOL,-5.283297575000784,-5.4856562827098045,-5.315847257963469,150,rho<-0.2|cts
NONFIN59AAAMT,-9.142496887581988,-8.432517182538666,-8.539849357102424,150,rho<-0.2|cts
NONFIN59AAVOL,-5.397921532960004,-4.901152567855657,-5.073416206154362,150,rho<-0.2|mixed
NONFINGT80A2P2AMT,-8.038968899295918,-6.87257784154861,-7.413180233988943,150,rho<-0.2|mixed
NONFINGT80A2P2VOL,-4.539096735885403,-4.246656514314614,-4.34465778606757,150,rho<-0.2|mixed
NONFINGT80AAAMT,-5.253077388159473,-6.109665863926404,-4.604988702604537,150,rho<-0.2|repeat
NONFINGT80AAVOL,-2.050015065126137,-3.083984137313795,-1.446190367340895,150,rho<-0.2|repeat
NORRECD,14.928806911826065,12.473616670607045,18.430156604231197,150,rho~0|repeat
NORRECDM,15.766618828323077,17.588994164516805,19.408161416495,150,rho~0|repeat
NORRECDP,15.738293278058427,17.588994164516805,19.375840437027563,150,rho~0|repeat
OBFR,8.777668295219332,4.152519591376872,10.642671369106012,150,rho~0|repeat
OBFR1,6.195213312229485,3.401724450982911,6.901354059800675,150,rho-0.2..-0.05|repeat
OBFR25,8.71649796716512,3.9192697491717077,9.717556717657237,150,rho~0|repeat
OBFR75,9.51335916088848,4.212480872195889,12.183342303538465,150,rho~0|repeat
OBFR99,7.37664107869024,3.850764751706947,8.688049048529667,150,rho~0|repeat
OBFRVOL,1.0283268300623418,0.7183195191034266,1.059721463999262,150,rho<-0.2|cts
OBMMIC15YF,2.962423912214995,2.7425491468824994,2.795090544875423,150,rho<-0.2|cts
OBMMIC30YF,3.677146088246524,3.552899954853853,3.5496201705150185,150,rho0.05..0.2|cts
OBMMIC30YFLVGT80FB680A699,3.059451193278619,2.9564473820670916,2.952803397606876,150,rho<-0.2|cts
OBMMIC30YFLVGT80FB700A719,3.0802386758379545,2.9039098221120887,2.992027703441697,150,rho<-0.2|cts
OBMMIC30YFLVGT80FB720A739,3.2474734623357686,3.1651089744372616,3.156296789887623,150,rho-0.2..-0.05|cts
OBMMIC30YFLVGT80FGE740,3.5971668572143267,3.371502756059791,3.4689075916813468,150,rho0.05..0.2|cts
OBMMIC30YFLVGT80FLT680,2.859689650668666,2.7061459647950845,2.7095721819757275,150,rho<-0.2|cts
OBMMIC30YFLVLE80FB680A699,2.8586952069796854,2.6022246909365068,2.7843433661845562,150,rho<-0.2|cts
OBMMIC30YFLVLE80FB700A719,2.977467923163104,2.870937391371431,2.931241247436541,150,rho<-0.2|cts
OBMMIC30YFLVLE80FB720A739,3.10394171153972,2.9239381730501472,2.9516350476966067,150,rho<-0.2|cts
OBMMIC30YFLVLE80FGE740,3.6331432959315832,3.498858338884156,3.526875603896944,150,rho0.05..0.2|cts
OBMMIC30YFLVLE80FLT680,3.0392157168421297,2.9457281644540174,2.903877098764468,150,rho<-0.2|cts
OBMMIC30YFNA,3.4106375516032155,3.2253327449996982,3.1784732252055647,150,rho~0|cts
OBMMIFHA30YF,3.413450440796026,3.2579380966483873,3.253588108929299,150,rho-0.2..-0.05|cts
OBMMIJUMBO30YF,2.961712272693563,2.9176341025620047,2.844884368089911,150,rho<-0.2|cts
OBMMIUSDA30YF,2.9169914324979525,2.7443668778979253,2.722737312862675,150,rho<-0.2|cts
OBMMIVA30YF,3.250952270846294,3.009829949458262,3.0909618675061266,150,rho-0.2..-0.05|cts
OECDNMERECD,15.467806839098724,24.409497489729894,36.666995565805564,150,rho~0|repeat
OECDNMERECDM,15.467806839098724,24.409497489729894,36.666995565805564,150,rho~0|repeat
OECDNMERECDP,15.939727435736526,24.409497489729894,37.92937153609466,150,rho~0|repeat
OECDRECD,22.047459148355117,24.409497489729894,25.32274652868651,150,rho~0|repeat
OECDRECDM,22.047459148355117,24.409497489729894,25.32274652868651,150,rho~0|repeat
OECDRECDP,24.143522656192545,24.409497489729894,24.963065989741413,150,rho~0|repeat
POLRECD,12.431255374486993,-1.16738997981901,13.495106229504843,150,rho~0|repeat
POLRECDM,13.214647495138054,-1.16738997981901,14.565532726945651,150,rho~0|repeat
POLRECDP,13.194595410727187,-1.16738997981901,14.568361857225833,150,rho~0|repeat
PRTRECD,21.91583636792328,24.409497489729894,27.575837713348744,150,rho~0|repeat
PRTRECDM,21.526973726586025,24.409497489729894,26.93787968980563,150,rho~0|repeat
PRTRECDP,21.895357493800528,24.409497489729894,27.299243314908015,150,rho~0|repeat
RIFSPBLPND,15.69579706594032,2.1466858162276785,16.631509827806735,150,rho~0|repeat
RIFSPFFNB,10.408434042855914,4.601588289002338,15.434908277808502,150,rho~0|repeat
RIFSPPAAAD01NB,5.443088763183309,3.4131520103193997,5.733098971079957,150,rho~0|repeat
RIFSPPAAAD07NB,6.4665835283793545,3.7102712762667913,6.830556929655963,150,rho>0.2|mixed
RIFSPPAAAD15NB,4.365955544871942,3.312092683376794,4.275139809945197,150,rho>0.2|mixed
RIFSPPAAAD30NB,3.464897756636381,2.7899763980431755,3.399450479956717,150,rho~0|cts
RIFSPPAAAD60NB,3.9560959991576876,3.2959979294959094,3.736679652949266,150,rho0.05..0.2|mixed
RIFSPPAAAD90NB,4.147553442176566,3.1532885132316135,4.001800224941498,150,rho-0.2..-0.05|cts
RIFSPPFAAD01NB,7.324377889430079,3.5684835701744775,7.9579916091027645,150,rho~0|repeat
RIFSPPFAAD07NB,4.457706849425919,2.658831393385161,4.414151314251843,150,rho<-0.2|mixed
RIFSPPFAAD15NB,3.8967451708116423,3.0565207809037203,3.901574740287206,150,rho-0.2..-0.05|mixed
RIFSPPFAAD30NB,3.1147642401276094,2.729802051941469,2.9339110080988067,150,rho<-0.2|cts
RIFSPPFAAD60NB,2.5375096239196324,2.468995707975815,2.6315946377989268,150,rho<-0.2|cts
RIFSPPFAAD90NB,2.9522230406115817,2.6410133698837672,2.749953598682637,150,rho<-0.2|cts
RIFSPPNA2P2D01NB,5.995980153608834,3.3776805541476227,6.3613668825682606,150,rho0.05..0.2|mixed
RIFSPPNA2P2D07NB,3.9584168555128048,3.163114597382154,3.72552813364472,150,rho>0.2|cts
RIFSPPNA2P2D15NB,4.225553684548641,3.1833275836746076,4.109098242456105,150,rho>0.2|cts
RIFSPPNA2P2D30NB,3.9823102410699978,3.1722130724059006,3.8923121043049287,150,rho~0|cts
RIFSPPNA2P2D60NB,2.888175702727299,2.5262066551824844,2.825529339742476,150,rho<-0.2|cts
RIFSPPNA2P2D90NB,2.5712483296811834,2.3275993948505502,2.388528497371783,150,rho<-0.2|cts
RIFSPPNAAD01NB,3.634560269624086,2.6942418581379166,3.6981760017189944,150,rho~0|mixed
RIFSPPNAAD07NB,3.698997205406162,3.1458414679965867,3.565994913456198,150,rho<-0.2|mixed
RIFSPPNAAD15NB,3.966691611649682,3.1795607597802955,3.8703862458503946,150,rho<-0.2|mixed
RIFSPPNAAD30NB,3.719564447363589,2.9088874718196758,3.549997617479374,150,rho<-0.2|mixed
RIFSPPNAAD60NB,3.3301992049226916,2.650590842668143,3.220529639227195,150,rho<-0.2|mixed
RIFSPPNAAD90NB,3.6344652430038527,2.969800475461575,3.505021141908327,150,rho<-0.2|mixed
RIMLPAAARNB,3.0966653865194176,2.783006766347138,2.971134778227998,150,rho-0.2..-0.05|cts
RIMLPBAARNB,3.3490580877049494,3.1453844868091334,3.1618536384641325,150,rho-0.2..-0.05|cts
RMBSSD678FRBCLE,4.405525053331068,4.2301070830784875,4.207870804905191,150,rho>0.2|cts
RPAGYD,7.8575558649760735,5.096043594782624,9.153092265025299,150,rho<-0.2|repeat
RPMBSD,0.9129176538971107,2.3446233169068322,1.9639047142227954,150,rho<-0.2|repeat
RPONAGYD,7.894806078933534,5.098902758457166,9.192868389684433,150,rho<-0.2|repeat
RPONMBSD,0.9081943689884264,2.3491767250704787,1.9786252870130356,150,rho<-0.2|repeat
RPONTSYD,0.5247170136286352,1.8269548879983066,1.413494176684386,150,rho<-0.2|mixed
RPONTSYSAD,0.5247170136286352,1.8269548879983066,1.413494176684386,150,rho<-0.2|mixed
RPONTTLD,-0.6493172882992396,1.1480925482081434,0.5481384962304623,150,rho<-0.2|mixed
RPTSYD,0.5276389043892381,1.817863613077391,1.4023473553436983,150,rho<-0.2|mixed
RPTSYSAD,0.5276389043892381,1.817863613077391,1.4023473553436983,150,rho<-0.2|mixed
RPTTLD,-0.6472969960228915,1.1748241590512367,0.5681651200158048,150,rho<-0.2|mixed
RRPONTSYAWARD,11.373163615795667,0.18794498032216111,16.759618719688625,150,rho~0|repeat
RRPONTSYD,-3.2280269649942155,-2.487044630498099,-2.447493318574579,150,rho<-0.2|cts
RRPONTSYSAD,-3.2280269649942155,-2.487044630498099,-2.447493318574579,150,rho<-0.2|cts
RRPONTTLD,-3.2280266337407024,-2.487044630498099,-2.447491914888664,150,rho<-0.2|cts
RRPTSYD,-3.2280269649942155,-2.487044630498099,-2.447493318574579,150,rho<-0.2|cts
RRPTTLD,-3.2280266337407024,-2.487044630498099,-2.447491914888664,150,rho<-0.2|cts
RUSRECD,18.710850856984578,24.409497489729894,20.541372712355678,150,rho~0|repeat
RUSRECDM,18.68447646068244,24.409497489729894,20.501444606901718,150,rho~0|repeat
RUSRECDP,19.664445452858,24.409497489729894,20.829262908334066,150,rho~0|repeat
SMRKTD678FRBCLE,4.135847656951332,4.039613109307258,3.926407255540349,150,rho>0.2|cts
SOFR,3.7968540428719044,2.981431320582959,3.8751141146394206,150,rho~0|mixed
SOFR1,3.8258669345111653,2.4108886818171804,3.881654549598511,150,rho-0.2..-0.05|mixed
SOFR180DAYAVG,5.710483937354491,7.090516411622697,6.875689879602376,150,rho>0.2|cts
SOFR25,3.0174542126117845,4.283725045645229,3.0588830516126326,150,rho~0|repeat
SOFR30DAYAVG,5.512242501030316,5.7615805002478995,5.652351734071002,150,rho>0.2|cts
SOFR75,3.6517140691247922,2.92899167884973,3.668779105349281,150,rho~0|mixed
SOFR90DAYAVG,5.798864816255671,6.4839492432467845,6.324321364171102,150,rho>0.2|cts
SOFR99,3.662365048555276,3.182447511354521,3.7201050862830267,150,rho~0|mixed
SOFRINDEX,7.9787303936423,10.18754061186784,10.501950187955774,150,rho-0.2..-0.05|cts
SOFRVOL,2.590220437863821,2.5695609891897573,2.450414378270501,150,rho<-0.2|cts
SVKRECD,26.856539110824283,24.409497489729894,27.742447707964438,150,rho~0|repeat
SVKRECDM,26.856539110824283,24.409497489729894,27.742447707964438,150,rho~0|repeat
SVKRECDP,27.739372685253628,24.409497489729894,28.306656671836148,150,rho~0|repeat
SVNRECD,25.766094018884605,24.409497489729894,26.562722577421503,150,rho~0|repeat
SVNRECDM,25.766094018884605,24.409497489729894,26.562722577421503,150,rho~0|repeat
SVNRECDP,26.888755928965804,24.409497489729894,27.804930324448264,150,rho~0|repeat
SWERECD,24.06130223292235,24.409497489729894,25.08234767458801,150,rho~0|repeat
SWERECDM,24.06130223292235,24.409497489729894,25.08234767458801,150,rho~0|repeat
SWERECDP,25.766094018884605,24.409497489729894,26.562722577421503,150,rho~0|repeat
T10Y2Y,3.7218969497276513,2.191302606459706,3.7262973838379327,150,rho-0.2..-0.05|cts
T10Y3M,2.1507706928034174,1.4308595535385855,2.012440123466487,150,rho~0|cts
T10YFF,2.0240727069590445,1.248315644696456,1.8893325195186026,150,rho~0|cts
T10YIE,4.355687008323145,2.964459214666488,4.337106288342415,150,rho0.05..0.2|cts
T1YFF,2.839071175417852,2.7124275550585146,2.643070855538673,150,rho~0|cts
T3MFF,4.318047935608895,5.8786886097357485,4.387838356740047,150,rho~0|mixed
T5YFF,1.6824413719787046,1.2538855166718275,1.506465059702811,150,rho~0|cts
T5YIE,3.586836336136583,6.09097051970307,3.4724594670769866,150,rho0.05..0.2|cts
T5YIFR,3.760298021525344,2.7094591179912206,3.686295177995348,150,rho-0.2..-0.05|cts
T6MFF,4.203079427022035,9.4534176129605,4.229996619938775,150,rho~0|mixed
TEDRATE,2.7522949718027085,0.29079895244997633,3.078962512039363,150,rho<-0.2|cts
TGCR1STPERCENTILE,3.2857197490856676,3.6735340419763323,3.052889736375566,150,rho<-0.2|mixed
TGCR25THPERCENTILE,3.8017182066809245,2.7581311629334238,3.9033106950676197,150,rho~0|mixed
TGCR75THPERCENTILE,3.787743842816229,2.861220579836986,3.8516831858827283,150,rho~0|repeat
TGCR99THPERCENTILE,4.143371582607954,3.078733322954762,4.150261278763038,150,rho~0|mixed
TGCRRATE,3.714825949749635,2.7646056171159312,3.7090991402579325,150,rho~0|repeat
TGCRVOLUME,3.1416225773220803,2.9837506602922668,3.0467279047970144,150,rho-0.2..-0.05|cts
THREEFF1,1.9487554804734941,1.783243639470963,1.816346475061597,150,rho>0.2|cts
THREEFF10,3.6857363255599407,3.5471721780845415,3.6003806791378223,150,rho>0.2|cts
THREEFF2,3.089248416926666,2.9056883283904034,2.937721946773464,150,rho>0.2|cts
THREEFF3,3.125116920565705,2.9479586509384728,3.0098300323558935,150,rho>0.2|cts
THREEFF4,3.224439388268767,3.072051374057476,3.1748692511838965,150,rho>0.2|cts
THREEFF5,3.322006382605704,3.2035461595355157,3.284468283304272,150,rho>0.2|cts
THREEFF6,3.412697068598929,3.2766658770879067,3.366420019663144,150,rho>0.2|cts
THREEFF7,3.4884160860412923,3.366101965898496,3.43434007545061,150,rho>0.2|cts
THREEFF8,3.5666923155606423,3.425611468518344,3.4922137939741877,150,rho>0.2|cts
THREEFF9,3.6334951209840036,3.4846135008645454,3.550274190569697,150,rho>0.2|cts
THREEFFTP1,2.9589416563810413,2.7913520298351937,2.813245997837972,150,rho>0.2|cts
THREEFFTP10,2.405820395944548,2.3216219568285457,2.3481370899765506,150,rho>0.2|cts
THREEFFTP2,2.63744094616427,2.463477536737173,2.484162868796296,150,rho>0.2|cts
THREEFFTP3,2.5532294192046985,2.3705330983806534,2.4054487327382974,150,rho>0.2|cts
THREEFFTP4,2.5284843041872205,2.371845797588219,2.405392723501529,150,rho>0.2|cts
THREEFFTP5,2.515818505193207,2.364700765254583,2.4291635622162047,150,rho>0.2|cts
THREEFFTP6,2.496129266714485,2.3986120349128432,2.4219200551235027,150,rho>0.2|cts
THREEFFTP7,2.4763801159610934,2.3760407207929406,2.4339695160199537,150,rho>0.2|cts
THREEFFTP8,2.4573321920550995,2.3527454900886964,2.4315670441521884,150,rho>0.2|cts
THREEFFTP9,2.4274620908298834,2.3385830701129358,2.3888095887674483,150,rho>0.2|cts
THREEFY1,2.4194345857793715,2.2247188294333236,2.303730723076121,150,rho>0.2|cts
THREEFY10,3.411652473723194,3.26093453427999,3.353204949607787,150,rho0.05..0.2|cts
THREEFY2,3.39182338461305,3.1707019533450027,3.2756866633189268,150,rho>0.2|cts
THREEFY3,3.2853055737097976,3.083678553231186,3.142535107863189,150,rho>0.2|cts
THREEFY4,3.263228171078523,3.0759296765784407,3.114251160867455,150,rho>0.2|cts
THREEFY5,3.262817807956151,3.099156994985571,3.137058188323257,150,rho>0.2|cts
THREEFY6,3.2910594035686667,3.1317656841326356,3.1779428521554562,150,rho>0.2|cts
THREEFY7,3.316578563968804,3.129571424358179,3.2155651357534327,150,rho0.05..0.2|cts
THREEFY8,3.3448638789628684,3.170172514881961,3.278758371125693,150,rho0.05..0.2|cts
THREEFY9,3.3794352410294066,3.2294230067966465,3.3212174258800626,150,rho0.05..0.2|cts
THREEFYTP1,3.512445458244478,3.331797749406763,3.3565893282294157,150,rho>0.2|cts
THREEFYTP10,2.595099454351046,2.4664944722958033,2.512159343868189,150,rho>0.2|cts
THREEFYTP2,3.0675888901829937,2.892851143390257,2.925241932245354,150,rho>0.2|cts
THREEFYTP3,2.8801595100715014,2.7034915379778095,2.7428736705540975,150,rho>0.2|cts
THREEFYTP4,2.785082498358377,2.6007650816426704,2.6387966517036547,150,rho>0.2|cts
THREEFYTP5,2.726857427218997,2.5362863576828905,2.579641337908605,150,rho>0.2|cts
THREEFYTP6,2.6885064939793017,2.5092350306042945,2.551442769568836,150,rho>0.2|cts
THREEFYTP7,2.6589606428828745,2.5009168146380363,2.534936183225035,150,rho>0.2|cts
THREEFYTP8,2.6350620268508633,2.465036695804361,2.5217933153053496,150,rho>0.2|cts
THREEFYTP9,2.6129144505565307,2.4499571196972654,2.52299867702228,150,rho>0.2|cts
TRINTDEXR,24.822080272033347,24.409497489729894,26.109633541507765,150,rho<-0.2|repeat
TURRECD,24.06130223292235,24.409497489729894,25.08234767458801,150,rho~0|repeat
TURRECDM,24.06130223292235,24.409497489729894,25.08234767458801,150,rho~0|repeat
TURRECDP,25.766094018884605,24.409497489729894,26.562722577421503,150,rho~0|repeat
TYCSD678FRBCLE,5.4839374328649315,4.320922604597881,5.928228452698792,150,rho>0.2|mixed
USARECD,21.526973726586025,24.409497489729894,26.93787968980563,150,rho~0|repeat
USARECDM,24.06130223292235,24.409497489729894,25.08234767458801,150,rho~0|repeat
USARECDP,25.766094018884605,24.409497489729894,26.562722577421503,150,rho~0|repeat
USEPUINDXD,-0.5168183996441035,-0.7735815114658715,-0.7065076102372969,150,rho<-0.2|cts
VXTYN,1.1025198120429494,0.5960304375714003,1.013593313425143,150,rho-0.2..-0.05|cts
WDCD678FRBCLE,1.828876456865901,1.745469169539398,1.8897660727903933,150,rho>0.2|cts
ZAFRECD,17.09654520456476,24.409497489729894,34.203152243613005,150,rho~0|repeat
ZAFRECDM,17.09654520456476,24.409497489729894,34.203152243613005,150,rho~0|repeat
ZAFRECDP,18.494531341468527,24.409497489729894,31.186879584119918,150,rho~0|repeat
